======================================================================
   Black Russia Headless RakSAMP Bot Client [Multi-Account]   
======================================================================
[+] Загружено 69 сохраненных аккаунтов из accounts.json
[*] Запуск Telegram бота управления...
[+] Telegram бот управления успешно запущен!

[i] Найдено 69 сохраненных аккаунтов из accounts.json.

============================================================================================================================
ID   Никнейм            Сервер     ЛВЛ          Задача        Локация              Статус                 Прокси         
----------------------------------------------------------------------------------------------------------------------------
* 1  Moira_Amosov       TVER       -            lvl           -                    Остановлен             Свой IP        
  2  Millard_Remizov    TVER       -            lvl           -                    Остановлен             Свой IP        
  3  Sabine_Kovanko     TVER       -            lvl           -                    Остановлен             Свой IP        
  4  Curtisha_Nifontov  TVER       -            lvl           -                    Остановлен             Свой IP        
  5  Chancellor_Rasputin TVER       -            lvl           -                    Остановлен             Свой IP        
  6  Teryl_Chekushkin   TVER       -            lvl           -                    Остановлен             Свой IP        
  7  Jarad_Podoprygorov TVER       -            lvl           -                    Остановлен             Свой IP        
  8  Lamisha_Marjasin   TVER       -            lvl           -                    Остановлен             Свой IP        
  9  Elden_Pleshkov     TVER       -            lvl           -                    Остановлен             Свой IP        
  10 Alishea_Mavrov     TVER       -            lvl           -                    Остановлен             Свой IP        
  11 Meriam_Gorbatov    TVER       2 lvl        lvl           -                    Остановлен             Свой IP        
  12 Sha_Pismenskij     VORONEZH   1 lvl        lvl           -                    Остановлен             Свой IP        
  13 Tamaria_Vatutin    VORONEZH   1 lvl        lvl           -                    Остановлен             Свой IP        
  14 Antonette_Vetchinkin VORONEZH   1 lvl        lvl           -                    Остановлен             Свой IP        
  15 Lenise_Kustodiev   VORONEZH   -            lvl           -                    Остановлен             Свой IP        
  16 Juliette_Sadov     VORONEZH   -            lvl           -                    Остановлен             Свой IP        
  17 Memorie_Paramohin  IZHEVSK    1 lvl        lvl           -                    Остановлен             Свой IP        
  18 Cheresa_Balaboshin IZHEVSK    1 lvl        lvl           -                    Остановлен             Свой IP        
  19 Trudie_Pavushkov   IZHEVSK    1 lvl        lvl           -                    Остановлен             Свой IP        
  20 Daphna_Revokatov   IZHEVSK    1 lvl        lvl           -                    Остановлен             Свой IP        
  21 Antoinne_Melihov   IZHEVSK    -            lvl           -                    Остановлен             Свой IP        
  22 Melvina_Shafarenko IZHEVSK    -            lvl           -                    Остановлен             Свой IP        
  23 Denesha_Bannyj     IZHEVSK    -            lvl           -                    Остановлен             Свой IP        
  24 Shuntae_Burmin     NORILSK    -            lvl           -                    Остановлен             Свой IP        
  25 Alfonse_Ipatovcev  NORILSK    -            lvl           -                    Остановлен             Свой IP        
  26 Darik_Sapronov     NORILSK    -            lvl           -                    Остановлен             Свой IP        
  27 Thavy_Bitkov       NORILSK    -            lvl           -                    Остановлен             Свой IP        
  28 Desmon_Senektutin  NORILSK    -            lvl           -                    Остановлен             Свой IP        
  29 Mimi_Povarennyh    NORILSK    -            lvl           -                    Остановлен             Свой IP        
  30 Sylvana_Kalikin    NORILSK    -            lvl           -                    Остановлен             Свой IP        
  31 Jermiah_Kovalenok  NORILSK    -            lvl           -                    Остановлен             Свой IP        
  32 Timisha_Vadbolskij NORILSK    -            lvl           -                    Остановлен             Свой IP        
  33 Binh_Chajka        NORILSK    -            lvl           -                    Остановлен             Свой IP        
  34 Ronrico_Mogilevcev YAKUTSK    1 lvl        lvl           -                    Остановлен             Свой IP        
  35 Felicha_Tovkun     YAKUTSK    1 lvl        lvl           -                    Остановлен             Свой IP        
  36 Takeila_Trojnin    YAKUTSK    1 lvl        mine          -                    Остановлен             Свой IP        
  37 Kesley_Cheljukanov YAKUTSK    1 lvl        lvl           -                    Остановлен             Свой IP        
  38 Regino_Farber      YAKUTSK    1 lvl        lvl           -                    Остановлен             Свой IP        
  39 Aaisha_Vorotilin   YAKUTSK    -            lvl           -                    Остановлен             Свой IP       2026-09-27 08:33:26,636 (__init__.py:1154 TelegramBotPoll) ERROR - TeleBot: "Infinity polling exception: HTTPSConnectionPool(host='api.telegram.org', port=443): Max retries exceeded with url: /bot8815900502:***********************************/getMe (Caused by NewConnectionError("HTTPSConnection(host='api.telegram.org', port=443): Failed to establish a new connection: [Errno 101] Network is unreachable"))"
2026-09-27 08:33:26,648 (__init__.py:1156 TelegramBotPoll) ERROR - TeleBot: "Exception traceback:
Traceback (most recent call last):
  File "/data/data/com.termux/files/usr/lib/python3.14/site-packages/urllib3/connection.py", line 239, in _new_conn
    sock = connection.create_connection(
        (self._dns_host, self.port),
    ...<2 lines>...
        socket_options=self.socket_options,
    )
  File "/data/data/com.termux/files/usr/lib/python3.14/site-packages/urllib3/util/connection.py", line 85, in create_connection
    raise err
  File "/data/data/com.termux/files/usr/lib/python3.14/site-packages/urllib3/util/connection.py", line 73, in create_connection
    sock.connect(sa)
    ~~~~~~~~~~~~^^^^
OSError: [Errno 101] Network is unreachable

The above exception was the direct cause of the following exception:

Traceback (most recent call last):
  File "/data/data/com.termux/files/usr/lib/python3.14/site-packages/urllib3/connectionpool.py", line 793, in urlopen
    response = self._make_request(
        conn,
    ...<10 lines>...
        **response_kw,
    )
  File "/data/data/com.termux/files/usr/lib/python3.14/site-packages/urllib3/connectionpool.py", line 494, in _make_request
    raise new_e
  File "/data/data/com.termux/files/usr/lib/python3.14/site-packages/urllib3/connectionpool.py", line 470, in _make_request
    self._validate_conn(conn)
    ~~~~~~~~~~~~~~~~~~~^^^^^^
  File "/data/data/com.termux/files/usr/lib/python3.14/site-packages/urllib3/connectionpool.py", line 1125, in _validate_conn
    conn.connect()
    ~~~~~~~~~~~~^^
  File "/data/data/com.termux/files/usr/lib/python3.14/site-packages/urllib3/connection.py", line 827, in connect
    self.sock = sock = self._new_conn()
                       ~~~~~~~~~~~~~~^^
  File "/data/data/com.termux/files/usr/lib/python3.14/site-packages/urllib3/connection.py", line 254, in _new_conn
    raise NewConnectionError(
        self, f"Failed to establish a new connection: {e}"
    ) from e
urllib3.exceptions.NewConnectionError: HTTPSConnection(host='api.telegram.org', port=443): Failed to establish a new connection: [Errno 101] Network is unreachable

The above exception was the direct cause of the following exception:

Traceback (most recent call last):
  File "/data/data/com.termux/files/usr/lib/python3.14/site-packages/requests/adapters.py", line 696, in send
    resp = conn.urlopen(
        method=request.method,
    ...<9 lines>...
        chunked=chunked,
    )
  File "/data/data/com.termux/files/usr/lib/python3.14/site-packages/urllib3/connectionpool.py", line 847, in urlopen
    retries = retries.increment(
        method, url, error=new_e, _pool=self, _stacktrace=sys.exc_info()[2]
    )
  File "/data/data/com.termux/files/usr/lib/python3.14/site-packages/urllib3/util/retry.py", line 555, in increment
    raise MaxRetryError(_pool, url, reason) from reason  # type: ignore[arg-type]
    ^^^^^^^^^^^^^^^^^^^^^^^^^^^^^^^^^^^^^^^^^^^^^^^^^^^
urllib3.exceptions.MaxRetryError: HTTPSConnectionPool(host='api.telegram.org', port=443): Max retries exceeded with url: /bot8815900502:***********************************/getMe (Caused by NewConnectionError("HTTPSConnection(host='api.telegram.org', port=443): Failed to establish a new connection: [Errno 101] Network is unreachable"))

During handling of the above exception, another exception occurred:

Traceback (most recent call last):
  File "/data/data/com.termux/files/usr/lib/python3.14/site-packages/telebot/__init__.py", line 1149, in infinity_polling
    self.polling(non_stop=True, timeout=timeout, long_polling_timeout=long_polling_timeout,
    ~~~~~~~~~~~~^^^^^^^^^^^^^^^^^^^^^^^^^^^^^^^^^^^^^^^^^^^^^^^^^^^^^^^^^^^^^^^^^^^^^^^^^^^
                 logger_level=logger_level, allowed_updates=allowed_updates, restart_on_change=False,
                 ^^^^^^^^^^^^^^^^^^^^^^^^^^^^^^^^^^^^^^^^^^^^^^^^^^^^^^^^^^^^^^^^^^^^^^^^^^^^^^^^^^^^
                 *args, **kwargs)
                 ^^^^^^^^^^^^^^^^
  File "/data/data/com.termux/files/usr/lib/python3.14/site-packages/telebot/__init__.py", line 1234, in polling
    logger.info('Starting your bot with username: [@%s]', self.user.username)
                                                          ^^^^^^^^^
  File "/data/data/com.termux/files/usr/lib/python3.14/site-packages/telebot/__init__.py", line 309, in user
    self._user = self.get_me()
                 ~~~~~~~~~~~^^
  File "/data/data/com.termux/files/usr/lib/python3.14/site-packages/telebot/__init__.py", line 1421, in get_me
    apihelper.get_me(self.token)
    ~~~~~~~~~~~~~~~~^^^^^^^^^^^^
  File "/data/data/com.termux/files/usr/lib/python3.14/site-packages/telebot/apihelper.py", line 204, in get_me
    return _make_request(token, method_url)
  File "/data/data/com.termux/files/usr/lib/python3.14/site-packages/telebot/apihelper.py", line 162, in _make_request
    result = _get_req_session().request(
        method, request_url, params=params, files=files,
        timeout=(connect_timeout, read_timeout), proxies=proxy)
  File "/data/data/com.termux/files/usr/lib/python3.14/site-packages/requests/sessions.py", line 651, in request
    resp = self.send(prep, **send_kwargs)
  File "/data/data/com.termux/files/usr/lib/python3.14/site-packages/requests/sessions.py", line 784, in send
    r = adapter.send(request, **kwargs)
  File "/data/data/com.termux/files/usr/lib/python3.14/site-packages/requests/adapters.py", line 729, in send
    raise ConnectionError(e, request=request)
requests.exceptions.ConnectionError: HTTPSConnectionPool(host='api.telegram.org', port=443): Max retries exceeded with url: /bot8815900502:***********************************/getMe (Caused by NewConnectionError("HTTPSConnection(host='api.telegram.org', port=443): Failed to establish a new connection: [Errno 101] Network is unreachable"))
"
2026-09-27 08:33:42,656 (__init__.py:1154 TelegramBotPoll) ERROR - TeleBot: "Infinity polling exception: HTTPSConnectionPool(host='api.telegram.org', port=443): Max retries exceeded with url: /bot8815900502:***********************************/getMe (Caused by NewConnectionError("HTTPSConnection(host='api.telegram.org', port=443): Failed to establish a new connection: [Errno 101] Network is unreachable"))"
2026-09-27 08:33:42,687 (__init__.py:1156 TelegramBotPoll) ERROR - TeleBot: "Exception traceback:
Traceback (most recent call last):
  File "/data/data/com.termux/files/usr/lib/python3.14/site-packages/urllib3/connection.py", line 239, in _new_conn
    sock = connection.create_connection(
        (self._dns_host, self.port),
    ...<2 lines>...
        socket_options=self.socket_options,
    )
  File "/data/data/com.termux/files/usr/lib/python3.14/site-packages/urllib3/util/connection.py", line 85, in create_connection
    raise err
  File "/data/data/com.termux/files/usr/lib/python3.14/site-packages/urllib3/util/connection.py", line 73, in create_connection
    sock.connect(sa)
    ~~~~~~~~~~~~^^^^
OSError: [Errno 101] Network is unreachable

The above exception was the direct cause of the following exception:

Traceback (most recent call last):
  File "/data/data/com.termux/files/usr/lib/python3.14/site-packages/urllib3/connectionpool.py", line 793, in urlopen
    response = self._make_request(
        conn,
    ...<10 lines>...
        **response_kw,
    )
  File "/data/data/com.termux/files/usr/lib/python3.14/site-packages/urllib3/connectionpool.py", line 494, in _make_request
    raise new_e
  File "/data/data/com.termux/files/usr/lib/python3.14/site-packages/urllib3/connectionpool.py", line 470, in _make_request
    self._validate_conn(conn)
    ~~~~~~~~~~~~~~~~~~~^^^^^^
  File "/data/data/com.termux/files/usr/lib/python3.14/site-packages/urllib3/connectionpool.py", line 1125, in _validate_conn
    conn.connect()
    ~~~~~~~~~~~~^^
  File "/data/data/com.termux/files/usr/lib/python3.14/site-packages/urllib3/connection.py", line 827, in connect
    self.sock = sock = self._new_conn()
                       ~~~~~~~~~~~~~~^^
  File "/data/data/com.termux/files/usr/lib/python3.14/site-packages/urllib3/connection.py", line 254, in _new_conn
    raise NewConnectionError(
        self, f"Failed to establish a new connection: {e}"
    ) from e
urllib3.exceptions.NewConnectionError: HTTPSConnection(host='api.telegram.org', port=443): Failed to establish a new connection: [Errno 101] Network is unreachable

The above exception was the direct cause of the following exception:

Traceback (most recent call last):
  File "/data/data/com.termux/files/usr/lib/python3.14/site-packages/requests/adapters.py", line 696, in send
    resp = conn.urlopen(
        method=request.method,
    ...<9 lines>...
        chunked=chunked,
    )
  File "/data/data/com.termux/files/usr/lib/python3.14/site-packages/urllib3/connectionpool.py", line 847, in urlopen
    retries = retries.increment(
        method, url, error=new_e, _pool=self, _stacktrace=sys.exc_info()[2]
    )
  File "/data/data/com.termux/files/usr/lib/python3.14/site-packages/urllib3/util/retry.py", line 555, in increment
    raise MaxRetryError(_pool, url, reason) from reason  # type: ignore[arg-type]
    ^^^^^^^^^^^^^^^^^^^^^^^^^^^^^^^^^^^^^^^^^^^^^^^^^^^
urllib3.exceptions.MaxRetryError: HTTPSConnectionPool(host='api.telegram.org', port=443): Max retries exceeded with url: /bot8815900502:***********************************/getMe (Caused by NewConnectionError("HTTPSConnection(host='api.telegram.org', port=443): Failed to establish a new connection: [Errno 101] Network is unreachable"))

During handling of the above exception, another exception occurred:

Traceback (most recent call last):
  File "/data/data/com.termux/files/usr/lib/python3.14/site-packages/telebot/__init__.py", line 1149, in infinity_polling
    self.polling(non_stop=True, timeout=timeout, long_polling_timeout=long_polling_timeout,
    ~~~~~~~~~~~~^^^^^^^^^^^^^^^^^^^^^^^^^^^^^^^^^^^^^^^^^^^^^^^^^^^^^^^^^^^^^^^^^^^^^^^^^^^
                 logger_level=logger_level, allowed_updates=allowed_updates, restart_on_change=False,
                 ^^^^^^^^^^^^^^^^^^^^^^^^^^^^^^^^^^^^^^^^^^^^^^^^^^^^^^^^^^^^^^^^^^^^^^^^^^^^^^^^^^^^
                 *args, **kwargs)
                 ^^^^^^^^^^^^^^^^
  File "/data/data/com.termux/files/usr/lib/python3.14/site-packages/telebot/__init__.py", line 1234, in polling
    logger.info('Starting your bot with username: [@%s]', self.user.username)
                                                          ^^^^^^^^^
  File "/data/data/com.termux/files/usr/lib/python3.14/site-packages/telebot/__init__.py", line 309, in user
    self._user = self.get_me()
                 ~~~~~~~~~~~^^
  File "/data/data/com.termux/files/usr/lib/python3.14/site-packages/telebot/__init__.py", line 1421, in get_me
    apihelper.get_me(self.token)
    ~~~~~~~~~~~~~~~~^^^^^^^^^^^^
  File "/data/data/com.termux/files/usr/lib/python3.14/site-packages/telebot/apihelper.py", line 204, in get_me
    return _make_request(token, method_url)
  File "/data/data/com.termux/files/usr/lib/python3.14/site-packages/telebot/apihelper.py", line 162, in _make_request
    result = _get_req_session().request(
        method, request_url, params=params, files=files,
        timeout=(connect_timeout, read_timeout), proxies=proxy)
  File "/data/data/com.termux/files/usr/lib/python3.14/site-packages/requests/sessions.py", line 651, in request
    resp = self.send(prep, **send_kwargs)
  File "/data/data/com.termux/files/usr/lib/python3.14/site-packages/requests/sessions.py", line 784, in send
    r = adapter.send(request, **kwargs)
  File "/data/data/com.termux/files/usr/lib/python3.14/site-packages/requests/adapters.py", line 729, in send
    raise ConnectionError(e, request=request)
requests.exceptions.ConnectionError: HTTPSConnectionPool(host='api.telegram.org', port=443): Max retries exceeded with url: /bot8815900502:***********************************/getMe (Caused by NewConnectionError("HTTPSConnection(host='api.telegram.org', port=443): Failed to establish a new connection: [Errno 101] Network is unreachable"))
"
======================================================================
   Black Russia Headless RakSAMP Bot Client [Multi-Account]   
======================================================================
[+] Загружено 69 сохраненных аккаунтов из accounts.json
[*] Запуск Telegram бота управления...
[+] Telegram бот управления успешно запущен!

[i] Найдено 69 сохраненных аккаунтов из accounts.json.

============================================================================================================================
ID   Никнейм            Сервер     ЛВЛ          Задача        Локация              Статус                 Прокси         
----------------------------------------------------------------------------------------------------------------------------
* 1  Moira_Amosov       TVER       -            lvl           -                    Остановлен             Свой IP        
  2  Millard_Remizov    TVER       -            lvl           -                    Остановлен             Свой IP        
  3  Sabine_Kovanko     TVER       -            lvl           -                    Остановлен             Свой IP        
  4  Curtisha_Nifontov  TVER       -            lvl           -                    Остановлен             Свой IP        
  5  Chancellor_Rasputin TVER       -            lvl           -                    Остановлен             Свой IP        
  6  Teryl_Chekushkin   TVER       -            lvl           -                    Остановлен             Свой IP        
  7  Jarad_Podoprygorov TVER       -            lvl           -                    Остановлен             Свой IP        
  8  Lamisha_Marjasin   TVER       -            lvl           -                    Остановлен             Свой IP        
  9  Elden_Pleshkov     TVER       -            lvl           -                    Остановлен             Свой IP        
  10 Alishea_Mavrov     TVER       -            lvl           -                    Остановлен             Свой IP        
  11 Meriam_Gorbatov    TVER       2 lvl        lvl           -                    Остановлен             Свой IP        
  12 Sha_Pismenskij     VORONEZH   1 lvl        lvl           -                    Остановлен             Свой IP        
  13 Tamaria_Vatutin    VORONEZH   1 lvl        lvl           -                    Остановлен             Свой IP        
  14 Antonette_Vetchinkin VORONEZH   1 lvl        lvl           -                    Остановлен             Свой IP        
  15 Lenise_Kustodiev   VORONEZH   -            lvl           -                    Остановлен             Свой IP        
  16 Juliette_Sadov     VORONEZH   -            lvl           -                    Остановлен             Свой IP        
  17 Memorie_Paramohin  IZHEVSK    1 lvl        lvl           -                    Остановлен             Свой IP        
  18 Cheresa_Balaboshin IZHEVSK    1 lvl        lvl           -                    Остановлен             Свой IP        
  19 Trudie_Pavushkov   IZHEVSK    1 lvl        lvl           -                    Остановлен             Свой IP        
  20 Daphna_Revokatov   IZHEVSK    1 lvl        lvl           -                    Остановлен             Свой IP        
  21 Antoinne_Melihov   IZHEVSK    -            lvl           -                    Остановлен             Свой IP        
  22 Melvina_Shafarenko IZHEVSK    -            lvl           -                    Остановлен             Свой IP        
  23 Denesha_Bannyj     IZHEVSK    -            lvl           -                    Остановлен             Свой IP        
  24 Shuntae_Burmin     NORILSK    -            lvl           -                    Остановлен             Свой IP        
  25 Alfonse_Ipatovcev  NORILSK    -            lvl           -                    Остановлен             Свой IP        
  26 Darik_Sapronov     NORILSK    -            lvl           -                    Остановлен             Свой IP        
  27 Thavy_Bitkov       NORILSK    -            lvl           -                    Остановлен             Свой IP        
  28 Desmon_Senektutin  NORILSK    -            lvl           -                    Остановлен             Свой IP        
  29 Mimi_Povarennyh    NORILSK    -            lvl           -                    Остановлен             Свой IP        
  30 Sylvana_Kalikin    NORILSK    -            lvl           -                    Остановлен             Свой IP        
  31 Jermiah_Kovalenok  NORILSK    -            lvl           -                    Остановлен             Свой IP        
  32 Timisha_Vadbolskij NORILSK    -            lvl           -                    Остановлен             Свой IP        
  33 Binh_Chajka        NORILSK    -            lvl           -                    Остановлен             Свой IP        
  34 Ronrico_Mogilevcev YAKUTSK    1 lvl        lvl           -                    Остановлен             Свой IP        
  35 Felicha_Tovkun     YAKUTSK    1 lvl        lvl           -                    Остановлен             Свой IP        
  36 Takeila_Trojnin    YAKUTSK    1 lvl        mine          -                    Остановлен             Свой IP        
  37 Kesley_Cheljukanov YAKUTSK    1 lvl        lvl           -                    Остановлен             Свой IP        
  38 Regino_Farber      YAKUTSK    1 lvl        lvl           -                    Остановлен             Свой IP        
  39 Aaisha_Vorotilin   YAKUTSK    -            lvl           -                    Остановлен             Свой IP        
  40 Dedric_Malonosov   YAKUTSK    -            lvl           -                    Остановлен             Свой IP        
  41 Carlos_Aretinskij  VOLOGDA    1 lvl        lvl           -                    Остановлен             Свой IP        
  42 Shaquela_Kukshin   VOLOGDA    1 lvl        lvl           -                    Остановлен             Свой IP        
  43 Kenzie_Bezladnyj   VOLOGDA    1 lvl        lvl           -                    Остановлен             Свой IP        
  44 Laquida_Devjatov   VOLOGDA    1 lvl        lvl           -                    Остановлен             Свой IP        
  45 Monchell_Shalgunov VOLOGDA    1 lvl        lvl           -                    Остановлен             Свой IP        
  46 Shequila_Poplavskij PENZA      2 lvl        lvl           -                    Остановлен             Свой IP        
  47 Serah_Shank        PENZA      -            lvl           -                    Остановлен             Свой IP        
  48 Thara_Jakunikov    PENZA      -            lvl           -                    Остановлен             Свой IP        
  49 Crystalrose_Azerniko PENZA      1 lvl        lvl           -                    Остановлен             Свой IP        
  50 Melitza_Shulepnikov KEMEROVO   2 lvl        lvl           -                    Остановлен             Свой IP        
  51 Dartanian_Grabarev BRATSK     2 lvl        lvl           -                    Остановлен             Свой IP        
  52 Terina_Hvostunov   BRATSK     1 lvl        lvl           -                    Остановлен             Свой IP        
  53 Joelene_Lambert    BRATSK     1 lvl        lvl           -                    Остановлен             Свой IP        
  54 Halima_Fastkin     KEMEROVO   2 lvl        lvl           -                    Остановлен             Свой IP        
  55 Demaris_Storozhev  KEMEROVO   1 lvl        lvl           -                    Остановлен             Свой IP        
  56 Leonda_Bjalyj      BRATSK     -            lvl           -                    Остановлен             Свой IP        
  57 Khia_Dimurov       BRATSK     1 lvl        lvl           -                    Остановлен             Свой IP        
  58 Lyndse_Akbarov     TOMSK      1 lvl        lvl           -                    Остановлен             Свой IP        
  59 Kayln_Kudrjavchikov TOMSK      1 lvl        lvl           -                    Остановлен             Свой IP        
  60 Malynda_Efimov     TOMSK      1 lvl        lvl           -                    Остановлен             Свой IP        
  61 Kennia_Tararyshkin KOSTROMA   1 lvl        lvl           -                    Остановлен             Свой IP        
  62 Yancy_Zvezdochkin  KOSTROMA   1 lvl        lvl           -                    Остановлен             Свой IP        
  63 Sherilynn_Andrusov OREL       -            lvl           -                    Остановлен             Свой IP        
  64 Ambre_Addie        OREL       -            lvl           -                    Остановлен             Свой IP        
  65 Janett_Adamson     YAROSLAVL  1 lvl        lvl           -                    Остановлен             Свой IP        
  66 Karlesha_Stanchuk  YAROSLAVL  -            lvl           -                    Остановлен             Свой IP        
  67 Genia_Timowenko    YAROSLAVL  -            lvl           -                    Остановлен             Свой IP        
  68 Darrius_Mamaj      YAROSLAVL  1 lvl        lvl           -                    Остановлен             Свой IP        
  69 Brittnee_Elchev    BELGOROD   -            lvl           -                    Остановлен             Свой IP        
============================================================================================================================
[*] Активный бот для команд: #1 [Moira_Amosov]

Введите /startall чтобы запустить всех, или /menu для перехода в меню.


====================== УПРАВЛЕНИЕ МУЛЬТИБОТОМ ======================
  /menu             - Главное меню управления аккаунтами и задачами
  /list             - Список всех ботов, серверов, паролей и статусов
  /startall         - Запустить всех доступных ботов (Кнопка 'Старт всех')
  /start <ID|1,2,3> - Запустить бота или нескольких через запятую
  /stopall          - Остановить всех ботов
  /stop <ID|1,2,3>  - Остановить бота или нескольких через запятую
  /batch <сервер> <кол-во> <пароль> - Создать пачку ботов с авто-никами на качку LVL
  /add <сервер> <ник> <пароль>      - Добавить аккаунт вручную
  /task <lvl|quest|mine|factory|bus|stop> [ID] - Назначить задачу боту
  /switch <ID>      - Выбрать активного бота для консольных команд
  /logs [ID]        - Посмотреть последние логи бота
  /unban <ID>       - Снять статус бана с аккаунта
  /del <ID>         - Удалить бота из списка и accounts.json
  /stream           - Вкл/выкл живой вывод логов активного бота в консоль
  /q                - Выход и остановка всех ботов

--- Команды для активного бота ---
  /chat <текст>     - Отправить сообщение в чат
  /<команда>        - Любая серверная команда (например /time, /stats, /mm)
  /dialog <id> <кнопка> [список] [текст] - Ответить в диалог
====================================================================

[*] Режим фоновой работы с Telegram-ботом активен. Ожидание команд из Telegram...
[+] Бот #11 [Meriam_Gorbatov] запускается...
[HTTP UA] generated for current session: Dalvik/2.1.0 (Linux; U; Android 12; kk-KZ; SM-A545M Build/SQ3A.221213.029)
[HTTP] pre-ping start | reason=before OPEN_CONNECTION_REQUEST 1/5 | target=80.66.82.23:80 | Host=tver.blackrussia.online | route=direct | UA=Dalvik/2.1.0 (Linux; U; Android 12; kk-KZ; SM-A545M Build/SQ3A.221213.029)
[HTTP] pre-ping done | target=80.66.82.23:80 | Host=tver.blackrussia.online | route=direct | bytes=297
[!] Ошибка сохранения /data/data/com.termux/files/home/blackrussia/accounts.json: [Errno 2] No such file or directory: '/data/data/com.termux/files/home/blackrussia/accounts.json.tmp' -> '/data/data/com.termux/files/home/blackrussia/accounts.json'
[+] Бот #17 [Memorie_Paramohin] запускается...
[HTTP UA] generated for current session: Dalvik/2.1.0 (Linux; U; Android 15; ru-RU; 2238921G Build/BP1A.260219.090)
[HTTP] pre-ping start | reason=before OPEN_CONNECTION_REQUEST 1/5 | target=80.66.82.20:80 | Host=izhevsk.blackrussia.online | route=direct | UA=Dalvik/2.1.0 (Linux; U; Android 15; ru-RU; 2238921G Build/BP1A.260219.090)
[HTTP] pre-ping done | target=80.66.82.20:80 | Host=izhevsk.blackrussia.online | route=direct | bytes=297
[+] Бот #18 [Cheresa_Balaboshin] запускается...
[HTTP UA] generated for current session: Dalvik/2.1.0 (Linux; U; Android 14; uk-UA; Pixel 9 Build/UP1A.241020.023)
[HTTP] pre-ping start | reason=before OPEN_CONNECTION_REQUEST 1/5 | target=80.66.82.20:80 | Host=izhevsk.blackrussia.online | route=direct | UA=Dalvik/2.1.0 (Linux; U; Android 14; uk-UA; Pixel 9 Build/UP1A.241020.023)
[HTTP] pre-ping done | target=80.66.82.20:80 | Host=izhevsk.blackrussia.online | route=direct | bytes=297
[+] Бот #19 [Trudie_Pavushkov] запускается...
[HTTP UA] generated for current session: Dalvik/2.1.0 (Linux; U; Android 15; ru-RU; CPH2425 Build/AP3A.241017.045)
[HTTP] pre-ping start | reason=before OPEN_CONNECTION_REQUEST 1/5 | target=80.66.82.20:80 | Host=izhevsk.blackrussia.online | route=direct | UA=Dalvik/2.1.0 (Linux; U; Android 15; ru-RU; CPH2425 Build/AP3A.241017.045)
[HTTP] pre-ping done | target=80.66.82.20:80 | Host=izhevsk.blackrussia.online | route=direct | bytes=297
[HTTP UA] generated for current session: Dalvik/2.1.0 (Linux; U; Android 12; kk-KZ; CPH2530 Build/SP1A.221102.015)
[HTTP] pre-ping start | reason=before OPEN_CONNECTION_REQUEST 1/5 | target=80.66.82.20:80 | Host=izhevsk.blackrussia.online | route=direct | UA=Dalvik/2.1.0 (Linux; U; Android 12; kk-KZ; CPH2530 Build/SP1A.221102.015)
[HTTP] pre-ping done | target=80.66.82.20:80 | Host=izhevsk.blackrussia.online | route=direct | bytes=297
[HTTP UA] generated for current session: Dalvik/2.1.0 (Linux; U; Android 15; ru-RU; POCO C7 Build/AP3A.250116.063)
[HTTP] pre-ping start | reason=before OPEN_CONNECTION_REQUEST 1/5 | target=80.66.82.20:80 | Host=izhevsk.blackrussia.online | route=direct | UA=Dalvik/2.1.0 (Linux; U; Android 15; ru-RU; POCO C7 Build/AP3A.250116.063)
[HTTP] pre-ping done | target=80.66.82.20:80 | Host=izhevsk.blackrussia.online | route=direct | bytes=297
[HTTP UA] generated for current session: Dalvik/2.1.0 (Linux; U; Android 12; ru-RU; Pixel 6 Build/SQ3A.220225.085)
[HTTP] pre-ping start | reason=before OPEN_CONNECTION_REQUEST 1/5 | target=80.66.82.20:80 | Host=izhevsk.blackrussia.online | route=direct | UA=Dalvik/2.1.0 (Linux; U; Android 12; ru-RU; Pixel 6 Build/SQ3A.220225.085)
[HTTP] pre-ping done | target=80.66.82.20:80 | Host=izhevsk.blackrussia.online | route=direct | bytes=297
[HTTP UA] generated for current session: Dalvik/2.1.0 (Linux; U; Android 13; en-US; POCO C5 Pro Build/TQ3A.231121.069)
[HTTP] pre-ping start | reason=before OPEN_CONNECTION_REQUEST 1/5 | target=80.66.82.20:80 | Host=izhevsk.blackrussia.online | route=direct | UA=Dalvik/2.1.0 (Linux; U; Android 13; en-US; POCO C5 Pro Build/TQ3A.231121.069)
[HTTP] pre-ping done | target=80.66.82.20:80 | Host=izhevsk.blackrussia.online | route=direct | bytes=297
[HTTP UA] generated for current session: Dalvik/2.1.0 (Linux; U; Android 14; ru-RU; SM-A146M Build/UQ1A.240826.067)
[HTTP] pre-ping start | reason=before OPEN_CONNECTION_REQUEST 1/5 | target=80.66.82.20:80 | Host=izhevsk.blackrussia.online | route=direct | UA=Dalvik/2.1.0 (Linux; U; Android 14; ru-RU; SM-A146M Build/UQ1A.240826.067)
[HTTP] pre-ping done | target=80.66.82.20:80 | Host=izhevsk.blackrussia.online | route=direct | bytes=297
[*] Бот #18 [Cheresa_Balaboshin] удален из списка и accounts.json.
[HTTP UA] generated for current session: Dalvik/2.1.0 (Linux; U; Android 15; en-US; SM-S901B Build/AP3A.260607.024)
[HTTP] pre-ping start | reason=before OPEN_CONNECTION_REQUEST 1/5 | target=80.66.82.20:80 | Host=izhevsk.blackrussia.online | route=direct | UA=Dalvik/2.1.0 (Linux; U; Android 15; en-US; SM-S901B Build/AP3A.260607.024)
[HTTP] pre-ping done | target=80.66.82.20:80 | Host=izhevsk.blackrussia.online | route=direct | bytes=297
[HTTP UA] generated for current session: Dalvik/2.1.0 (Linux; U; Android 15; uk-UA; RMX3470 Build/BP1A.240821.068)
[HTTP] pre-ping start | reason=before OPEN_CONNECTION_REQUEST 1/5 | target=80.66.82.20:80 | Host=izhevsk.blackrussia.online | route=direct | UA=Dalvik/2.1.0 (Linux; U; Android 15; uk-UA; RMX3470 Build/BP1A.240821.068)
[*] Бот #17 [Memorie_Paramohin] удален из списка и accounts.json.
[HTTP] pre-ping failed | target=80.66.82.20:80 | Host=izhevsk.blackrussia.online | route=direct | reason=before OPEN_CONNECTION_REQUEST 1/5 | timed out
[HTTP UA] generated for current session: Dalvik/2.1.0 (Linux; U; Android 12; en-US; POCO M5 Pro Build/SP1A.220421.002)
[HTTP] pre-ping start | reason=before OPEN_CONNECTION_REQUEST 1/5 | target=80.66.82.20:80 | Host=izhevsk.blackrussia.online | route=direct | UA=Dalvik/2.1.0 (Linux; U; Android 12; en-US; POCO M5 Pro Build/SP1A.220421.002)
[HTTP] pre-ping done | target=80.66.82.20:80 | Host=izhevsk.blackrussia.online | route=direct | bytes=297
[*] Бот #19 [Trudie_Pavushkov] удален из списка и accounts.json.
[+] Бот #20 [Daphna_Revokatov] запускается...
[HTTP UA] generated for current session: Dalvik/2.1.0 (Linux; U; Android 12; uk-UA; POCO X5 GT Build/SP1A.220625.008)
[HTTP] pre-ping start | reason=before OPEN_CONNECTION_REQUEST 1/5 | target=80.66.82.20:80 | Host=izhevsk.blackrussia.online | route=direct | UA=Dalvik/2.1.0 (Linux; U; Android 12; uk-UA; POCO X5 GT Build/SP1A.220625.008)
[HTTP] pre-ping done | target=80.66.82.20:80 | Host=izhevsk.blackrussia.online | route=direct | bytes=297
[HTTP] pre-ping start | reason=before OPEN_CONNECTION_REQUEST 2/5 | target=80.66.82.20:80 | Host=izhevsk.blackrussia.online | route=direct | UA=Dalvik/2.1.0 (Linux; U; Android 12; uk-UA; POCO X5 GT Build/SP1A.220625.008)
[HTTP] pre-ping done | target=80.66.82.20:80 | Host=izhevsk.blackrussia.online | route=direct | bytes=297
[HTTP] pre-ping start | reason=before OPEN_CONNECTION_REQUEST 3/5 | target=80.66.82.20:80 | Host=izhevsk.blackrussia.online | route=direct | UA=Dalvik/2.1.0 (Linux; U; Android 12; uk-UA; POCO X5 GT Build/SP1A.220625.008)
[HTTP] pre-ping done | target=80.66.82.20:80 | Host=izhevsk.blackrussia.online | route=direct | bytes=297
[HTTP] pre-ping start | reason=before OPEN_CONNECTION_REQUEST 4/5 | target=80.66.82.20:80 | Host=izhevsk.blackrussia.online | route=direct | UA=Dalvik/2.1.0 (Linux; U; Android 12; uk-UA; POCO X5 GT Build/SP1A.220625.008)
[HTTP] pre-ping done | target=80.66.82.20:80 | Host=izhevsk.blackrussia.online | route=direct | bytes=297
[HTTP] pre-ping start | reason=before OPEN_CONNECTION_REQUEST 5/5 | target=80.66.82.20:80 | Host=izhevsk.blackrussia.online | route=direct | UA=Dalvik/2.1.0 (Linux; U; Android 12; uk-UA; POCO X5 GT Build/SP1A.220625.008)
[HTTP] pre-ping done | target=80.66.82.20:80 | Host=izhevsk.blackrussia.online | route=direct | bytes=297
[HTTP UA] generated for current session: Dalvik/2.1.0 (Linux; U; Android 13; en-US; Pixel 6 Build/TP1A.231026.094)
[HTTP] pre-ping start | reason=before OPEN_CONNECTION_REQUEST 1/5 | target=80.66.82.20:80 | Host=izhevsk.blackrussia.online | route=direct | UA=Dalvik/2.1.0 (Linux; U; Android 13; en-US; Pixel 6 Build/TP1A.231026.094)
[+] Бот #21 [Antoinne_Melihov] запускается...
[HTTP UA] generated for current session: Dalvik/2.1.0 (Linux; U; Android 13; 241146RN01I Build/TQ3A.221126.045)
[HTTP] pre-ping start | reason=before OPEN_CONNECTION_REQUEST 1/5 | target=80.66.82.20:80 | Host=izhevsk.blackrussia.online | route=direct | UA=Dalvik/2.1.0 (Linux; U; Android 13; 241146RN01I Build/TQ3A.221126.045)
[HTTP] pre-ping done | target=80.66.82.20:80 | Host=izhevsk.blackrussia.online | route=direct | bytes=297
[HTTP] pre-ping done | target=80.66.82.20:80 | Host=izhevsk.blackrussia.online | route=direct | bytes=297
[*] Бот #21 [Antoinne_Melihov] удален из списка и accounts.json.
[HTTP UA] generated for current session: Dalvik/2.1.0 (Linux; U; Android 15; uk-UA; CPH2545 Build/BP1A.251127.050)
[HTTP] pre-ping start | reason=before OPEN_CONNECTION_REQUEST 1/5 | target=80.66.82.20:80 | Host=izhevsk.blackrussia.online | route=direct | UA=Dalvik/2.1.0 (Linux; U; Android 15; uk-UA; CPH2545 Build/BP1A.251127.050)
[HTTP] pre-ping done | target=80.66.82.20:80 | Host=izhevsk.blackrussia.online | route=direct | bytes=297
[HTTP UA] generated for current session: Dalvik/2.1.0 (Linux; U; Android 13; uk-UA; 2404633C Build/TQ3A.230308.089)
[HTTP] pre-ping start | reason=before OPEN_CONNECTION_REQUEST 1/5 | target=80.66.82.20:80 | Host=izhevsk.blackrussia.online | route=direct | UA=Dalvik/2.1.0 (Linux; U; Android 13; uk-UA; 2404633C Build/TQ3A.230308.089)
[HTTP] pre-ping done | target=80.66.82.20:80 | Host=izhevsk.blackrussia.online | route=direct | bytes=297
[*] Бот #20 [Daphna_Revokatov] удален из списка и accounts.json.
[+] Бот #22 [Melvina_Shafarenko] запускается...
[HTTP UA] generated for current session: Dalvik/2.1.0 (Linux; U; Android 13; uk-UA; Pixel 8a Build/TP1A.231111.023)
[HTTP] pre-ping start | reason=before OPEN_CONNECTION_REQUEST 1/5 | target=80.66.82.20:80 | Host=izhevsk.blackrussia.online | route=direct | UA=Dalvik/2.1.0 (Linux; U; Android 13; uk-UA; Pixel 8a Build/TP1A.231111.023)
[HTTP] pre-ping done | target=80.66.82.20:80 | Host=izhevsk.blackrussia.online | route=direct | bytes=297
[HTTP] pre-ping start | reason=before OPEN_CONNECTION_REQUEST 2/5 | target=80.66.82.20:80 | Host=izhevsk.blackrussia.online | route=direct | UA=Dalvik/2.1.0 (Linux; U; Android 13; uk-UA; Pixel 8a Build/TP1A.231111.023)
[HTTP] pre-ping done | target=80.66.82.20:80 | Host=izhevsk.blackrussia.online | route=direct | bytes=297
[HTTP] pre-ping start | reason=before OPEN_CONNECTION_REQUEST 3/5 | target=80.66.82.20:80 | Host=izhevsk.blackrussia.online | route=direct | UA=Dalvik/2.1.0 (Linux; U; Android 13; uk-UA; Pixel 8a Build/TP1A.231111.023)
[HTTP] pre-ping done | target=80.66.82.20:80 | Host=izhevsk.blackrussia.online | route=direct | bytes=297
2026-09-27 08:36:42,349 (__init__.py:1154 TelegramBotPoll) ERROR - TeleBot: "Infinity polling exception: ('Connection aborted.', ConnectionResetError(104, 'Connection reset by peer'))"
2026-09-27 08:36:42,378 (__init__.py:1156 TelegramBotPoll) ERROR - TeleBot: "Exception traceback:
Traceback (most recent call last):
  File "/data/data/com.termux/files/usr/lib/python3.14/site-packages/urllib3/connectionpool.py", line 793, in urlopen
    response = self._make_request(
        conn,
    ...<10 lines>...
        **response_kw,
    )
  File "/data/data/com.termux/files/usr/lib/python3.14/site-packages/urllib3/connectionpool.py", line 540, in _make_request
    response = conn.getresponse()
  File "/data/data/com.termux/files/usr/lib/python3.14/site-packages/urllib3/connection.py", line 638, in getresponse
    httplib_response = super().getresponse()
  File "/data/data/com.termux/files/usr/lib/python3.14/http/client.py", line 1459, in getresponse
    response.begin()
    ~~~~~~~~~~~~~~^^
  File "/data/data/com.termux/files/usr/lib/python3.14/http/client.py", line 336, in begin
    version, status, reason = self._read_status()
                              ~~~~~~~~~~~~~~~~~^^
  File "/data/data/com.termux/files/usr/lib/python3.14/http/client.py", line 297, in _read_status
    line = str(self.fp.readline(_MAXLINE + 1), "iso-8859-1")
               ~~~~~~~~~~~~~~~~^^^^^^^^^^^^^^
  File "/data/data/com.termux/files/usr/lib/python3.14/socket.py", line 729, in readinto
    return self._sock.recv_into(b)
           ~~~~~~~~~~~~~~~~~~~~^^^
  File "/data/data/com.termux/files/usr/lib/python3.14/ssl.py", line 1304, in recv_into
    return self.read(nbytes, buffer)
           ~~~~~~~~~^^^^^^^^^^^^^^^^
  File "/data/data/com.termux/files/usr/lib/python3.14/ssl.py", line 1138, in read
    return self._sslobj.read(len, buffer)
           ~~~~~~~~~~~~~~~~~^^^^^^^^^^^^^
ConnectionResetError: [Errno 104] Connection reset by peer

During handling of the above exception, another exception occurred:

Traceback (most recent call last):
  File "/data/data/com.termux/files/usr/lib/python3.14/site-packages/requests/adapters.py", line 696, in send
    resp = conn.urlopen(
        method=request.method,
    ...<9 lines>...
        chunked=chunked,
    )
  File "/data/data/com.termux/files/usr/lib/python3.14/site-packages/urllib3/connectionpool.py", line 847, in urlopen
    retries = retries.increment(
        method, url, error=new_e, _pool=self, _stacktrace=sys.exc_info()[2]
    )
  File "/data/data/com.termux/files/usr/lib/python3.14/site-packages/urllib3/util/retry.py", line 510, in increment
    raise reraise(type(error), error, _stacktrace)
          ~~~~~~~^^^^^^^^^^^^^^^^^^^^^^^^^^^^^^^^^
  File "/data/data/com.termux/files/usr/lib/python3.14/site-packages/urllib3/util/util.py", line 38, in reraise
    raise value.with_traceback(tb)
  File "/data/data/com.termux/files/usr/lib/python3.14/site-packages/urllib3/connectionpool.py", line 793, in urlopen
    response = self._make_request(
        conn,
    ...<10 lines>...
        **response_kw,
    )
  File "/data/data/com.termux/files/usr/lib/python3.14/site-packages/urllib3/connectionpool.py", line 540, in _make_request
    response = conn.getresponse()
  File "/data/data/com.termux/files/usr/lib/python3.14/site-packages/urllib3/connection.py", line 638, in getresponse
    httplib_response = super().getresponse()
  File "/data/data/com.termux/files/usr/lib/python3.14/http/client.py", line 1459, in getresponse
    response.begin()
    ~~~~~~~~~~~~~~^^
  File "/data/data/com.termux/files/usr/lib/python3.14/http/client.py", line 336, in begin
    version, status, reason = self._read_status()
                              ~~~~~~~~~~~~~~~~~^^
  File "/data/data/com.termux/files/usr/lib/python3.14/http/client.py", line 297, in _read_status
    line = str(self.fp.readline(_MAXLINE + 1), "iso-8859-1")
               ~~~~~~~~~~~~~~~~^^^^^^^^^^^^^^
  File "/data/data/com.termux/files/usr/lib/python3.14/socket.py", line 729, in readinto
    return self._sock.recv_into(b)
           ~~~~~~~~~~~~~~~~~~~~^^^
  File "/data/data/com.termux/files/usr/lib/python3.14/ssl.py", line 1304, in recv_into
    return self.read(nbytes, buffer)
           ~~~~~~~~~^^^^^^^^^^^^^^^^
  File "/data/data/com.termux/files/usr/lib/python3.14/ssl.py", line 1138, in read
    return self._sslobj.read(len, buffer)
           ~~~~~~~~~~~~~~~~~^^^^^^^^^^^^^
urllib3.exceptions.ProtocolError: ('Connection aborted.', ConnectionResetError(104, 'Connection reset by peer'))

During handling of the above exception, another exception occurred:

Traceback (most recent call last):
  File "/data/data/com.termux/files/usr/lib/python3.14/site-packages/telebot/__init__.py", line 1149, in infinity_polling
    self.polling(non_stop=True, timeout=timeout, long_polling_timeout=long_polling_timeout,
    ~~~~~~~~~~~~^^^^^^^^^^^^^^^^^^^^^^^^^^^^^^^^^^^^^^^^^^^^^^^^^^^^^^^^^^^^^^^^^^^^^^^^^^^
                 logger_level=logger_level, allowed_updates=allowed_updates, restart_on_change=False,
                 ^^^^^^^^^^^^^^^^^^^^^^^^^^^^^^^^^^^^^^^^^^^^^^^^^^^^^^^^^^^^^^^^^^^^^^^^^^^^^^^^^^^^
                 *args, **kwargs)
                 ^^^^^^^^^^^^^^^^
  File "/data/data/com.termux/files/usr/lib/python3.14/site-packages/telebot/__init__.py", line 1237, in polling
    self.__threaded_polling(non_stop=non_stop, interval=interval, timeout=timeout, long_polling_timeout=long_polling_timeout,
    ~~~~~~~~~~~~~~~~~~~~~~~^^^^^^^^^^^^^^^^^^^^^^^^^^^^^^^^^^^^^^^^^^^^^^^^^^^^^^^^^^^^^^^^^^^^^^^^^^^^^^^^^^^^^^^^^^^^^^^^^^
                            logger_level=logger_level, allowed_updates=allowed_updates)
                            ^^^^^^^^^^^^^^^^^^^^^^^^^^^^^^^^^^^^^^^^^^^^^^^^^^^^^^^^^^^
  File "/data/data/com.termux/files/usr/lib/python3.14/site-packages/telebot/__init__.py", line 1312, in __threaded_polling
    raise e
  File "/data/data/com.termux/files/usr/lib/python3.14/site-packages/telebot/__init__.py", line 1273, in __threaded_polling
    polling_thread.raise_exceptions()
    ~~~~~~~~~~~~~~~~~~~~~~~~~~~~~~~^^
  File "/data/data/com.termux/files/usr/lib/python3.14/site-packages/telebot/util.py", line 116, in raise_exceptions
    raise self.exception_info
  File "/data/data/com.termux/files/usr/lib/python3.14/site-packages/telebot/util.py", line 98, in run
    task(*args, **kwargs)
    ~~~~^^^^^^^^^^^^^^^^^
  File "/data/data/com.termux/files/usr/lib/python3.14/site-packages/telebot/__init__.py", line 691, in __retrieve_updates
    updates = self.get_updates(offset=(self.last_update_id + 1),
                               allowed_updates=allowed_updates,
                               timeout=timeout, long_polling_timeout=long_polling_timeout)
  File "/data/data/com.termux/files/usr/lib/python3.14/site-packages/telebot/__init__.py", line 663, in get_updates
    json_updates = apihelper.get_updates(
        self.token, offset=offset, limit=limit, timeout=timeout, allowed_updates=allowed_updates,
        long_polling_timeout=long_polling_timeout)
  File "/data/data/com.termux/files/usr/lib/python3.14/site-packages/telebot/apihelper.py", line 382, in get_updates
    return _make_request(token, method_url, params=payload)
  File "/data/data/com.termux/files/usr/lib/python3.14/site-packages/telebot/apihelper.py", line 162, in _make_request
    result = _get_req_session().request(
        method, request_url, params=params, files=files,
        timeout=(connect_timeout, read_timeout), proxies=proxy)
  File "/data/data/com.termux/files/usr/lib/python3.14/site-packages/requests/sessions.py", line 651, in request
    resp = self.send(prep, **send_kwargs)
  File "/data/data/com.termux/files/usr/lib/python3.14/site-packages/requests/sessions.py", line 784, in send
    r = adapter.send(request, **kwargs)
  File "/data/data/com.termux/files/usr/lib/python3.14/site-packages/requests/adapters.py", line 711, in send
    raise ConnectionError(err, request=request)
requests.exceptions.ConnectionError: ('Connection aborted.', ConnectionResetError(104, 'Connection reset by peer'))
"
2026-09-27 08:36:58,093 (__init__.py:1154 TelegramBotPoll) ERROR - TeleBot: "Infinity polling exception: ('Connection aborted.', ConnectionResetError(104, 'Connection reset by peer'))"
2026-09-27 08:36:58,132 (__init__.py:1156 TelegramBotPoll) ERROR - TeleBot: "Exception traceback:
Traceback (most recent call last):
  File "/data/data/com.termux/files/usr/lib/python3.14/site-packages/urllib3/connectionpool.py", line 793, in urlopen
    response = self._make_request(
        conn,
    ...<10 lines>...
        **response_kw,
    )
  File "/data/data/com.termux/files/usr/lib/python3.14/site-packages/urllib3/connectionpool.py", line 540, in _make_request
    response = conn.getresponse()
  File "/data/data/com.termux/files/usr/lib/python3.14/site-packages/urllib3/connection.py", line 638, in getresponse
    httplib_response = super().getresponse()
  File "/data/data/com.termux/files/usr/lib/python3.14/http/client.py", line 1459, in getresponse
    response.begin()
    ~~~~~~~~~~~~~~^^
  File "/data/data/com.termux/files/usr/lib/python3.14/http/client.py", line 336, in begin
    version, status, reason = self._read_status()
                              ~~~~~~~~~~~~~~~~~^^
  File "/data/data/com.termux/files/usr/lib/python3.14/http/client.py", line 297, in _read_status
    line = str(self.fp.readline(_MAXLINE + 1), "iso-8859-1")
               ~~~~~~~~~~~~~~~~^^^^^^^^^^^^^^
  File "/data/data/com.termux/files/usr/lib/python3.14/socket.py", line 729, in readinto
    return self._sock.recv_into(b)
           ~~~~~~~~~~~~~~~~~~~~^^^
  File "/data/data/com.termux/files/usr/lib/python3.14/ssl.py", line 1304, in recv_into
    return self.read(nbytes, buffer)
           ~~~~~~~~~^^^^^^^^^^^^^^^^
  File "/data/data/com.termux/files/usr/lib/python3.14/ssl.py", line 1138, in read
    return self._sslobj.read(len, buffer)
           ~~~~~~~~~~~~~~~~~^^^^^^^^^^^^^
ConnectionResetError: [Errno 104] Connection reset by peer

During handling of the above exception, another exception occurred:

Traceback (most recent call last):
  File "/data/data/com.termux/files/usr/lib/python3.14/site-packages/requests/adapters.py", line 696, in send
    resp = conn.urlopen(
        method=request.method,
    ...<9 lines>...
        chunked=chunked,
    )
  File "/data/data/com.termux/files/usr/lib/python3.14/site-packages/urllib3/connectionpool.py", line 847, in urlopen
    retries = retries.increment(
        method, url, error=new_e, _pool=self, _stacktrace=sys.exc_info()[2]
    )
  File "/data/data/com.termux/files/usr/lib/python3.14/site-packages/urllib3/util/retry.py", line 510, in increment
    raise reraise(type(error), error, _stacktrace)
          ~~~~~~~^^^^^^^^^^^^^^^^^^^^^^^^^^^^^^^^^
  File "/data/data/com.termux/files/usr/lib/python3.14/site-packages/urllib3/util/util.py", line 38, in reraise
    raise value.with_traceback(tb)
  File "/data/data/com.termux/files/usr/lib/python3.14/site-packages/urllib3/connectionpool.py", line 793, in urlopen
    response = self._make_request(
        conn,
    ...<10 lines>...
        **response_kw,
    )
  File "/data/data/com.termux/files/usr/lib/python3.14/site-packages/urllib3/connectionpool.py", line 540, in _make_request
    response = conn.getresponse()
  File "/data/data/com.termux/files/usr/lib/python3.14/site-packages/urllib3/connection.py", line 638, in getresponse
    httplib_response = super().getresponse()
  File "/data/data/com.termux/files/usr/lib/python3.14/http/client.py", line 1459, in getresponse
    response.begin()
    ~~~~~~~~~~~~~~^^
  File "/data/data/com.termux/files/usr/lib/python3.14/http/client.py", line 336, in begin
    version, status, reason = self._read_status()
                              ~~~~~~~~~~~~~~~~~^^
  File "/data/data/com.termux/files/usr/lib/python3.14/http/client.py", line 297, in _read_status
    line = str(self.fp.readline(_MAXLINE + 1), "iso-8859-1")
               ~~~~~~~~~~~~~~~~^^^^^^^^^^^^^^
  File "/data/data/com.termux/files/usr/lib/python3.14/socket.py", line 729, in readinto
    return self._sock.recv_into(b)
           ~~~~~~~~~~~~~~~~~~~~^^^
  File "/data/data/com.termux/files/usr/lib/python3.14/ssl.py", line 1304, in recv_into
    return self.read(nbytes, buffer)
           ~~~~~~~~~^^^^^^^^^^^^^^^^
  File "/data/data/com.termux/files/usr/lib/python3.14/ssl.py", line 1138, in read
    return self._sslobj.read(len, buffer)
           ~~~~~~~~~~~~~~~~~^^^^^^^^^^^^^
urllib3.exceptions.ProtocolError: ('Connection aborted.', ConnectionResetError(104, 'Connection reset by peer'))

During handling of the above exception, another exception occurred:

Traceback (most recent call last):
  File "/data/data/com.termux/files/usr/lib/python3.14/site-packages/telebot/__init__.py", line 1149, in infinity_polling
    self.polling(non_stop=True, timeout=timeout, long_polling_timeout=long_polling_timeout,
    ~~~~~~~~~~~~^^^^^^^^^^^^^^^^^^^^^^^^^^^^^^^^^^^^^^^^^^^^^^^^^^^^^^^^^^^^^^^^^^^^^^^^^^^
                 logger_level=logger_level, allowed_updates=allowed_updates, restart_on_change=False,
                 ^^^^^^^^^^^^^^^^^^^^^^^^^^^^^^^^^^^^^^^^^^^^^^^^^^^^^^^^^^^^^^^^^^^^^^^^^^^^^^^^^^^^
                 *args, **kwargs)
                 ^^^^^^^^^^^^^^^^
  File "/data/data/com.termux/files/usr/lib/python3.14/site-packages/telebot/__init__.py", line 1237, in polling
    self.__threaded_polling(non_stop=non_stop, interval=interval, timeout=timeout, long_polling_timeout=long_polling_timeout,
    ~~~~~~~~~~~~~~~~~~~~~~~^^^^^^^^^^^^^^^^^^^^^^^^^^^^^^^^^^^^^^^^^^^^^^^^^^^^^^^^^^^^^^^^^^^^^^^^^^^^^^^^^^^^^^^^^^^^^^^^^^
                            logger_level=logger_level, allowed_updates=allowed_updates)
                            ^^^^^^^^^^^^^^^^^^^^^^^^^^^^^^^^^^^^^^^^^^^^^^^^^^^^^^^^^^^
  File "/data/data/com.termux/files/usr/lib/python3.14/site-packages/telebot/__init__.py", line 1312, in __threaded_polling
    raise e
  File "/data/data/com.termux/files/usr/lib/python3.14/site-packages/telebot/__init__.py", line 1273, in __threaded_polling
    polling_thread.raise_exceptions()
    ~~~~~~~~~~~~~~~~~~~~~~~~~~~~~~~^^
  File "/data/data/com.termux/files/usr/lib/python3.14/site-packages/telebot/util.py", line 116, in raise_exceptions
    raise self.exception_info
  File "/data/data/com.termux/files/usr/lib/python3.14/site-packages/telebot/util.py", line 98, in run
    task(*args, **kwargs)
    ~~~~^^^^^^^^^^^^^^^^^
  File "/data/data/com.termux/files/usr/lib/python3.14/site-packages/telebot/__init__.py", line 691, in __retrieve_updates
    updates = self.get_updates(offset=(self.last_update_id + 1),
                               allowed_updates=allowed_updates,
                               timeout=timeout, long_polling_timeout=long_polling_timeout)
  File "/data/data/com.termux/files/usr/lib/python3.14/site-packages/telebot/__init__.py", line 663, in get_updates
    json_updates = apihelper.get_updates(
        self.token, offset=offset, limit=limit, timeout=timeout, allowed_updates=allowed_updates,
        long_polling_timeout=long_polling_timeout)
  File "/data/data/com.termux/files/usr/lib/python3.14/site-packages/telebot/apihelper.py", line 382, in get_updates
    return _make_request(token, method_url, params=payload)
  File "/data/data/com.termux/files/usr/lib/python3.14/site-packages/telebot/apihelper.py", line 162, in _make_request
    result = _get_req_session().request(
        method, request_url, params=params, files=files,
        timeout=(connect_timeout, read_timeout), proxies=proxy)
  File "/data/data/com.termux/files/usr/lib/python3.14/site-packages/requests/sessions.py", line 651, in request
    resp = self.send(prep, **send_kwargs)
  File "/data/data/com.termux/files/usr/lib/python3.14/site-packages/requests/sessions.py", line 784, in send
    r = adapter.send(request, **kwargs)
  File "/data/data/com.termux/files/usr/lib/python3.14/site-packages/requests/adapters.py", line 711, in send
    raise ConnectionError(err, request=request)
requests.exceptions.ConnectionError: ('Connection aborted.', ConnectionResetError(104, 'Connection reset by peer'))
"
[!] Ошибка сохранения /data/data/com.termux/files/home/blackrussia/accounts.json: [Errno 2] No such file or directory: '/data/data/com.termux/files/home/blackrussia/accounts.json.tmp' -> '/data/data/com.termux/files/home/blackrussia/accounts.json'
[+] Бот #23 [Denesha_Bannyj] запускается...
[HTTP UA] generated for current session: Dalvik/2.1.0 (Linux; U; Android 14; ru-RU; 241126RN20A Build/UQ1A.250627.014)
[HTTP] pre-ping start | reason=before OPEN_CONNECTION_REQUEST 1/5 | target=80.66.82.20:80 | Host=izhevsk.blackrussia.online | route=direct | UA=Dalvik/2.1.0 (Linux; U; Android 14; ru-RU; 241126RN20A Build/UQ1A.250627.014)
[HTTP UA] generated for current session: Dalvik/2.1.0 (Linux; U; Android 12; CPH2438 Build/SQ3A.210929.033)
[HTTP] pre-ping start | reason=before OPEN_CONNECTION_REQUEST 1/5 | target=80.66.82.20:80 | Host=izhevsk.blackrussia.online | route=direct | UA=Dalvik/2.1.0 (Linux; U; Android 12; CPH2438 Build/SQ3A.210929.033)
[HTTP UA] generated for current session: Dalvik/2.1.0 (Linux; U; Android 14; Pixel 6 Pro Build/UP1A.231119.015)
[HTTP] pre-ping start | reason=before OPEN_CONNECTION_REQUEST 1/5 | target=80.66.82.23:80 | Host=tver.blackrussia.online | route=direct | UA=Dalvik/2.1.0 (Linux; U; Android 14; Pixel 6 Pro Build/UP1A.231119.015)
[HTTP] pre-ping done | target=80.66.82.20:80 | Host=izhevsk.blackrussia.online | route=direct | bytes=297
[HTTP] pre-ping done | target=80.66.82.23:80 | Host=tver.blackrussia.online | route=direct | bytes=297
[!] Ошибка сохранения /data/data/com.termux/files/home/blackrussia/accounts.json: [Errno 2] No such file or directory: '/data/data/com.termux/files/home/blackrussia/accounts.json.tmp' -> '/data/data/com.termux/files/home/blackrussia/accounts.json'
[HTTP] pre-ping failed | target=80.66.82.20:80 | Host=izhevsk.blackrussia.online | route=direct | reason=before OPEN_CONNECTION_REQUEST 1/5 | timed out
[HTTP] pre-ping start | reason=before OPEN_CONNECTION_REQUEST 2/5 | target=80.66.82.20:80 | Host=izhevsk.blackrussia.online | route=direct | UA=Dalvik/2.1.0 (Linux; U; Android 12; CPH2438 Build/SQ3A.210929.033)
[!] Ошибка сохранения /data/data/com.termux/files/home/blackrussia/accounts.json: [Errno 2] No such file or directory: '/data/data/com.termux/files/home/blackrussia/accounts.json.tmp' -> '/data/data/com.termux/files/home/blackrussia/accounts.json'
[HTTP] pre-ping done | target=80.66.82.20:80 | Host=izhevsk.blackrussia.online | route=direct | bytes=297
2026-09-27 08:37:29,729 (__init__.py:1154 TelegramBotPoll) ERROR - TeleBot: "Infinity polling exception: ('Connection aborted.', ConnectionResetError(104, 'Connection reset by peer'))"
2026-09-27 08:37:29,758 (__init__.py:1156 TelegramBotPoll) ERROR - TeleBot: "Exception traceback:
Traceback (most recent call last):
  File "/data/data/com.termux/files/usr/lib/python3.14/site-packages/urllib3/connectionpool.py", line 793, in urlopen
    response = self._make_request(
        conn,
    ...<10 lines>...
        **response_kw,
    )
  File "/data/data/com.termux/files/usr/lib/python3.14/site-packages/urllib3/connectionpool.py", line 540, in _make_request
    response = conn.getresponse()
  File "/data/data/com.termux/files/usr/lib/python3.14/site-packages/urllib3/connection.py", line 638, in getresponse
    httplib_response = super().getresponse()
  File "/data/data/com.termux/files/usr/lib/python3.14/http/client.py", line 1459, in getresponse
    response.begin()
    ~~~~~~~~~~~~~~^^
  File "/data/data/com.termux/files/usr/lib/python3.14/http/client.py", line 336, in begin
    version, status, reason = self._read_status()
                              ~~~~~~~~~~~~~~~~~^^
  File "/data/data/com.termux/files/usr/lib/python3.14/http/client.py", line 297, in _read_status
    line = str(self.fp.readline(_MAXLINE + 1), "iso-8859-1")
               ~~~~~~~~~~~~~~~~^^^^^^^^^^^^^^
  File "/data/data/com.termux/files/usr/lib/python3.14/socket.py", line 729, in readinto
    return self._sock.recv_into(b)
           ~~~~~~~~~~~~~~~~~~~~^^^
  File "/data/data/com.termux/files/usr/lib/python3.14/ssl.py", line 1304, in recv_into
    return self.read(nbytes, buffer)
           ~~~~~~~~~^^^^^^^^^^^^^^^^
  File "/data/data/com.termux/files/usr/lib/python3.14/ssl.py", line 1138, in read
    return self._sslobj.read(len, buffer)
           ~~~~~~~~~~~~~~~~~^^^^^^^^^^^^^
ConnectionResetError: [Errno 104] Connection reset by peer

During handling of the above exception, another exception occurred:

Traceback (most recent call last):
  File "/data/data/com.termux/files/usr/lib/python3.14/site-packages/requests/adapters.py", line 696, in send
    resp = conn.urlopen(
        method=request.method,
    ...<9 lines>...
        chunked=chunked,
    )
  File "/data/data/com.termux/files/usr/lib/python3.14/site-packages/urllib3/connectionpool.py", line 847, in urlopen
    retries = retries.increment(
        method, url, error=new_e, _pool=self, _stacktrace=sys.exc_info()[2]
    )
  File "/data/data/com.termux/files/usr/lib/python3.14/site-packages/urllib3/util/retry.py", line 510, in increment
    raise reraise(type(error), error, _stacktrace)
          ~~~~~~~^^^^^^^^^^^^^^^^^^^^^^^^^^^^^^^^^
  File "/data/data/com.termux/files/usr/lib/python3.14/site-packages/urllib3/util/util.py", line 38, in reraise
    raise value.with_traceback(tb)
  File "/data/data/com.termux/files/usr/lib/python3.14/site-packages/urllib3/connectionpool.py", line 793, in urlopen
    response = self._make_request(
        conn,
    ...<10 lines>...
        **response_kw,
    )
  File "/data/data/com.termux/files/usr/lib/python3.14/site-packages/urllib3/connectionpool.py", line 540, in _make_request
    response = conn.getresponse()
  File "/data/data/com.termux/files/usr/lib/python3.14/site-packages/urllib3/connection.py", line 638, in getresponse
    httplib_response = super().getresponse()
  File "/data/data/com.termux/files/usr/lib/python3.14/http/client.py", line 1459, in getresponse
    response.begin()
    ~~~~~~~~~~~~~~^^
  File "/data/data/com.termux/files/usr/lib/python3.14/http/client.py", line 336, in begin
    version, status, reason = self._read_status()
                              ~~~~~~~~~~~~~~~~~^^
  File "/data/data/com.termux/files/usr/lib/python3.14/http/client.py", line 297, in _read_status
    line = str(self.fp.readline(_MAXLINE + 1), "iso-8859-1")
               ~~~~~~~~~~~~~~~~^^^^^^^^^^^^^^
  File "/data/data/com.termux/files/usr/lib/python3.14/socket.py", line 729, in readinto
    return self._sock.recv_into(b)
           ~~~~~~~~~~~~~~~~~~~~^^^
  File "/data/data/com.termux/files/usr/lib/python3.14/ssl.py", line 1304, in recv_into
    return self.read(nbytes, buffer)
           ~~~~~~~~~^^^^^^^^^^^^^^^^
  File "/data/data/com.termux/files/usr/lib/python3.14/ssl.py", line 1138, in read
    return self._sslobj.read(len, buffer)
           ~~~~~~~~~~~~~~~~~^^^^^^^^^^^^^
urllib3.exceptions.ProtocolError: ('Connection aborted.', ConnectionResetError(104, 'Connection reset by peer'))

During handling of the above exception, another exception occurred:

Traceback (most recent call last):
  File "/data/data/com.termux/files/usr/lib/python3.14/site-packages/telebot/__init__.py", line 1149, in infinity_polling
    self.polling(non_stop=True, timeout=timeout, long_polling_timeout=long_polling_timeout,
    ~~~~~~~~~~~~^^^^^^^^^^^^^^^^^^^^^^^^^^^^^^^^^^^^^^^^^^^^^^^^^^^^^^^^^^^^^^^^^^^^^^^^^^^
                 logger_level=logger_level, allowed_updates=allowed_updates, restart_on_change=False,
                 ^^^^^^^^^^^^^^^^^^^^^^^^^^^^^^^^^^^^^^^^^^^^^^^^^^^^^^^^^^^^^^^^^^^^^^^^^^^^^^^^^^^^
                 *args, **kwargs)
                 ^^^^^^^^^^^^^^^^
  File "/data/data/com.termux/files/usr/lib/python3.14/site-packages/telebot/__init__.py", line 1237, in polling
    self.__threaded_polling(non_stop=non_stop, interval=interval, timeout=timeout, long_polling_timeout=long_polling_timeout,
    ~~~~~~~~~~~~~~~~~~~~~~~^^^^^^^^^^^^^^^^^^^^^^^^^^^^^^^^^^^^^^^^^^^^^^^^^^^^^^^^^^^^^^^^^^^^^^^^^^^^^^^^^^^^^^^^^^^^^^^^^^
                            logger_level=logger_level, allowed_updates=allowed_updates)
                            ^^^^^^^^^^^^^^^^^^^^^^^^^^^^^^^^^^^^^^^^^^^^^^^^^^^^^^^^^^^
  File "/data/data/com.termux/files/usr/lib/python3.14/site-packages/telebot/__init__.py", line 1312, in __threaded_polling
    raise e
  File "/data/data/com.termux/files/usr/lib/python3.14/site-packages/telebot/__init__.py", line 1273, in __threaded_polling
    polling_thread.raise_exceptions()
    ~~~~~~~~~~~~~~~~~~~~~~~~~~~~~~~^^
  File "/data/data/com.termux/files/usr/lib/python3.14/site-packages/telebot/util.py", line 116, in raise_exceptions
    raise self.exception_info
  File "/data/data/com.termux/files/usr/lib/python3.14/site-packages/telebot/util.py", line 98, in run
    task(*args, **kwargs)
    ~~~~^^^^^^^^^^^^^^^^^
  File "/data/data/com.termux/files/usr/lib/python3.14/site-packages/telebot/__init__.py", line 691, in __retrieve_updates
    updates = self.get_updates(offset=(self.last_update_id + 1),
                               allowed_updates=allowed_updates,
                               timeout=timeout, long_polling_timeout=long_polling_timeout)
  File "/data/data/com.termux/files/usr/lib/python3.14/site-packages/telebot/__init__.py", line 663, in get_updates
    json_updates = apihelper.get_updates(
        self.token, offset=offset, limit=limit, timeout=timeout, allowed_updates=allowed_updates,
        long_polling_timeout=long_polling_timeout)
  File "/data/data/com.termux/files/usr/lib/python3.14/site-packages/telebot/apihelper.py", line 382, in get_updates
    return _make_request(token, method_url, params=payload)
  File "/data/data/com.termux/files/usr/lib/python3.14/site-packages/telebot/apihelper.py", line 162, in _make_request
    result = _get_req_session().request(
        method, request_url, params=params, files=files,
        timeout=(connect_timeout, read_timeout), proxies=proxy)
  File "/data/data/com.termux/files/usr/lib/python3.14/site-packages/requests/sessions.py", line 651, in request
    resp = self.send(prep, **send_kwargs)
  File "/data/data/com.termux/files/usr/lib/python3.14/site-packages/requests/sessions.py", line 784, in send
    r = adapter.send(request, **kwargs)
  File "/data/data/com.termux/files/usr/lib/python3.14/site-packages/requests/adapters.py", line 711, in send
    raise ConnectionError(err, request=request)
requests.exceptions.ConnectionError: ('Connection aborted.', ConnectionResetError(104, 'Connection reset by peer'))
"
2026-09-27 08:37:46,367 (__init__.py:1154 TelegramBotPoll) ERROR - TeleBot: "Infinity polling exception: ('Connection aborted.', ConnectionResetError(104, 'Connection reset by peer'))"
2026-09-27 08:37:46,398 (__init__.py:1156 TelegramBotPoll) ERROR - TeleBot: "Exception traceback:
Traceback (most recent call last):
  File "/data/data/com.termux/files/usr/lib/python3.14/site-packages/urllib3/connectionpool.py", line 793, in urlopen
    response = self._make_request(
        conn,
    ...<10 lines>...
        **response_kw,
    )
  File "/data/data/com.termux/files/usr/lib/python3.14/site-packages/urllib3/connectionpool.py", line 540, in _make_request
    response = conn.getresponse()
  File "/data/data/com.termux/files/usr/lib/python3.14/site-packages/urllib3/connection.py", line 638, in getresponse
    httplib_response = super().getresponse()
  File "/data/data/com.termux/files/usr/lib/python3.14/http/client.py", line 1459, in getresponse
    response.begin()
    ~~~~~~~~~~~~~~^^
  File "/data/data/com.termux/files/usr/lib/python3.14/http/client.py", line 336, in begin
    version, status, reason = self._read_status()
                              ~~~~~~~~~~~~~~~~~^^
  File "/data/data/com.termux/files/usr/lib/python3.14/http/client.py", line 297, in _read_status
    line = str(self.fp.readline(_MAXLINE + 1), "iso-8859-1")
               ~~~~~~~~~~~~~~~~^^^^^^^^^^^^^^
  File "/data/data/com.termux/files/usr/lib/python3.14/socket.py", line 729, in readinto
    return self._sock.recv_into(b)
           ~~~~~~~~~~~~~~~~~~~~^^^
  File "/data/data/com.termux/files/usr/lib/python3.14/ssl.py", line 1304, in recv_into
    return self.read(nbytes, buffer)
           ~~~~~~~~~^^^^^^^^^^^^^^^^
  File "/data/data/com.termux/files/usr/lib/python3.14/ssl.py", line 1138, in read
    return self._sslobj.read(len, buffer)
           ~~~~~~~~~~~~~~~~~^^^^^^^^^^^^^
ConnectionResetError: [Errno 104] Connection reset by peer

During handling of the above exception, another exception occurred:

Traceback (most recent call last):
  File "/data/data/com.termux/files/usr/lib/python3.14/site-packages/requests/adapters.py", line 696, in send
    resp = conn.urlopen(
        method=request.method,
    ...<9 lines>...
        chunked=chunked,
    )
  File "/data/data/com.termux/files/usr/lib/python3.14/site-packages/urllib3/connectionpool.py", line 847, in urlopen
    retries = retries.increment(
        method, url, error=new_e, _pool=self, _stacktrace=sys.exc_info()[2]
    )
  File "/data/data/com.termux/files/usr/lib/python3.14/site-packages/urllib3/util/retry.py", line 510, in increment
    raise reraise(type(error), error, _stacktrace)
          ~~~~~~~^^^^^^^^^^^^^^^^^^^^^^^^^^^^^^^^^
  File "/data/data/com.termux/files/usr/lib/python3.14/site-packages/urllib3/util/util.py", line 38, in reraise
    raise value.with_traceback(tb)
  File "/data/data/com.termux/files/usr/lib/python3.14/site-packages/urllib3/connectionpool.py", line 793, in urlopen
    response = self._make_request(
        conn,
    ...<10 lines>...
        **response_kw,
    )
  File "/data/data/com.termux/files/usr/lib/python3.14/site-packages/urllib3/connectionpool.py", line 540, in _make_request
    response = conn.getresponse()
  File "/data/data/com.termux/files/usr/lib/python3.14/site-packages/urllib3/connection.py", line 638, in getresponse
    httplib_response = super().getresponse()
  File "/data/data/com.termux/files/usr/lib/python3.14/http/client.py", line 1459, in getresponse
    response.begin()
    ~~~~~~~~~~~~~~^^
  File "/data/data/com.termux/files/usr/lib/python3.14/http/client.py", line 336, in begin
    version, status, reason = self._read_status()
                              ~~~~~~~~~~~~~~~~~^^
  File "/data/data/com.termux/files/usr/lib/python3.14/http/client.py", line 297, in _read_status
    line = str(self.fp.readline(_MAXLINE + 1), "iso-8859-1")
               ~~~~~~~~~~~~~~~~^^^^^^^^^^^^^^
  File "/data/data/com.termux/files/usr/lib/python3.14/socket.py", line 729, in readinto
    return self._sock.recv_into(b)
           ~~~~~~~~~~~~~~~~~~~~^^^
  File "/data/data/com.termux/files/usr/lib/python3.14/ssl.py", line 1304, in recv_into
    return self.read(nbytes, buffer)
           ~~~~~~~~~^^^^^^^^^^^^^^^^
  File "/data/data/com.termux/files/usr/lib/python3.14/ssl.py", line 1138, in read
    return self._sslobj.read(len, buffer)
           ~~~~~~~~~~~~~~~~~^^^^^^^^^^^^^
urllib3.exceptions.ProtocolError: ('Connection aborted.', ConnectionResetError(104, 'Connection reset by peer'))

During handling of the above exception, another exception occurred:

Traceback (most recent call last):
  File "/data/data/com.termux/files/usr/lib/python3.14/site-packages/telebot/__init__.py", line 1149, in infinity_polling
    self.polling(non_stop=True, timeout=timeout, long_polling_timeout=long_polling_timeout,
    ~~~~~~~~~~~~^^^^^^^^^^^^^^^^^^^^^^^^^^^^^^^^^^^^^^^^^^^^^^^^^^^^^^^^^^^^^^^^^^^^^^^^^^^
                 logger_level=logger_level, allowed_updates=allowed_updates, restart_on_change=False,
                 ^^^^^^^^^^^^^^^^^^^^^^^^^^^^^^^^^^^^^^^^^^^^^^^^^^^^^^^^^^^^^^^^^^^^^^^^^^^^^^^^^^^^
                 *args, **kwargs)
                 ^^^^^^^^^^^^^^^^
  File "/data/data/com.termux/files/usr/lib/python3.14/site-packages/telebot/__init__.py", line 1237, in polling
    self.__threaded_polling(non_stop=non_stop, interval=interval, timeout=timeout, long_polling_timeout=long_polling_timeout,
    ~~~~~~~~~~~~~~~~~~~~~~~^^^^^^^^^^^^^^^^^^^^^^^^^^^^^^^^^^^^^^^^^^^^^^^^^^^^^^^^^^^^^^^^^^^^^^^^^^^^^^^^^^^^^^^^^^^^^^^^^^
                            logger_level=logger_level, allowed_updates=allowed_updates)
                            ^^^^^^^^^^^^^^^^^^^^^^^^^^^^^^^^^^^^^^^^^^^^^^^^^^^^^^^^^^^
  File "/data/data/com.termux/files/usr/lib/python3.14/site-packages/telebot/__init__.py", line 1312, in __threaded_polling
    raise e
  File "/data/data/com.termux/files/usr/lib/python3.14/site-packages/telebot/__init__.py", line 1273, in __threaded_polling
    polling_thread.raise_exceptions()
    ~~~~~~~~~~~~~~~~~~~~~~~~~~~~~~~^^
  File "/data/data/com.termux/files/usr/lib/python3.14/site-packages/telebot/util.py", line 116, in raise_exceptions
    raise self.exception_info
  File "/data/data/com.termux/files/usr/lib/python3.14/site-packages/telebot/util.py", line 98, in run
    task(*args, **kwargs)
    ~~~~^^^^^^^^^^^^^^^^^
  File "/data/data/com.termux/files/usr/lib/python3.14/site-packages/telebot/__init__.py", line 691, in __retrieve_updates
    updates = self.get_updates(offset=(self.last_update_id + 1),
                               allowed_updates=allowed_updates,
                               timeout=timeout, long_polling_timeout=long_polling_timeout)
  File "/data/data/com.termux/files/usr/lib/python3.14/site-packages/telebot/__init__.py", line 663, in get_updates
    json_updates = apihelper.get_updates(
        self.token, offset=offset, limit=limit, timeout=timeout, allowed_updates=allowed_updates,
        long_polling_timeout=long_polling_timeout)
  File "/data/data/com.termux/files/usr/lib/python3.14/site-packages/telebot/apihelper.py", line 382, in get_updates
    return _make_request(token, method_url, params=payload)
  File "/data/data/com.termux/files/usr/lib/python3.14/site-packages/telebot/apihelper.py", line 162, in _make_request
    result = _get_req_session().request(
        method, request_url, params=params, files=files,
        timeout=(connect_timeout, read_timeout), proxies=proxy)
  File "/data/data/com.termux/files/usr/lib/python3.14/site-packages/requests/sessions.py", line 651, in request
    resp = self.send(prep, **send_kwargs)
  File "/data/data/com.termux/files/usr/lib/python3.14/site-packages/requests/sessions.py", line 784, in send
    r = adapter.send(request, **kwargs)
  File "/data/data/com.termux/files/usr/lib/python3.14/site-packages/requests/adapters.py", line 711, in send
    raise ConnectionError(err, request=request)
requests.exceptions.ConnectionError: ('Connection aborted.', ConnectionResetError(104, 'Connection reset by peer'))
"
[HTTP UA] generated for current session: Dalvik/2.1.0 (Linux; U; Android 14; ru-RU; Pixel 6 Build/UQ1A.250617.013)
[HTTP] pre-ping start | reason=before OPEN_CONNECTION_REQUEST 1/5 | target=80.66.82.20:80 | Host=izhevsk.blackrussia.online | route=direct | UA=Dalvik/2.1.0 (Linux; U; Android 14; ru-RU; Pixel 6 Build/UQ1A.250617.013)
[HTTP UA] generated for current session: Dalvik/2.1.0 (Linux; U; Android 12; kk-KZ; V2259 Build/SQ3A.220226.087)
[HTTP] pre-ping start | reason=before OPEN_CONNECTION_REQUEST 1/5 | target=80.66.82.20:80 | Host=izhevsk.blackrussia.online | route=direct | UA=Dalvik/2.1.0 (Linux; U; Android 12; kk-KZ; V2259 Build/SQ3A.220226.087)
[HTTP UA] generated for current session: Dalvik/2.1.0 (Linux; U; Android 15; kk-KZ; RMX3791 Build/BP1A.241105.087)
[HTTP] pre-ping start | reason=before OPEN_CONNECTION_REQUEST 1/5 | target=80.66.82.23:80 | Host=tver.blackrussia.online | route=direct | UA=Dalvik/2.1.0 (Linux; U; Android 15; kk-KZ; RMX3791 Build/BP1A.241105.087)
[HTTP] pre-ping done | target=80.66.82.20:80 | Host=izhevsk.blackrussia.online | route=direct | bytes=297
[HTTP] pre-ping done | target=80.66.82.23:80 | Host=tver.blackrussia.online | route=direct | bytes=297
[!] Ошибка сохранения /data/data/com.termux/files/home/blackrussia/accounts.json: [Errno 2] No such file or directory: '/data/data/com.termux/files/home/blackrussia/accounts.json.tmp' -> '/data/data/com.termux/files/home/blackrussia/accounts.json'
[!] Ошибка сохранения /data/data/com.termux/files/home/blackrussia/accounts.json: [Errno 2] No such file or directory: '/data/data/com.termux/files/home/blackrussia/accounts.json.tmp' -> '/data/data/com.termux/files/home/blackrussia/accounts.json'
[HTTP] pre-ping failed | target=80.66.82.20:80 | Host=izhevsk.blackrussia.online | route=direct | reason=before OPEN_CONNECTION_REQUEST 1/5 | timed out
[HTTP] pre-ping start | reason=before OPEN_CONNECTION_REQUEST 2/5 | target=80.66.82.20:80 | Host=izhevsk.blackrussia.online | route=direct | UA=Dalvik/2.1.0 (Linux; U; Android 12; kk-KZ; V2259 Build/SQ3A.220226.087)
[HTTP] pre-ping done | target=80.66.82.20:80 | Host=izhevsk.blackrussia.online | route=direct | bytes=297
2026-09-27 08:38:00,219 (__init__.py:1154 TelegramBotPoll) ERROR - TeleBot: "Infinity polling exception: ('Connection aborted.', ConnectionResetError(104, 'Connection reset by peer'))"
2026-09-27 08:38:00,245 (__init__.py:1156 TelegramBotPoll) ERROR - TeleBot: "Exception traceback:
Traceback (most recent call last):
  File "/data/data/com.termux/files/usr/lib/python3.14/site-packages/urllib3/connectionpool.py", line 793, in urlopen
    response = self._make_request(
        conn,
    ...<10 lines>...
        **response_kw,
    )
  File "/data/data/com.termux/files/usr/lib/python3.14/site-packages/urllib3/connectionpool.py", line 540, in _make_request
    response = conn.getresponse()
  File "/data/data/com.termux/files/usr/lib/python3.14/site-packages/urllib3/connection.py", line 638, in getresponse
    httplib_response = super().getresponse()
  File "/data/data/com.termux/files/usr/lib/python3.14/http/client.py", line 1459, in getresponse
    response.begin()
    ~~~~~~~~~~~~~~^^
  File "/data/data/com.termux/files/usr/lib/python3.14/http/client.py", line 336, in begin
    version, status, reason = self._read_status()
                              ~~~~~~~~~~~~~~~~~^^
  File "/data/data/com.termux/files/usr/lib/python3.14/http/client.py", line 297, in _read_status
    line = str(self.fp.readline(_MAXLINE + 1), "iso-8859-1")
               ~~~~~~~~~~~~~~~~^^^^^^^^^^^^^^
  File "/data/data/com.termux/files/usr/lib/python3.14/socket.py", line 729, in readinto
    return self._sock.recv_into(b)
           ~~~~~~~~~~~~~~~~~~~~^^^
  File "/data/data/com.termux/files/usr/lib/python3.14/ssl.py", line 1304, in recv_into
    return self.read(nbytes, buffer)
           ~~~~~~~~~^^^^^^^^^^^^^^^^
  File "/data/data/com.termux/files/usr/lib/python3.14/ssl.py", line 1138, in read
    return self._sslobj.read(len, buffer)
           ~~~~~~~~~~~~~~~~~^^^^^^^^^^^^^
ConnectionResetError: [Errno 104] Connection reset by peer

During handling of the above exception, another exception occurred:

Traceback (most recent call last):
  File "/data/data/com.termux/files/usr/lib/python3.14/site-packages/requests/adapters.py", line 696, in send
    resp = conn.urlopen(
        method=request.method,
    ...<9 lines>...
        chunked=chunked,
    )
  File "/data/data/com.termux/files/usr/lib/python3.14/site-packages/urllib3/connectionpool.py", line 847, in urlopen
    retries = retries.increment(
        method, url, error=new_e, _pool=self, _stacktrace=sys.exc_info()[2]
    )
  File "/data/data/com.termux/files/usr/lib/python3.14/site-packages/urllib3/util/retry.py", line 510, in increment
    raise reraise(type(error), error, _stacktrace)
          ~~~~~~~^^^^^^^^^^^^^^^^^^^^^^^^^^^^^^^^^
  File "/data/data/com.termux/files/usr/lib/python3.14/site-packages/urllib3/util/util.py", line 38, in reraise
    raise value.with_traceback(tb)
  File "/data/data/com.termux/files/usr/lib/python3.14/site-packages/urllib3/connectionpool.py", line 793, in urlopen
    response = self._make_request(
        conn,
    ...<10 lines>...
        **response_kw,
    )
  File "/data/data/com.termux/files/usr/lib/python3.14/site-packages/urllib3/connectionpool.py", line 540, in _make_request
    response = conn.getresponse()
  File "/data/data/com.termux/files/usr/lib/python3.14/site-packages/urllib3/connection.py", line 638, in getresponse
    httplib_response = super().getresponse()
  File "/data/data/com.termux/files/usr/lib/python3.14/http/client.py", line 1459, in getresponse
    response.begin()
    ~~~~~~~~~~~~~~^^
  File "/data/data/com.termux/files/usr/lib/python3.14/http/client.py", line 336, in begin
    version, status, reason = self._read_status()
                              ~~~~~~~~~~~~~~~~~^^
  File "/data/data/com.termux/files/usr/lib/python3.14/http/client.py", line 297, in _read_status
    line = str(self.fp.readline(_MAXLINE + 1), "iso-8859-1")
               ~~~~~~~~~~~~~~~~^^^^^^^^^^^^^^
  File "/data/data/com.termux/files/usr/lib/python3.14/socket.py", line 729, in readinto
    return self._sock.recv_into(b)
           ~~~~~~~~~~~~~~~~~~~~^^^
  File "/data/data/com.termux/files/usr/lib/python3.14/ssl.py", line 1304, in recv_into
    return self.read(nbytes, buffer)
           ~~~~~~~~~^^^^^^^^^^^^^^^^
  File "/data/data/com.termux/files/usr/lib/python3.14/ssl.py", line 1138, in read
    return self._sslobj.read(len, buffer)
           ~~~~~~~~~~~~~~~~~^^^^^^^^^^^^^
urllib3.exceptions.ProtocolError: ('Connection aborted.', ConnectionResetError(104, 'Connection reset by peer'))

During handling of the above exception, another exception occurred:

Traceback (most recent call last):
  File "/data/data/com.termux/files/usr/lib/python3.14/site-packages/telebot/__init__.py", line 1149, in infinity_polling
    self.polling(non_stop=True, timeout=timeout, long_polling_timeout=long_polling_timeout,
    ~~~~~~~~~~~~^^^^^^^^^^^^^^^^^^^^^^^^^^^^^^^^^^^^^^^^^^^^^^^^^^^^^^^^^^^^^^^^^^^^^^^^^^^
                 logger_level=logger_level, allowed_updates=allowed_updates, restart_on_change=False,
                 ^^^^^^^^^^^^^^^^^^^^^^^^^^^^^^^^^^^^^^^^^^^^^^^^^^^^^^^^^^^^^^^^^^^^^^^^^^^^^^^^^^^^
                 *args, **kwargs)
                 ^^^^^^^^^^^^^^^^
  File "/data/data/com.termux/files/usr/lib/python3.14/site-packages/telebot/__init__.py", line 1237, in polling
    self.__threaded_polling(non_stop=non_stop, interval=interval, timeout=timeout, long_polling_timeout=long_polling_timeout,
    ~~~~~~~~~~~~~~~~~~~~~~~^^^^^^^^^^^^^^^^^^^^^^^^^^^^^^^^^^^^^^^^^^^^^^^^^^^^^^^^^^^^^^^^^^^^^^^^^^^^^^^^^^^^^^^^^^^^^^^^^^
                            logger_level=logger_level, allowed_updates=allowed_updates)
                            ^^^^^^^^^^^^^^^^^^^^^^^^^^^^^^^^^^^^^^^^^^^^^^^^^^^^^^^^^^^
  File "/data/data/com.termux/files/usr/lib/python3.14/site-packages/telebot/__init__.py", line 1312, in __threaded_polling
    raise e
  File "/data/data/com.termux/files/usr/lib/python3.14/site-packages/telebot/__init__.py", line 1273, in __threaded_polling
    polling_thread.raise_exceptions()
    ~~~~~~~~~~~~~~~~~~~~~~~~~~~~~~~^^
  File "/data/data/com.termux/files/usr/lib/python3.14/site-packages/telebot/util.py", line 116, in raise_exceptions
    raise self.exception_info
  File "/data/data/com.termux/files/usr/lib/python3.14/site-packages/telebot/util.py", line 98, in run
    task(*args, **kwargs)
    ~~~~^^^^^^^^^^^^^^^^^
  File "/data/data/com.termux/files/usr/lib/python3.14/site-packages/telebot/__init__.py", line 691, in __retrieve_updates
    updates = self.get_updates(offset=(self.last_update_id + 1),
                               allowed_updates=allowed_updates,
                               timeout=timeout, long_polling_timeout=long_polling_timeout)
  File "/data/data/com.termux/files/usr/lib/python3.14/site-packages/telebot/__init__.py", line 663, in get_updates
    json_updates = apihelper.get_updates(
        self.token, offset=offset, limit=limit, timeout=timeout, allowed_updates=allowed_updates,
        long_polling_timeout=long_polling_timeout)
  File "/data/data/com.termux/files/usr/lib/python3.14/site-packages/telebot/apihelper.py", line 382, in get_updates
    return _make_request(token, method_url, params=payload)
  File "/data/data/com.termux/files/usr/lib/python3.14/site-packages/telebot/apihelper.py", line 162, in _make_request
    result = _get_req_session().request(
        method, request_url, params=params, files=files,
        timeout=(connect_timeout, read_timeout), proxies=proxy)
  File "/data/data/com.termux/files/usr/lib/python3.14/site-packages/requests/sessions.py", line 651, in request
    resp = self.send(prep, **send_kwargs)
  File "/data/data/com.termux/files/usr/lib/python3.14/site-packages/requests/sessions.py", line 784, in send
    r = adapter.send(request, **kwargs)
  File "/data/data/com.termux/files/usr/lib/python3.14/site-packages/requests/adapters.py", line 711, in send
    raise ConnectionError(err, request=request)
requests.exceptions.ConnectionError: ('Connection aborted.', ConnectionResetError(104, 'Connection reset by peer'))
"
[!] Ошибка сохранения /data/data/com.termux/files/home/blackrussia/accounts.json: [Errno 2] No such file or directory: '/data/data/com.termux/files/home/blackrussia/accounts.json.tmp' -> '/data/data/com.termux/files/home/blackrussia/accounts.json'
[HTTP UA] generated for current session: Dalvik/2.1.0 (Linux; U; Android 15; kk-KZ; SM-A555N Build/AP3A.250916.091)
[HTTP] pre-ping start | reason=before OPEN_CONNECTION_REQUEST 1/5 | target=80.66.82.23:80 | Host=tver.blackrussia.online | route=direct | UA=Dalvik/2.1.0 (Linux; U; Android 15; kk-KZ; SM-A555N Build/AP3A.250916.091)
[HTTP UA] generated for current session: Dalvik/2.1.0 (Linux; U; Android 15; ru-RU; SM-A355B Build/BP1A.241225.043)
[HTTP] pre-ping start | reason=before OPEN_CONNECTION_REQUEST 1/5 | target=80.66.82.20:80 | Host=izhevsk.blackrussia.online | route=direct | UA=Dalvik/2.1.0 (Linux; U; Android 15; ru-RU; SM-A355B Build/BP1A.241225.043)
[HTTP UA] generated for current session: Dalvik/2.1.0 (Linux; U; Android 15; ru-RU; Pixel 6 Pro Build/AP3A.250620.058)
[HTTP] pre-ping start | reason=before OPEN_CONNECTION_REQUEST 1/5 | target=80.66.82.20:80 | Host=izhevsk.blackrussia.online | route=direct | UA=Dalvik/2.1.0 (Linux; U; Android 15; ru-RU; Pixel 6 Pro Build/AP3A.250620.058)
[HTTP] pre-ping failed | target=80.66.82.23:80 | Host=tver.blackrussia.online | route=direct | reason=before OPEN_CONNECTION_REQUEST 1/5 | timed out
[HTTP] pre-ping start | reason=before OPEN_CONNECTION_REQUEST 2/5 | target=80.66.82.23:80 | Host=tver.blackrussia.online | route=direct | UA=Dalvik/2.1.0 (Linux; U; Android 15; kk-KZ; SM-A555N Build/AP3A.250916.091)
[HTTP] pre-ping failed | target=80.66.82.20:80 | Host=izhevsk.blackrussia.online | route=direct | reason=before OPEN_CONNECTION_REQUEST 1/5 | timed out
[HTTP] pre-ping failed | target=80.66.82.20:80 | Host=izhevsk.blackrussia.online | route=direct | reason=before OPEN_CONNECTION_REQUEST 1/5 | timed out
[HTTP] pre-ping start | reason=before OPEN_CONNECTION_REQUEST 2/5 | target=80.66.82.20:80 | Host=izhevsk.blackrussia.online | route=direct | UA=Dalvik/2.1.0 (Linux; U; Android 15; ru-RU; SM-A355B Build/BP1A.241225.043)
[HTTP] pre-ping start | reason=before OPEN_CONNECTION_REQUEST 2/5 | target=80.66.82.20:80 | Host=izhevsk.blackrussia.online | route=direct | UA=Dalvik/2.1.0 (Linux; U; Android 15; ru-RU; Pixel 6 Pro Build/AP3A.250620.058)
[HTTP] pre-ping failed | target=80.66.82.23:80 | Host=tver.blackrussia.online | route=direct | reason=before OPEN_CONNECTION_REQUEST 2/5 | timed out
[HTTP] pre-ping start | reason=before OPEN_CONNECTION_REQUEST 3/5 | target=80.66.82.23:80 | Host=tver.blackrussia.online | route=direct | UA=Dalvik/2.1.0 (Linux; U; Android 15; kk-KZ; SM-A555N Build/AP3A.250916.091)
[HTTP] pre-ping failed | target=80.66.82.20:80 | Host=izhevsk.blackrussia.online | route=direct | reason=before OPEN_CONNECTION_REQUEST 2/5 | timed out
[HTTP] pre-ping failed | target=80.66.82.20:80 | Host=izhevsk.blackrussia.online | route=direct | reason=before OPEN_CONNECTION_REQUEST 2/5 | timed out
[HTTP] pre-ping start | reason=before OPEN_CONNECTION_REQUEST 3/5 | target=80.66.82.20:80 | Host=izhevsk.blackrussia.online | route=direct | UA=Dalvik/2.1.0 (Linux; U; Android 15; ru-RU; SM-A355B Build/BP1A.241225.043)
[HTTP] pre-ping start | reason=before OPEN_CONNECTION_REQUEST 3/5 | target=80.66.82.20:80 | Host=izhevsk.blackrussia.online | route=direct | UA=Dalvik/2.1.0 (Linux; U; Android 15; ru-RU; Pixel 6 Pro Build/AP3A.250620.058)
[HTTP] pre-ping failed | target=80.66.82.23:80 | Host=tver.blackrussia.online | route=direct | reason=before OPEN_CONNECTION_REQUEST 3/5 | timed out
[HTTP] pre-ping start | reason=before OPEN_CONNECTION_REQUEST 4/5 | target=80.66.82.23:80 | Host=tver.blackrussia.online | route=direct | UA=Dalvik/2.1.0 (Linux; U; Android 15; kk-KZ; SM-A555N Build/AP3A.250916.091)
[HTTP] pre-ping failed | target=80.66.82.20:80 | Host=izhevsk.blackrussia.online | route=direct | reason=before OPEN_CONNECTION_REQUEST 3/5 | timed out
[HTTP] pre-ping failed | target=80.66.82.20:80 | Host=izhevsk.blackrussia.online | route=direct | reason=before OPEN_CONNECTION_REQUEST 3/5 | timed out
[HTTP] pre-ping start | reason=before OPEN_CONNECTION_REQUEST 4/5 | target=80.66.82.20:80 | Host=izhevsk.blackrussia.online | route=direct | UA=Dalvik/2.1.0 (Linux; U; Android 15; ru-RU; SM-A355B Build/BP1A.241225.043)
[HTTP] pre-ping start | reason=before OPEN_CONNECTION_REQUEST 4/5 | target=80.66.82.20:80 | Host=izhevsk.blackrussia.online | route=direct | UA=Dalvik/2.1.0 (Linux; U; Android 15; ru-RU; Pixel 6 Pro Build/AP3A.250620.058)
[+] Бот #25 [Alfonse_Ipatovcev] запускается...
[HTTP UA] generated for current session: Dalvik/2.1.0 (Linux; U; Android 13; RMX3665 Build/TQ3A.231119.019)
[HTTP] pre-ping start | reason=before OPEN_CONNECTION_REQUEST 1/5 | target=80.66.82.154:80 | Host=norilsk.blackrussia.online | route=direct | UA=Dalvik/2.1.0 (Linux; U; Android 13; RMX3665 Build/TQ3A.231119.019)
[HTTP] pre-ping failed | target=80.66.82.23:80 | Host=tver.blackrussia.online | route=direct | reason=before OPEN_CONNECTION_REQUEST 4/5 | timed out
[HTTP] pre-ping start | reason=before OPEN_CONNECTION_REQUEST 5/5 | target=80.66.82.23:80 | Host=tver.blackrussia.online | route=direct | UA=Dalvik/2.1.0 (Linux; U; Android 15; kk-KZ; SM-A555N Build/AP3A.250916.091)
[HTTP] pre-ping failed | target=80.66.82.20:80 | Host=izhevsk.blackrussia.online | route=direct | reason=before OPEN_CONNECTION_REQUEST 4/5 | timed out
[HTTP] pre-ping failed | target=80.66.82.20:80 | Host=izhevsk.blackrussia.online | route=direct | reason=before OPEN_CONNECTION_REQUEST 4/5 | timed out
[HTTP] pre-ping start | reason=before OPEN_CONNECTION_REQUEST 5/5 | target=80.66.82.20:80 | Host=izhevsk.blackrussia.online | route=direct | UA=Dalvik/2.1.0 (Linux; U; Android 15; ru-RU; SM-A355B Build/BP1A.241225.043)
[HTTP] pre-ping start | reason=before OPEN_CONNECTION_REQUEST 5/5 | target=80.66.82.20:80 | Host=izhevsk.blackrussia.online | route=direct | UA=Dalvik/2.1.0 (Linux; U; Android 15; ru-RU; Pixel 6 Pro Build/AP3A.250620.058)
[HTTP] pre-ping failed | target=80.66.82.154:80 | Host=norilsk.blackrussia.online | route=direct | reason=before OPEN_CONNECTION_REQUEST 1/5 | timed out
[HTTP] pre-ping start | reason=before OPEN_CONNECTION_REQUEST 2/5 | target=80.66.82.154:80 | Host=norilsk.blackrussia.online | route=direct | UA=Dalvik/2.1.0 (Linux; U; Android 13; RMX3665 Build/TQ3A.231119.019)
[HTTP] pre-ping failed | target=80.66.82.23:80 | Host=tver.blackrussia.online | route=direct | reason=before OPEN_CONNECTION_REQUEST 5/5 | timed out
[HTTP] pre-ping failed | target=80.66.82.20:80 | Host=izhevsk.blackrussia.online | route=direct | reason=before OPEN_CONNECTION_REQUEST 5/5 | timed out
[HTTP] pre-ping failed | target=80.66.82.20:80 | Host=izhevsk.blackrussia.online | route=direct | reason=before OPEN_CONNECTION_REQUEST 5/5 | timed out
[HTTP] pre-ping failed | target=80.66.82.154:80 | Host=norilsk.blackrussia.online | route=direct | reason=before OPEN_CONNECTION_REQUEST 2/5 | timed out
[HTTP] pre-ping start | reason=before OPEN_CONNECTION_REQUEST 3/5 | target=80.66.82.154:80 | Host=norilsk.blackrussia.online | route=direct | UA=Dalvik/2.1.0 (Linux; U; Android 13; RMX3665 Build/TQ3A.231119.019)
[+] Бот #26 [Darik_Sapronov] запускается...
[HTTP UA] generated for current session: Dalvik/2.1.0 (Linux; U; Android 13; en-US; CPH2317 Build/TQ3A.220814.034)
[HTTP] pre-ping start | reason=before OPEN_CONNECTION_REQUEST 1/5 | target=80.66.82.154:80 | Host=norilsk.blackrussia.online | route=direct | UA=Dalvik/2.1.0 (Linux; U; Android 13; en-US; CPH2317 Build/TQ3A.220814.034)
[HTTP] pre-ping failed | target=80.66.82.154:80 | Host=norilsk.blackrussia.online | route=direct | reason=before OPEN_CONNECTION_REQUEST 3/5 | timed out
[HTTP] pre-ping start | reason=before OPEN_CONNECTION_REQUEST 4/5 | target=80.66.82.154:80 | Host=norilsk.blackrussia.online | route=direct | UA=Dalvik/2.1.0 (Linux; U; Android 13; RMX3665 Build/TQ3A.231119.019)
[+] Бот #27 [Thavy_Bitkov] запускается...
[HTTP UA] generated for current session: Dalvik/2.1.0 (Linux; U; Android 14; ru-RU; SM-S921U Build/UQ1A.250222.035)
[HTTP] pre-ping start | reason=before OPEN_CONNECTION_REQUEST 1/5 | target=80.66.82.154:80 | Host=norilsk.blackrussia.online | route=direct | UA=Dalvik/2.1.0 (Linux; U; Android 14; ru-RU; SM-S921U Build/UQ1A.250222.035)
[HTTP] pre-ping failed | target=80.66.82.154:80 | Host=norilsk.blackrussia.online | route=direct | reason=before OPEN_CONNECTION_REQUEST 1/5 | timed out
[HTTP] pre-ping start | reason=before OPEN_CONNECTION_REQUEST 2/5 | target=80.66.82.154:80 | Host=norilsk.blackrussia.online | route=direct | UA=Dalvik/2.1.0 (Linux; U; Android 13; en-US; CPH2317 Build/TQ3A.220814.034)
[HTTP] pre-ping failed | target=80.66.82.154:80 | Host=norilsk.blackrussia.online | route=direct | reason=before OPEN_CONNECTION_REQUEST 4/5 | timed out
[HTTP UA] generated for current session: Dalvik/2.1.0 (Linux; U; Android 15; kk-KZ; V2261 Build/BP1A.250717.095)
[HTTP] pre-ping start | reason=before OPEN_CONNECTION_REQUEST 1/5 | target=80.66.82.154:80 | Host=norilsk.blackrussia.online | route=direct | UA=Dalvik/2.1.0 (Linux; U; Android 15; kk-KZ; V2261 Build/BP1A.250717.095)
[HTTP] pre-ping failed | target=80.66.82.154:80 | Host=norilsk.blackrussia.online | route=direct | reason=before OPEN_CONNECTION_REQUEST 1/5 | timed out
[HTTP] pre-ping start | reason=before OPEN_CONNECTION_REQUEST 2/5 | target=80.66.82.154:80 | Host=norilsk.blackrussia.online | route=direct | UA=Dalvik/2.1.0 (Linux; U; Android 14; ru-RU; SM-S921U Build/UQ1A.250222.035)
[HTTP] pre-ping failed | target=80.66.82.154:80 | Host=norilsk.blackrussia.online | route=direct | reason=before OPEN_CONNECTION_REQUEST 2/5 | timed out
[HTTP] pre-ping start | reason=before OPEN_CONNECTION_REQUEST 3/5 | target=80.66.82.154:80 | Host=norilsk.blackrussia.online | route=direct | UA=Dalvik/2.1.0 (Linux; U; Android 13; en-US; CPH2317 Build/TQ3A.220814.034)
[+] Бот #28 [Desmon_Senektutin] запускается...
[HTTP UA] generated for current session: Dalvik/2.1.0 (Linux; U; Android 15; ru-RU; RMX3651 Build/BP1A.260402.038)
[HTTP] pre-ping start | reason=before OPEN_CONNECTION_REQUEST 1/5 | target=80.66.82.154:80 | Host=norilsk.blackrussia.online | route=direct | UA=Dalvik/2.1.0 (Linux; U; Android 15; ru-RU; RMX3651 Build/BP1A.260402.038)
[HTTP] pre-ping failed | target=80.66.82.154:80 | Host=norilsk.blackrussia.online | route=direct | reason=before OPEN_CONNECTION_REQUEST 1/5 | timed out
[HTTP] pre-ping start | reason=before OPEN_CONNECTION_REQUEST 2/5 | target=80.66.82.154:80 | Host=norilsk.blackrussia.online | route=direct | UA=Dalvik/2.1.0 (Linux; U; Android 15; kk-KZ; V2261 Build/BP1A.250717.095)
[HTTP] pre-ping failed | target=80.66.82.154:80 | Host=norilsk.blackrussia.online | route=direct | reason=before OPEN_CONNECTION_REQUEST 2/5 | timed out
[HTTP] pre-ping start | reason=before OPEN_CONNECTION_REQUEST 3/5 | target=80.66.82.154:80 | Host=norilsk.blackrussia.online | route=direct | UA=Dalvik/2.1.0 (Linux; U; Android 14; ru-RU; SM-S921U Build/UQ1A.250222.035)
[HTTP] pre-ping failed | target=80.66.82.154:80 | Host=norilsk.blackrussia.online | route=direct | reason=before OPEN_CONNECTION_REQUEST 3/5 | timed out
[HTTP] pre-ping start | reason=before OPEN_CONNECTION_REQUEST 4/5 | target=80.66.82.154:80 | Host=norilsk.blackrussia.online | route=direct | UA=Dalvik/2.1.0 (Linux; U; Android 13; en-US; CPH2317 Build/TQ3A.220814.034)
[HTTP] pre-ping failed | target=80.66.82.154:80 | Host=norilsk.blackrussia.online | route=direct | reason=before OPEN_CONNECTION_REQUEST 1/5 | timed out
[HTTP] pre-ping start | reason=before OPEN_CONNECTION_REQUEST 2/5 | target=80.66.82.154:80 | Host=norilsk.blackrussia.online | route=direct | UA=Dalvik/2.1.0 (Linux; U; Android 15; ru-RU; RMX3651 Build/BP1A.260402.038)
[HTTP UA] generated for current session: Dalvik/2.1.0 (Linux; U; Android 14; ru-RU; Pixel 6 Pro Build/UQ1A.250117.057)
[HTTP] pre-ping start | reason=before OPEN_CONNECTION_REQUEST 1/5 | target=80.66.82.154:80 | Host=norilsk.blackrussia.online | route=direct | UA=Dalvik/2.1.0 (Linux; U; Android 14; ru-RU; Pixel 6 Pro Build/UQ1A.250117.057)
[HTTP] pre-ping failed | target=80.66.82.154:80 | Host=norilsk.blackrussia.online | route=direct | reason=before OPEN_CONNECTION_REQUEST 2/5 | timed out
[HTTP] pre-ping start | reason=before OPEN_CONNECTION_REQUEST 3/5 | target=80.66.82.154:80 | Host=norilsk.blackrussia.online | route=direct | UA=Dalvik/2.1.0 (Linux; U; Android 15; kk-KZ; V2261 Build/BP1A.250717.095)
[HTTP] pre-ping failed | target=80.66.82.154:80 | Host=norilsk.blackrussia.online | route=direct | reason=before OPEN_CONNECTION_REQUEST 3/5 | timed out
[HTTP] pre-ping start | reason=before OPEN_CONNECTION_REQUEST 4/5 | target=80.66.82.154:80 | Host=norilsk.blackrussia.online | route=direct | UA=Dalvik/2.1.0 (Linux; U; Android 14; ru-RU; SM-S921U Build/UQ1A.250222.035)
[HTTP] pre-ping failed | target=80.66.82.154:80 | Host=norilsk.blackrussia.online | route=direct | reason=before OPEN_CONNECTION_REQUEST 4/5 | timed out
[HTTP] pre-ping failed | target=80.66.82.154:80 | Host=norilsk.blackrussia.online | route=direct | reason=before OPEN_CONNECTION_REQUEST 2/5 | timed out
[HTTP] pre-ping start | reason=before OPEN_CONNECTION_REQUEST 3/5 | target=80.66.82.154:80 | Host=norilsk.blackrussia.online | route=direct | UA=Dalvik/2.1.0 (Linux; U; Android 15; ru-RU; RMX3651 Build/BP1A.260402.038)
[HTTP UA] generated for current session: Dalvik/2.1.0 (Linux; U; Android 14; kk-KZ; CPH2651 Build/UQ1A.250608.058)
[HTTP] pre-ping start | reason=before OPEN_CONNECTION_REQUEST 1/5 | target=80.66.82.154:80 | Host=norilsk.blackrussia.online | route=direct | UA=Dalvik/2.1.0 (Linux; U; Android 14; kk-KZ; CPH2651 Build/UQ1A.250608.058)
[HTTP] pre-ping failed | target=80.66.82.154:80 | Host=norilsk.blackrussia.online | route=direct | reason=before OPEN_CONNECTION_REQUEST 1/5 | timed out
[HTTP] pre-ping start | reason=before OPEN_CONNECTION_REQUEST 2/5 | target=80.66.82.154:80 | Host=norilsk.blackrussia.online | route=direct | UA=Dalvik/2.1.0 (Linux; U; Android 14; ru-RU; Pixel 6 Pro Build/UQ1A.250117.057)
[HTTP] pre-ping failed | target=80.66.82.154:80 | Host=norilsk.blackrussia.online | route=direct | reason=before OPEN_CONNECTION_REQUEST 3/5 | timed out
[HTTP] pre-ping start | reason=before OPEN_CONNECTION_REQUEST 4/5 | target=80.66.82.154:80 | Host=norilsk.blackrussia.online | route=direct | UA=Dalvik/2.1.0 (Linux; U; Android 15; kk-KZ; V2261 Build/BP1A.250717.095)
[HTTP] pre-ping failed | target=80.66.82.154:80 | Host=norilsk.blackrussia.online | route=direct | reason=before OPEN_CONNECTION_REQUEST 4/5 | timed out
[HTTP] pre-ping failed | target=80.66.82.154:80 | Host=norilsk.blackrussia.online | route=direct | reason=before OPEN_CONNECTION_REQUEST 3/5 | timed out
[HTTP] pre-ping start | reason=before OPEN_CONNECTION_REQUEST 4/5 | target=80.66.82.154:80 | Host=norilsk.blackrussia.online | route=direct | UA=Dalvik/2.1.0 (Linux; U; Android 15; ru-RU; RMX3651 Build/BP1A.260402.038)
[HTTP UA] generated for current session: Dalvik/2.1.0 (Linux; U; Android 14; 2499696G Build/UP1A.250205.062)
[HTTP] pre-ping start | reason=before OPEN_CONNECTION_REQUEST 1/5 | target=80.66.82.154:80 | Host=norilsk.blackrussia.online | route=direct | UA=Dalvik/2.1.0 (Linux; U; Android 14; 2499696G Build/UP1A.250205.062)
[HTTP] pre-ping failed | target=80.66.82.154:80 | Host=norilsk.blackrussia.online | route=direct | reason=before OPEN_CONNECTION_REQUEST 1/5 | timed out
[HTTP] pre-ping start | reason=before OPEN_CONNECTION_REQUEST 2/5 | target=80.66.82.154:80 | Host=norilsk.blackrussia.online | route=direct | UA=Dalvik/2.1.0 (Linux; U; Android 14; kk-KZ; CPH2651 Build/UQ1A.250608.058)
[HTTP] pre-ping failed | target=80.66.82.154:80 | Host=norilsk.blackrussia.online | route=direct | reason=before OPEN_CONNECTION_REQUEST 2/5 | timed out
[HTTP] pre-ping start | reason=before OPEN_CONNECTION_REQUEST 3/5 | target=80.66.82.154:80 | Host=norilsk.blackrussia.online | route=direct | UA=Dalvik/2.1.0 (Linux; U; Android 14; ru-RU; Pixel 6 Pro Build/UQ1A.250117.057)
[HTTP UA] generated for current session: Dalvik/2.1.0 (Linux; U; Android 14; kk-KZ; SM-A136F Build/UQ1A.250728.049)
[HTTP] pre-ping start | reason=before OPEN_CONNECTION_REQUEST 1/5 | target=80.66.82.154:80 | Host=norilsk.blackrussia.online | route=direct | UA=Dalvik/2.1.0 (Linux; U; Android 14; kk-KZ; SM-A136F Build/UQ1A.250728.049)
[HTTP] pre-ping failed | target=80.66.82.154:80 | Host=norilsk.blackrussia.online | route=direct | reason=before OPEN_CONNECTION_REQUEST 4/5 | timed out
[HTTP] pre-ping start | reason=before OPEN_CONNECTION_REQUEST 5/5 | target=80.66.82.154:80 | Host=norilsk.blackrussia.online | route=direct | UA=Dalvik/2.1.0 (Linux; U; Android 15; kk-KZ; V2261 Build/BP1A.250717.095)
[HTTP] pre-ping failed | target=80.66.82.154:80 | Host=norilsk.blackrussia.online | route=direct | reason=before OPEN_CONNECTION_REQUEST 4/5 | timed out
[HTTP] pre-ping failed | target=80.66.82.154:80 | Host=norilsk.blackrussia.online | route=direct | reason=before OPEN_CONNECTION_REQUEST 1/5 | timed out
[HTTP] pre-ping start | reason=before OPEN_CONNECTION_REQUEST 2/5 | target=80.66.82.154:80 | Host=norilsk.blackrussia.online | route=direct | UA=Dalvik/2.1.0 (Linux; U; Android 14; 2499696G Build/UP1A.250205.062)
[HTTP] pre-ping failed | target=80.66.82.154:80 | Host=norilsk.blackrussia.online | route=direct | reason=before OPEN_CONNECTION_REQUEST 2/5 | timed out
[HTTP] pre-ping start | reason=before OPEN_CONNECTION_REQUEST 3/5 | target=80.66.82.154:80 | Host=norilsk.blackrussia.online | route=direct | UA=Dalvik/2.1.0 (Linux; U; Android 14; kk-KZ; CPH2651 Build/UQ1A.250608.058)
[HTTP] pre-ping failed | target=80.66.82.154:80 | Host=norilsk.blackrussia.online | route=direct | reason=before OPEN_CONNECTION_REQUEST 3/5 | timed out
[HTTP] pre-ping start | reason=before OPEN_CONNECTION_REQUEST 4/5 | target=80.66.82.154:80 | Host=norilsk.blackrussia.online | route=direct | UA=Dalvik/2.1.0 (Linux; U; Android 14; ru-RU; Pixel 6 Pro Build/UQ1A.250117.057)
[HTTP UA] generated for current session: Dalvik/2.1.0 (Linux; U; Android 15; ru-RU; SM-S936U Build/BP1A.260105.022)
[HTTP] pre-ping start | reason=before OPEN_CONNECTION_REQUEST 1/5 | target=80.66.82.154:80 | Host=norilsk.blackrussia.online | route=direct | UA=Dalvik/2.1.0 (Linux; U; Android 15; ru-RU; SM-S936U Build/BP1A.260105.022)
[HTTP UA] generated for current session: Dalvik/2.1.0 (Linux; U; Android 15; kk-KZ; 230298RN69G Build/BP1A.241006.007)
[HTTP] pre-ping start | reason=before OPEN_CONNECTION_REQUEST 1/5 | target=80.66.82.154:80 | Host=norilsk.blackrussia.online | route=direct | UA=Dalvik/2.1.0 (Linux; U; Android 15; kk-KZ; 230298RN69G Build/BP1A.241006.007)
[HTTP] pre-ping failed | target=80.66.82.154:80 | Host=norilsk.blackrussia.online | route=direct | reason=before OPEN_CONNECTION_REQUEST 1/5 | timed out
[HTTP] pre-ping start | reason=before OPEN_CONNECTION_REQUEST 2/5 | target=80.66.82.154:80 | Host=norilsk.blackrussia.online | route=direct | UA=Dalvik/2.1.0 (Linux; U; Android 14; kk-KZ; SM-A136F Build/UQ1A.250728.049)
[HTTP] pre-ping failed | target=80.66.82.154:80 | Host=norilsk.blackrussia.online | route=direct | reason=before OPEN_CONNECTION_REQUEST 5/5 | timed out
[HTTP] pre-ping failed | target=80.66.82.154:80 | Host=norilsk.blackrussia.online | route=direct | reason=before OPEN_CONNECTION_REQUEST 2/5 | timed out
[HTTP] pre-ping start | reason=before OPEN_CONNECTION_REQUEST 3/5 | target=80.66.82.154:80 | Host=norilsk.blackrussia.online | route=direct | UA=Dalvik/2.1.0 (Linux; U; Android 14; 2499696G Build/UP1A.250205.062)
[HTTP] pre-ping failed | target=80.66.82.154:80 | Host=norilsk.blackrussia.online | route=direct | reason=before OPEN_CONNECTION_REQUEST 3/5 | timed out
[HTTP] pre-ping start | reason=before OPEN_CONNECTION_REQUEST 4/5 | target=80.66.82.154:80 | Host=norilsk.blackrussia.online | route=direct | UA=Dalvik/2.1.0 (Linux; U; Android 14; kk-KZ; CPH2651 Build/UQ1A.250608.058)
[HTTP] pre-ping failed | target=80.66.82.154:80 | Host=norilsk.blackrussia.online | route=direct | reason=before OPEN_CONNECTION_REQUEST 4/5 | timed out
[HTTP] pre-ping failed | target=80.66.82.154:80 | Host=norilsk.blackrussia.online | route=direct | reason=before OPEN_CONNECTION_REQUEST 1/5 | timed out
[HTTP] pre-ping start | reason=before OPEN_CONNECTION_REQUEST 2/5 | target=80.66.82.154:80 | Host=norilsk.blackrussia.online | route=direct | UA=Dalvik/2.1.0 (Linux; U; Android 15; ru-RU; SM-S936U Build/BP1A.260105.022)
[HTTP UA] generated for current session: Dalvik/2.1.0 (Linux; U; Android 13; en-US; Pixel 9a Build/TP1A.230912.046)
[HTTP] pre-ping start | reason=before OPEN_CONNECTION_REQUEST 1/5 | target=80.66.82.154:80 | Host=norilsk.blackrussia.online | route=direct | UA=Dalvik/2.1.0 (Linux; U; Android 13; en-US; Pixel 9a Build/TP1A.230912.046)
[HTTP] pre-ping failed | target=80.66.82.154:80 | Host=norilsk.blackrussia.online | route=direct | reason=before OPEN_CONNECTION_REQUEST 1/5 | timed out
[HTTP] pre-ping start | reason=before OPEN_CONNECTION_REQUEST 2/5 | target=80.66.82.154:80 | Host=norilsk.blackrussia.online | route=direct | UA=Dalvik/2.1.0 (Linux; U; Android 15; kk-KZ; 230298RN69G Build/BP1A.241006.007)
[HTTP] pre-ping failed | target=80.66.82.154:80 | Host=norilsk.blackrussia.online | route=direct | reason=before OPEN_CONNECTION_REQUEST 2/5 | timed out
[HTTP] pre-ping start | reason=before OPEN_CONNECTION_REQUEST 3/5 | target=80.66.82.154:80 | Host=norilsk.blackrussia.online | route=direct | UA=Dalvik/2.1.0 (Linux; U; Android 14; kk-KZ; SM-A136F Build/UQ1A.250728.049)
[HTTP UA] generated for current session: Dalvik/2.1.0 (Linux; U; Android 13; en-US; SM-A145N Build/TQ3A.240216.024)
[HTTP] pre-ping start | reason=before OPEN_CONNECTION_REQUEST 1/5 | target=80.66.82.154:80 | Host=norilsk.blackrussia.online | route=direct | UA=Dalvik/2.1.0 (Linux; U; Android 13; en-US; SM-A145N Build/TQ3A.240216.024)
[HTTP] pre-ping failed | target=80.66.82.154:80 | Host=norilsk.blackrussia.online | route=direct | reason=before OPEN_CONNECTION_REQUEST 3/5 | timed out
[HTTP] pre-ping start | reason=before OPEN_CONNECTION_REQUEST 4/5 | target=80.66.82.154:80 | Host=norilsk.blackrussia.online | route=direct | UA=Dalvik/2.1.0 (Linux; U; Android 14; 2499696G Build/UP1A.250205.062)
[HTTP] pre-ping failed | target=80.66.82.154:80 | Host=norilsk.blackrussia.online | route=direct | reason=before OPEN_CONNECTION_REQUEST 4/5 | timed out
[HTTP] pre-ping start | reason=before OPEN_CONNECTION_REQUEST 5/5 | target=80.66.82.154:80 | Host=norilsk.blackrussia.online | route=direct | UA=Dalvik/2.1.0 (Linux; U; Android 14; kk-KZ; CPH2651 Build/UQ1A.250608.058)
[HTTP] pre-ping failed | target=80.66.82.154:80 | Host=norilsk.blackrussia.online | route=direct | reason=before OPEN_CONNECTION_REQUEST 2/5 | timed out
[HTTP] pre-ping start | reason=before OPEN_CONNECTION_REQUEST 3/5 | target=80.66.82.154:80 | Host=norilsk.blackrussia.online | route=direct | UA=Dalvik/2.1.0 (Linux; U; Android 15; ru-RU; SM-S936U Build/BP1A.260105.022)
[HTTP] pre-ping failed | target=80.66.82.154:80 | Host=norilsk.blackrussia.online | route=direct | reason=before OPEN_CONNECTION_REQUEST 1/5 | timed out
[HTTP] pre-ping start | reason=before OPEN_CONNECTION_REQUEST 2/5 | target=80.66.82.154:80 | Host=norilsk.blackrussia.online | route=direct | UA=Dalvik/2.1.0 (Linux; U; Android 13; en-US; Pixel 9a Build/TP1A.230912.046)
[HTTP] pre-ping failed | target=80.66.82.154:80 | Host=norilsk.blackrussia.online | route=direct | reason=before OPEN_CONNECTION_REQUEST 2/5 | timed out
[HTTP] pre-ping start | reason=before OPEN_CONNECTION_REQUEST 3/5 | target=80.66.82.154:80 | Host=norilsk.blackrussia.online | route=direct | UA=Dalvik/2.1.0 (Linux; U; Android 15; kk-KZ; 230298RN69G Build/BP1A.241006.007)
[HTTP] pre-ping failed | target=80.66.82.154:80 | Host=norilsk.blackrussia.online | route=direct | reason=before OPEN_CONNECTION_REQUEST 3/5 | timed out
[HTTP] pre-ping start | reason=before OPEN_CONNECTION_REQUEST 4/5 | target=80.66.82.154:80 | Host=norilsk.blackrussia.online | route=direct | UA=Dalvik/2.1.0 (Linux; U; Android 14; kk-KZ; SM-A136F Build/UQ1A.250728.049)
[HTTP] pre-ping failed | target=80.66.82.154:80 | Host=norilsk.blackrussia.online | route=direct | reason=before OPEN_CONNECTION_REQUEST 1/5 | timed out
[HTTP] pre-ping start | reason=before OPEN_CONNECTION_REQUEST 2/5 | target=80.66.82.154:80 | Host=norilsk.blackrussia.online | route=direct | UA=Dalvik/2.1.0 (Linux; U; Android 13; en-US; SM-A145N Build/TQ3A.240216.024)
[HTTP] pre-ping failed | target=80.66.82.154:80 | Host=norilsk.blackrussia.online | route=direct | reason=before OPEN_CONNECTION_REQUEST 4/5 | timed out
[HTTP] pre-ping start | reason=before OPEN_CONNECTION_REQUEST 5/5 | target=80.66.82.154:80 | Host=norilsk.blackrussia.online | route=direct | UA=Dalvik/2.1.0 (Linux; U; Android 14; 2499696G Build/UP1A.250205.062)
[HTTP] pre-ping failed | target=80.66.82.154:80 | Host=norilsk.blackrussia.online | route=direct | reason=before OPEN_CONNECTION_REQUEST 5/5 | timed out
[HTTP UA] generated for current session: Dalvik/2.1.0 (Linux; U; Android 12; SM-S936B Build/SP1A.220712.087)
[HTTP] pre-ping start | reason=before OPEN_CONNECTION_REQUEST 1/5 | target=80.66.82.154:80 | Host=norilsk.blackrussia.online | route=direct | UA=Dalvik/2.1.0 (Linux; U; Android 12; SM-S936B Build/SP1A.220712.087)
[HTTP] pre-ping failed | target=80.66.82.154:80 | Host=norilsk.blackrussia.online | route=direct | reason=before OPEN_CONNECTION_REQUEST 3/5 | timed out
[HTTP] pre-ping start | reason=before OPEN_CONNECTION_REQUEST 4/5 | target=80.66.82.154:80 | Host=norilsk.blackrussia.online | route=direct | UA=Dalvik/2.1.0 (Linux; U; Android 15; ru-RU; SM-S936U Build/BP1A.260105.022)
[HTTP] pre-ping failed | target=80.66.82.154:80 | Host=norilsk.blackrussia.online | route=direct | reason=before OPEN_CONNECTION_REQUEST 2/5 | timed out
[HTTP] pre-ping start | reason=before OPEN_CONNECTION_REQUEST 3/5 | target=80.66.82.154:80 | Host=norilsk.blackrussia.online | route=direct | UA=Dalvik/2.1.0 (Linux; U; Android 13; en-US; Pixel 9a Build/TP1A.230912.046)
[HTTP] pre-ping failed | target=80.66.82.154:80 | Host=norilsk.blackrussia.online | route=direct | reason=before OPEN_CONNECTION_REQUEST 3/5 | timed out
[HTTP] pre-ping start | reason=before OPEN_CONNECTION_REQUEST 4/5 | target=80.66.82.154:80 | Host=norilsk.blackrussia.online | route=direct | UA=Dalvik/2.1.0 (Linux; U; Android 15; kk-KZ; 230298RN69G Build/BP1A.241006.007)
[HTTP] pre-ping failed | target=80.66.82.154:80 | Host=norilsk.blackrussia.online | route=direct | reason=before OPEN_CONNECTION_REQUEST 4/5 | timed out
[HTTP] pre-ping failed | target=80.66.82.154:80 | Host=norilsk.blackrussia.online | route=direct | reason=before OPEN_CONNECTION_REQUEST 2/5 | timed out
[HTTP] pre-ping start | reason=before OPEN_CONNECTION_REQUEST 3/5 | target=80.66.82.154:80 | Host=norilsk.blackrussia.online | route=direct | UA=Dalvik/2.1.0 (Linux; U; Android 13; en-US; SM-A145N Build/TQ3A.240216.024)
[HTTP UA] generated for current session: Dalvik/2.1.0 (Linux; U; Android 12; 240177RN16G Build/SQ3A.220719.079)
[HTTP] pre-ping start | reason=before OPEN_CONNECTION_REQUEST 1/5 | target=80.66.82.154:80 | Host=norilsk.blackrussia.online | route=direct | UA=Dalvik/2.1.0 (Linux; U; Android 12; 240177RN16G Build/SQ3A.220719.079)
[HTTP] pre-ping failed | target=80.66.82.154:80 | Host=norilsk.blackrussia.online | route=direct | reason=before OPEN_CONNECTION_REQUEST 5/5 | timed out
[HTTP] pre-ping failed | target=80.66.82.154:80 | Host=norilsk.blackrussia.online | route=direct | reason=before OPEN_CONNECTION_REQUEST 1/5 | timed out
[HTTP] pre-ping start | reason=before OPEN_CONNECTION_REQUEST 2/5 | target=80.66.82.154:80 | Host=norilsk.blackrussia.online | route=direct | UA=Dalvik/2.1.0 (Linux; U; Android 12; SM-S936B Build/SP1A.220712.087)
[HTTP] pre-ping failed | target=80.66.82.154:80 | Host=norilsk.blackrussia.online | route=direct | reason=before OPEN_CONNECTION_REQUEST 4/5 | timed out
[HTTP] pre-ping start | reason=before OPEN_CONNECTION_REQUEST 5/5 | target=80.66.82.154:80 | Host=norilsk.blackrussia.online | route=direct | UA=Dalvik/2.1.0 (Linux; U; Android 15; ru-RU; SM-S936U Build/BP1A.260105.022)
[HTTP] pre-ping failed | target=80.66.82.154:80 | Host=norilsk.blackrussia.online | route=direct | reason=before OPEN_CONNECTION_REQUEST 3/5 | timed out
[HTTP] pre-ping start | reason=before OPEN_CONNECTION_REQUEST 4/5 | target=80.66.82.154:80 | Host=norilsk.blackrussia.online | route=direct | UA=Dalvik/2.1.0 (Linux; U; Android 13; en-US; Pixel 9a Build/TP1A.230912.046)
[HTTP] pre-ping failed | target=80.66.82.154:80 | Host=norilsk.blackrussia.online | route=direct | reason=before OPEN_CONNECTION_REQUEST 4/5 | timed out
[HTTP UA] generated for current session: Dalvik/2.1.0 (Linux; U; Android 12; uk-UA; V2262 Build/SQ3A.220122.054)
[HTTP] pre-ping start | reason=before OPEN_CONNECTION_REQUEST 1/5 | target=80.66.82.154:80 | Host=norilsk.blackrussia.online | route=direct | UA=Dalvik/2.1.0 (Linux; U; Android 12; uk-UA; V2262 Build/SQ3A.220122.054)
[HTTP] pre-ping failed | target=80.66.82.154:80 | Host=norilsk.blackrussia.online | route=direct | reason=before OPEN_CONNECTION_REQUEST 3/5 | timed out
[HTTP] pre-ping start | reason=before OPEN_CONNECTION_REQUEST 4/5 | target=80.66.82.154:80 | Host=norilsk.blackrussia.online | route=direct | UA=Dalvik/2.1.0 (Linux; U; Android 13; en-US; SM-A145N Build/TQ3A.240216.024)
[HTTP] pre-ping failed | target=80.66.82.154:80 | Host=norilsk.blackrussia.online | route=direct | reason=before OPEN_CONNECTION_REQUEST 1/5 | timed out
[HTTP] pre-ping start | reason=before OPEN_CONNECTION_REQUEST 2/5 | target=80.66.82.154:80 | Host=norilsk.blackrussia.online | route=direct | UA=Dalvik/2.1.0 (Linux; U; Android 12; 240177RN16G Build/SQ3A.220719.079)
[HTTP UA] generated for current session: Dalvik/2.1.0 (Linux; U; Android 15; kk-KZ; V2353 Build/AP3A.250106.088)
[HTTP] pre-ping start | reason=before OPEN_CONNECTION_REQUEST 1/5 | target=80.66.82.154:80 | Host=norilsk.blackrussia.online | route=direct | UA=Dalvik/2.1.0 (Linux; U; Android 15; kk-KZ; V2353 Build/AP3A.250106.088)
[HTTP] pre-ping failed | target=80.66.82.154:80 | Host=norilsk.blackrussia.online | route=direct | reason=before OPEN_CONNECTION_REQUEST 2/5 | timed out
[HTTP] pre-ping start | reason=before OPEN_CONNECTION_REQUEST 3/5 | target=80.66.82.154:80 | Host=norilsk.blackrussia.online | route=direct | UA=Dalvik/2.1.0 (Linux; U; Android 12; SM-S936B Build/SP1A.220712.087)
[HTTP] pre-ping failed | target=80.66.82.154:80 | Host=norilsk.blackrussia.online | route=direct | reason=before OPEN_CONNECTION_REQUEST 5/5 | timed out
[HTTP] pre-ping failed | target=80.66.82.154:80 | Host=norilsk.blackrussia.online | route=direct | reason=before OPEN_CONNECTION_REQUEST 4/5 | timed out
[HTTP] pre-ping start | reason=before OPEN_CONNECTION_REQUEST 5/5 | target=80.66.82.154:80 | Host=norilsk.blackrussia.online | route=direct | UA=Dalvik/2.1.0 (Linux; U; Android 13; en-US; Pixel 9a Build/TP1A.230912.046)
[HTTP] pre-ping failed | target=80.66.82.154:80 | Host=norilsk.blackrussia.online | route=direct | reason=before OPEN_CONNECTION_REQUEST 1/5 | timed out
[HTTP] pre-ping start | reason=before OPEN_CONNECTION_REQUEST 2/5 | target=80.66.82.154:80 | Host=norilsk.blackrussia.online | route=direct | UA=Dalvik/2.1.0 (Linux; U; Android 12; uk-UA; V2262 Build/SQ3A.220122.054)
[HTTP] pre-ping failed | target=80.66.82.154:80 | Host=norilsk.blackrussia.online | route=direct | reason=before OPEN_CONNECTION_REQUEST 4/5 | timed out
[HTTP] pre-ping failed | target=80.66.82.154:80 | Host=norilsk.blackrussia.online | route=direct | reason=before OPEN_CONNECTION_REQUEST 2/5 | timed out
[HTTP] pre-ping start | reason=before OPEN_CONNECTION_REQUEST 3/5 | target=80.66.82.154:80 | Host=norilsk.blackrussia.online | route=direct | UA=Dalvik/2.1.0 (Linux; U; Android 12; 240177RN16G Build/SQ3A.220719.079)
[HTTP] pre-ping failed | target=80.66.82.154:80 | Host=norilsk.blackrussia.online | route=direct | reason=before OPEN_CONNECTION_REQUEST 1/5 | timed out
[HTTP] pre-ping start | reason=before OPEN_CONNECTION_REQUEST 2/5 | target=80.66.82.154:80 | Host=norilsk.blackrussia.online | route=direct | UA=Dalvik/2.1.0 (Linux; U; Android 15; kk-KZ; V2353 Build/AP3A.250106.088)
[HTTP UA] generated for current session: Dalvik/2.1.0 (Linux; U; Android 14; uk-UA; CPH2547 Build/UP1A.231004.065)
[HTTP] pre-ping start | reason=before OPEN_CONNECTION_REQUEST 1/5 | target=80.66.82.154:80 | Host=norilsk.blackrussia.online | route=direct | UA=Dalvik/2.1.0 (Linux; U; Android 14; uk-UA; CPH2547 Build/UP1A.231004.065)
[HTTP] pre-ping failed | target=80.66.82.154:80 | Host=norilsk.blackrussia.online | route=direct | reason=before OPEN_CONNECTION_REQUEST 3/5 | timed out
[HTTP] pre-ping start | reason=before OPEN_CONNECTION_REQUEST 4/5 | target=80.66.82.154:80 | Host=norilsk.blackrussia.online | route=direct | UA=Dalvik/2.1.0 (Linux; U; Android 12; SM-S936B Build/SP1A.220712.087)
[HTTP] pre-ping failed | target=80.66.82.154:80 | Host=norilsk.blackrussia.online | route=direct | reason=before OPEN_CONNECTION_REQUEST 5/5 | timed out
[HTTP UA] generated for current session: Dalvik/2.1.0 (Linux; U; Android 13; en-US; 2178533G Build/TQ3A.220730.040)
[HTTP] pre-ping start | reason=before OPEN_CONNECTION_REQUEST 1/5 | target=80.66.82.154:80 | Host=norilsk.blackrussia.online | route=direct | UA=Dalvik/2.1.0 (Linux; U; Android 13; en-US; 2178533G Build/TQ3A.220730.040)
[HTTP] pre-ping failed | target=80.66.82.154:80 | Host=norilsk.blackrussia.online | route=direct | reason=before OPEN_CONNECTION_REQUEST 2/5 | timed out
[HTTP] pre-ping start | reason=before OPEN_CONNECTION_REQUEST 3/5 | target=80.66.82.154:80 | Host=norilsk.blackrussia.online | route=direct | UA=Dalvik/2.1.0 (Linux; U; Android 12; uk-UA; V2262 Build/SQ3A.220122.054)
[HTTP] pre-ping failed | target=80.66.82.154:80 | Host=norilsk.blackrussia.online | route=direct | reason=before OPEN_CONNECTION_REQUEST 2/5 | [Errno 104] Connection reset by peer
[HTTP] pre-ping failed | target=80.66.82.154:80 | Host=norilsk.blackrussia.online | route=direct | reason=before OPEN_CONNECTION_REQUEST 1/5 | [Errno 104] Connection reset by peer
[HTTP] pre-ping failed | target=80.66.82.154:80 | Host=norilsk.blackrussia.online | route=direct | reason=before OPEN_CONNECTION_REQUEST 3/5 | [Errno 104] Connection reset by peer
[HTTP] pre-ping failed | target=80.66.82.154:80 | Host=norilsk.blackrussia.online | route=direct | reason=before OPEN_CONNECTION_REQUEST 1/5 | [Errno 104] Connection reset by peer
[HTTP] pre-ping failed | target=80.66.82.154:80 | Host=norilsk.blackrussia.online | route=direct | reason=before OPEN_CONNECTION_REQUEST 4/5 | [Errno 104] Connection reset by peer
[HTTP] pre-ping failed | target=80.66.82.154:80 | Host=norilsk.blackrussia.online | route=direct | reason=before OPEN_CONNECTION_REQUEST 3/5 | [Errno 104] Connection reset by peer
[HTTP] pre-ping start | reason=before OPEN_CONNECTION_REQUEST 4/5 | target=80.66.82.154:80 | Host=norilsk.blackrussia.online | route=direct | UA=Dalvik/2.1.0 (Linux; U; Android 12; 240177RN16G Build/SQ3A.220719.079)
[HTTP] pre-ping start | reason=before OPEN_CONNECTION_REQUEST 2/5 | target=80.66.82.154:80 | Host=norilsk.blackrussia.online | route=direct | UA=Dalvik/2.1.0 (Linux; U; Android 14; uk-UA; CPH2547 Build/UP1A.231004.065)
2026-09-27 08:39:56,229 (__init__.py:1154 TelegramBotPoll) ERROR - TeleBot: "Infinity polling exception: ('Connection aborted.', ConnectionResetError(104, 'Connection reset by peer'))"
[HTTP] pre-ping start | reason=before OPEN_CONNECTION_REQUEST 3/5 | target=80.66.82.154:80 | Host=norilsk.blackrussia.online | route=direct | UA=Dalvik/2.1.0 (Linux; U; Android 15; kk-KZ; V2353 Build/AP3A.250106.088)
2026-09-27 08:39:56,280 (__init__.py:1156 TelegramBotPoll) ERROR - TeleBot: "Exception traceback:
Traceback (most recent call last):
  File "/data/data/com.termux/files/usr/lib/python3.14/site-packages/urllib3/connectionpool.py", line 793, in urlopen
    response = self._make_request(
        conn,
    ...<10 lines>...
        **response_kw,
    )
  File "/data/data/com.termux/files/usr/lib/python3.14/site-packages/urllib3/connectionpool.py", line 540, in _make_request
    response = conn.getresponse()
  File "/data/data/com.termux/files/usr/lib/python3.14/site-packages/urllib3/connection.py", line 638, in getresponse
    httplib_response = super().getresponse()
  File "/data/data/com.termux/files/usr/lib/python3.14/http/client.py", line 1459, in getresponse
    response.begin()
    ~~~~~~~~~~~~~~^^
  File "/data/data/com.termux/files/usr/lib/python3.14/http/client.py", line 336, in begin
    version, status, reason = self._read_status()
                              ~~~~~~~~~~~~~~~~~^^
  File "/data/data/com.termux/files/usr/lib/python3.14/http/client.py", line 297, in _read_status
    line = str(self.fp.readline(_MAXLINE + 1), "iso-8859-1")
               ~~~~~~~~~~~~~~~~^^^^^^^^^^^^^^
  File "/data/data/com.termux/files/usr/lib/python3.14/socket.py", line 729, in readinto
    return self._sock.recv_into(b)
           ~~~~~~~~~~~~~~~~~~~~^^^
  File "/data/data/com.termux/files/usr/lib/python3.14/ssl.py", line 1304, in recv_into
    return self.read(nbytes, buffer)
           ~~~~~~~~~^^^^^^^^^^^^^^^^
  File "/data/data/com.termux/files/usr/lib/python3.14/ssl.py", line 1138, in read
    return self._sslobj.read(len, buffer)
           ~~~~~~~~~~~~~~~~~^^^^^^^^^^^^^
ConnectionResetError: [Errno 104] Connection reset by peer

During handling of the above exception, another exception occurred:

Traceback (most recent call last):
  File "/data/data/com.termux/files/usr/lib/python3.14/site-packages/requests/adapters.py", line 696, in send
    resp = conn.urlopen(
        method=request.method,
    ...<9 lines>...
        chunked=chunked,
    )
  File "/data/data/com.termux/files/usr/lib/python3.14/site-packages/urllib3/connectionpool.py", line 847, in urlopen
    retries = retries.increment(
        method, url, error=new_e, _pool=self, _stacktrace=sys.exc_info()[2]
    )
  File "/data/data/com.termux/files/usr/lib/python3.14/site-packages/urllib3/util/retry.py", line 510, in increment
    raise reraise(type(error), error, _stacktrace)
          ~~~~~~~^^^^^^^^^^^^^^^^^^^^^^^^^^^^^^^^^
  File "/data/data/com.termux/files/usr/lib/python3.14/site-packages/urllib3/util/util.py", line 38, in reraise
    raise value.with_traceback(tb)
  File "/data/data/com.termux/files/usr/lib/python3.14/site-packages/urllib3/connectionpool.py", line 793, in urlopen
    response = self._make_request(
        conn,
    ...<10 lines>...
        **response_kw,
    )
  File "/data/data/com.termux/files/usr/lib/python3.14/site-packages/urllib3/connectionpool.py", line 540, in _make_request
    response = conn.getresponse()
  File "/data/data/com.termux/files/usr/lib/python3.14/site-packages/urllib3/connection.py", line 638, in getresponse
    httplib_response = super().getresponse()
  File "/data/data/com.termux/files/usr/lib/python3.14/http/client.py", line 1459, in getresponse
    response.begin()
    ~~~~~~~~~~~~~~^^
  File "/data/data/com.termux/files/usr/lib/python3.14/http/client.py", line 336, in begin
    version, status, reason = self._read_status()
                              ~~~~~~~~~~~~~~~~~^^
  File "/data/data/com.termux/files/usr/lib/python3.14/http/client.py", line 297, in _read_status
    line = str(self.fp.readline(_MAXLINE + 1), "iso-8859-1")
               ~~~~~~~~~~~~~~~~^^^^^^^^^^^^^^
  File "/data/data/com.termux/files/usr/lib/python3.14/socket.py", line 729, in readinto
    return self._sock.recv_into(b)
           ~~~~~~~~~~~~~~~~~~~~^^^
  File "/data/data/com.termux/files/usr/lib/python3.14/ssl.py", line 1304, in recv_into
    return self.read(nbytes, buffer)
           ~~~~~~~~~^^^^^^^^^^^^^^^^
  File "/data/data/com.termux/files/usr/lib/python3.14/ssl.py", line 1138, in read
    return self._sslobj.read(len, buffer)
           ~~~~~~~~~~~~~~~~~^^^^^^^^^^^^^
urllib3.exceptions.ProtocolError: ('Connection aborted.', ConnectionResetError(104, 'Connection reset by peer'))

During handling of the above exception, another exception occurred:

Traceback (most recent call last):
  File "/data/data/com.termux/files/usr/lib/python3.14/site-packages/telebot/__init__.py", line 1149, in infinity_polling
    self.polling(non_stop=True, timeout=timeout, long_polling_timeout=long_polling_timeout,
    ~~~~~~~~~~~~^^^^^^^^^^^^^^^^^^^^^^^^^^^^^^^^^^^^^^^^^^^^^^^^^^^^^^^^^^^^^^^^^^^^^^^^^^^
                 logger_level=logger_level, allowed_updates=allowed_updates, restart_on_change=False,
                 ^^^^^^^^^^^^^^^^^^^^^^^^^^^^^^^^^^^^^^^^^^^^^^^^^^^^^^^^^^^^^^^^^^^^^^^^^^^^^^^^^^^^
                 *args, **kwargs)
                 ^^^^^^^^^^^^^^^^
  File "/data/data/com.termux/files/usr/lib/python3.14/site-packages/telebot/__init__.py", line 1237, in polling
    self.__threaded_polling(non_stop=non_stop, interval=interval, timeout=timeout, long_polling_timeout=long_polling_timeout,
    ~~~~~~~~~~~~~~~~~~~~~~~^^^^^^^^^^^^^^^^^^^^^^^^^^^^^^^^^^^^^^^^^^^^^^^^^^^^^^^^^^^^^^^^^^^^^^^^^^^^^^^^^^^^^^^^^^^^^^^^^^
                            logger_level=logger_level, allowed_updates=allowed_updates)
                            ^^^^^^^^^^^^^^^^^^^^^^^^^^^^^^^^^^^^^^^^^^^^^^^^^^^^^^^^^^^
  File "/data/data/com.termux/files/usr/lib/python3.14/site-packages/telebot/__init__.py", line 1312, in __threaded_polling
    raise e
  File "/data/data/com.termux/files/usr/lib/python3.14/site-packages/telebot/__init__.py", line 1273, in __threaded_polling
    polling_thread.raise_exceptions()
    ~~~~~~~~~~~~~~~~~~~~~~~~~~~~~~~^^
  File "/data/data/com.termux/files/usr/lib/python3.14/site-packages/telebot/util.py", line 116, in raise_exceptions
    raise self.exception_info
  File "/data/data/com.termux/files/usr/lib/python3.14/site-packages/telebot/util.py", line 98, in run
    task(*args, **kwargs)
    ~~~~^^^^^^^^^^^^^^^^^
  File "/data/data/com.termux/files/usr/lib/python3.14/site-packages/telebot/__init__.py", line 691, in __retrieve_updates
    updates = self.get_updates(offset=(self.last_update_id + 1),
                               allowed_updates=allowed_updates,
                               timeout=timeout, long_polling_timeout=long_polling_timeout)
  File "/data/data/com.termux/files/usr/lib/python3.14/site-packages/telebot/__init__.py", line 663, in get_updates
    json_updates = apihelper.get_updates(
        self.token, offset=offset, limit=limit, timeout=timeout, allowed_updates=allowed_updates,
        long_polling_timeout=long_polling_timeout)
  File "/data/data/com.termux/files/usr/lib/python3.14/site-packages/telebot/apihelper.py", line 382, in get_updates
    return _make_request(token, method_url, params=payload)
  File "/data/data/com.termux/files/usr/lib/python3.14/site-packages/telebot/apihelper.py", line 162, in _make_request
    result = _get_req_session().request(
        method, request_url, params=params, files=files,
        timeout=(connect_timeout, read_timeout), proxies=proxy)
  File "/data/data/com.termux/files/usr/lib/python3.14/site-packages/requests/sessions.py", line 651, in request
    resp = self.send(prep, **send_kwargs)
  File "/data/data/com.termux/files/usr/lib/python3.14/site-packages/requests/sessions.py", line 784, in send
    r = adapter.send(request, **kwargs)
  File "/data/data/com.termux/files/usr/lib/python3.14/site-packages/requests/adapters.py", line 711, in send
    raise ConnectionError(err, request=request)
requests.exceptions.ConnectionError: ('Connection aborted.', ConnectionResetError(104, 'Connection reset by peer'))
"
[HTTP UA] generated for current session: Dalvik/2.1.0 (Linux; U; Android 14; kk-KZ; CPH2599 Build/UP1A.240406.023)
[HTTP] pre-ping start | reason=before OPEN_CONNECTION_REQUEST 1/5 | target=80.66.82.154:80 | Host=norilsk.blackrussia.online | route=direct | UA=Dalvik/2.1.0 (Linux; U; Android 14; kk-KZ; CPH2599 Build/UP1A.240406.023)
[HTTP] pre-ping start | reason=before OPEN_CONNECTION_REQUEST 5/5 | target=80.66.82.154:80 | Host=norilsk.blackrussia.online | route=direct | UA=Dalvik/2.1.0 (Linux; U; Android 12; SM-S936B Build/SP1A.220712.087)
[HTTP] pre-ping done | target=80.66.82.154:80 | Host=norilsk.blackrussia.online | route=direct | bytes=297
[HTTP] pre-ping done | target=80.66.82.154:80 | Host=norilsk.blackrussia.online | route=direct | bytes=297
[HTTP] pre-ping done | target=80.66.82.154:80 | Host=norilsk.blackrussia.online | route=direct | bytes=297
[HTTP] pre-ping failed | target=80.66.82.154:80 | Host=norilsk.blackrussia.online | route=direct | reason=before OPEN_CONNECTION_REQUEST 5/5 | [Errno 103] Software caused connection abort
[HTTP] pre-ping failed | target=80.66.82.154:80 | Host=norilsk.blackrussia.online | route=direct | reason=before OPEN_CONNECTION_REQUEST 1/5 | [Errno 103] Software caused connection abort
[HTTP] pre-ping start | reason=before OPEN_CONNECTION_REQUEST 2/5 | target=80.66.82.154:80 | Host=norilsk.blackrussia.online | route=direct | UA=Dalvik/2.1.0 (Linux; U; Android 13; en-US; 2178533G Build/TQ3A.220730.040)
[HTTP] pre-ping start | reason=before OPEN_CONNECTION_REQUEST 4/5 | target=80.66.82.154:80 | Host=norilsk.blackrussia.online | route=direct | UA=Dalvik/2.1.0 (Linux; U; Android 12; uk-UA; V2262 Build/SQ3A.220122.054)
[HTTP] pre-ping start | reason=before OPEN_CONNECTION_REQUEST 5/5 | target=80.66.82.154:80 | Host=norilsk.blackrussia.online | route=direct | UA=Dalvik/2.1.0 (Linux; U; Android 12; 240177RN16G Build/SQ3A.220719.079)
[HTTP] pre-ping start | reason=before OPEN_CONNECTION_REQUEST 4/5 | target=80.66.82.154:80 | Host=norilsk.blackrussia.online | route=direct | UA=Dalvik/2.1.0 (Linux; U; Android 15; kk-KZ; V2353 Build/AP3A.250106.088)
[HTTP] pre-ping start | reason=before OPEN_CONNECTION_REQUEST 3/5 | target=80.66.82.154:80 | Host=norilsk.blackrussia.online | route=direct | UA=Dalvik/2.1.0 (Linux; U; Android 14; uk-UA; CPH2547 Build/UP1A.231004.065)
[HTTP UA] generated for current session: Dalvik/2.1.0 (Linux; U; Android 13; uk-UA; SM-A236F Build/TQ3A.240512.016)
[HTTP] pre-ping start | reason=before OPEN_CONNECTION_REQUEST 1/5 | target=80.66.82.154:80 | Host=norilsk.blackrussia.online | route=direct | UA=Dalvik/2.1.0 (Linux; U; Android 13; uk-UA; SM-A236F Build/TQ3A.240512.016)
[HTTP] pre-ping done | target=80.66.82.154:80 | Host=norilsk.blackrussia.online | route=direct | bytes=297
[HTTP] pre-ping done | target=80.66.82.154:80 | Host=norilsk.blackrussia.online | route=direct | bytes=297
[!] Ошибка сохранения /data/data/com.termux/files/home/blackrussia/accounts.json: [Errno 2] No such file or directory: '/data/data/com.termux/files/home/blackrussia/accounts.json.tmp' -> '/data/data/com.termux/files/home/blackrussia/accounts.json'
[!] Ошибка сохранения /data/data/com.termux/files/home/blackrussia/accounts.json: [Errno 2] No such file or directory: '/data/data/com.termux/files/home/blackrussia/accounts.json.tmp' -> '/data/data/com.termux/files/home/blackrussia/accounts.json'
[HTTP] pre-ping failed | target=80.66.82.154:80 | Host=norilsk.blackrussia.online | route=direct | reason=before OPEN_CONNECTION_REQUEST 4/5 | timed out
[HTTP] pre-ping start | reason=before OPEN_CONNECTION_REQUEST 5/5 | target=80.66.82.154:80 | Host=norilsk.blackrussia.online | route=direct | UA=Dalvik/2.1.0 (Linux; U; Android 12; uk-UA; V2262 Build/SQ3A.220122.054)
[HTTP] pre-ping failed | target=80.66.82.154:80 | Host=norilsk.blackrussia.online | route=direct | reason=before OPEN_CONNECTION_REQUEST 5/5 | timed out
[HTTP] pre-ping failed | target=80.66.82.154:80 | Host=norilsk.blackrussia.online | route=direct | reason=before OPEN_CONNECTION_REQUEST 4/5 | timed out
[HTTP] pre-ping failed | target=80.66.82.154:80 | Host=norilsk.blackrussia.online | route=direct | reason=before OPEN_CONNECTION_REQUEST 3/5 | timed out
[HTTP] pre-ping start | reason=before OPEN_CONNECTION_REQUEST 5/5 | target=80.66.82.154:80 | Host=norilsk.blackrussia.online | route=direct | UA=Dalvik/2.1.0 (Linux; U; Android 15; kk-KZ; V2353 Build/AP3A.250106.088)
[HTTP] pre-ping start | reason=before OPEN_CONNECTION_REQUEST 4/5 | target=80.66.82.154:80 | Host=norilsk.blackrussia.online | route=direct | UA=Dalvik/2.1.0 (Linux; U; Android 14; uk-UA; CPH2547 Build/UP1A.231004.065)
[HTTP] pre-ping done | target=80.66.82.154:80 | Host=norilsk.blackrussia.online | route=direct | bytes=297
[HTTP] pre-ping done | target=80.66.82.154:80 | Host=norilsk.blackrussia.online | route=direct | bytes=297
[HTTP] pre-ping done | target=80.66.82.154:80 | Host=norilsk.blackrussia.online | route=direct | bytes=297
[!] Ошибка сохранения /data/data/com.termux/files/home/blackrussia/accounts.json: [Errno 2] No such file or directory: '/data/data/com.termux/files/home/blackrussia/accounts.json.tmp' -> '/data/data/com.termux/files/home/blackrussia/accounts.json'
[HTTP UA] generated for current session: Dalvik/2.1.0 (Linux; U; Android 12; 220985RN43G Build/SP1A.220528.071)
[HTTP] pre-ping start | reason=before OPEN_CONNECTION_REQUEST 1/5 | target=80.66.82.154:80 | Host=norilsk.blackrussia.online | route=direct | UA=Dalvik/2.1.0 (Linux; U; Android 12; 220985RN43G Build/SP1A.220528.071)
[HTTP] pre-ping done | target=80.66.82.154:80 | Host=norilsk.blackrussia.online | route=direct | bytes=297
[HTTP UA] generated for current session: Dalvik/2.1.0 (Linux; U; Android 13; en-US; SM-A155M Build/TP1A.230804.036)
[HTTP] pre-ping start | reason=before OPEN_CONNECTION_REQUEST 1/5 | target=80.66.82.154:80 | Host=norilsk.blackrussia.online | route=direct | UA=Dalvik/2.1.0 (Linux; U; Android 13; en-US; SM-A155M Build/TP1A.230804.036)
[HTTP] pre-ping done | target=80.66.82.154:80 | Host=norilsk.blackrussia.online | route=direct | bytes=297
[HTTP UA] generated for current session: Dalvik/2.1.0 (Linux; U; Android 13; ru-RU; CPH2580 Build/TQ3A.221105.023)
[HTTP] pre-ping start | reason=before OPEN_CONNECTION_REQUEST 1/5 | target=80.66.82.154:80 | Host=norilsk.blackrussia.online | route=direct | UA=Dalvik/2.1.0 (Linux; U; Android 13; ru-RU; CPH2580 Build/TQ3A.221105.023)
[HTTP] pre-ping done | target=80.66.82.154:80 | Host=norilsk.blackrussia.online | route=direct | bytes=297
[HTTP UA] generated for current session: Dalvik/2.1.0 (Linux; U; Android 13; en-US; 2439993G Build/TQ3A.240417.001)
[HTTP] pre-ping start | reason=before OPEN_CONNECTION_REQUEST 1/5 | target=80.66.82.154:80 | Host=norilsk.blackrussia.online | route=direct | UA=Dalvik/2.1.0 (Linux; U; Android 13; en-US; 2439993G Build/TQ3A.240417.001)
[HTTP] pre-ping done | target=80.66.82.154:80 | Host=norilsk.blackrussia.online | route=direct | bytes=297
[HTTP UA] generated for current session: Dalvik/2.1.0 (Linux; U; Android 14; uk-UA; 250547RN52G Build/UP1A.240226.089)
[HTTP] pre-ping start | reason=before OPEN_CONNECTION_REQUEST 1/5 | target=80.66.82.154:80 | Host=norilsk.blackrussia.online | route=direct | UA=Dalvik/2.1.0 (Linux; U; Android 14; uk-UA; 250547RN52G Build/UP1A.240226.089)
[HTTP] pre-ping done | target=80.66.82.154:80 | Host=norilsk.blackrussia.online | route=direct | bytes=297
2026-09-27 08:40:31,435 (__init__.py:1154 TelegramBotPoll) ERROR - TeleBot: "Infinity polling exception: ('Connection aborted.', ConnectionResetError(104, 'Connection reset by peer'))"
2026-09-27 08:40:31,464 (__init__.py:1156 TelegramBotPoll) ERROR - TeleBot: "Exception traceback:
Traceback (most recent call last):
  File "/data/data/com.termux/files/usr/lib/python3.14/site-packages/urllib3/connectionpool.py", line 793, in urlopen
    response = self._make_request(
        conn,
    ...<10 lines>...
        **response_kw,
    )
  File "/data/data/com.termux/files/usr/lib/python3.14/site-packages/urllib3/connectionpool.py", line 540, in _make_request
    response = conn.getresponse()
  File "/data/data/com.termux/files/usr/lib/python3.14/site-packages/urllib3/connection.py", line 638, in getresponse
    httplib_response = super().getresponse()
  File "/data/data/com.termux/files/usr/lib/python3.14/http/client.py", line 1459, in getresponse
    response.begin()
    ~~~~~~~~~~~~~~^^
  File "/data/data/com.termux/files/usr/lib/python3.14/http/client.py", line 336, in begin
    version, status, reason = self._read_status()
                              ~~~~~~~~~~~~~~~~~^^
  File "/data/data/com.termux/files/usr/lib/python3.14/http/client.py", line 297, in _read_status
    line = str(self.fp.readline(_MAXLINE + 1), "iso-8859-1")
               ~~~~~~~~~~~~~~~~^^^^^^^^^^^^^^
  File "/data/data/com.termux/files/usr/lib/python3.14/socket.py", line 729, in readinto
    return self._sock.recv_into(b)
           ~~~~~~~~~~~~~~~~~~~~^^^
  File "/data/data/com.termux/files/usr/lib/python3.14/ssl.py", line 1304, in recv_into
    return self.read(nbytes, buffer)
           ~~~~~~~~~^^^^^^^^^^^^^^^^
  File "/data/data/com.termux/files/usr/lib/python3.14/ssl.py", line 1138, in read
    return self._sslobj.read(len, buffer)
           ~~~~~~~~~~~~~~~~~^^^^^^^^^^^^^
ConnectionResetError: [Errno 104] Connection reset by peer

During handling of the above exception, another exception occurred:

Traceback (most recent call last):
  File "/data/data/com.termux/files/usr/lib/python3.14/site-packages/requests/adapters.py", line 696, in send
    resp = conn.urlopen(
        method=request.method,
    ...<9 lines>...
        chunked=chunked,
    )
  File "/data/data/com.termux/files/usr/lib/python3.14/site-packages/urllib3/connectionpool.py", line 847, in urlopen
    retries = retries.increment(
        method, url, error=new_e, _pool=self, _stacktrace=sys.exc_info()[2]
    )
  File "/data/data/com.termux/files/usr/lib/python3.14/site-packages/urllib3/util/retry.py", line 510, in increment
    raise reraise(type(error), error, _stacktrace)
          ~~~~~~~^^^^^^^^^^^^^^^^^^^^^^^^^^^^^^^^^
  File "/data/data/com.termux/files/usr/lib/python3.14/site-packages/urllib3/util/util.py", line 38, in reraise
    raise value.with_traceback(tb)
  File "/data/data/com.termux/files/usr/lib/python3.14/site-packages/urllib3/connectionpool.py", line 793, in urlopen
    response = self._make_request(
        conn,
    ...<10 lines>...
        **response_kw,
    )
  File "/data/data/com.termux/files/usr/lib/python3.14/site-packages/urllib3/connectionpool.py", line 540, in _make_request
    response = conn.getresponse()
  File "/data/data/com.termux/files/usr/lib/python3.14/site-packages/urllib3/connection.py", line 638, in getresponse
    httplib_response = super().getresponse()
  File "/data/data/com.termux/files/usr/lib/python3.14/http/client.py", line 1459, in getresponse
    response.begin()
    ~~~~~~~~~~~~~~^^
  File "/data/data/com.termux/files/usr/lib/python3.14/http/client.py", line 336, in begin
    version, status, reason = self._read_status()
                              ~~~~~~~~~~~~~~~~~^^
  File "/data/data/com.termux/files/usr/lib/python3.14/http/client.py", line 297, in _read_status
    line = str(self.fp.readline(_MAXLINE + 1), "iso-8859-1")
               ~~~~~~~~~~~~~~~~^^^^^^^^^^^^^^
  File "/data/data/com.termux/files/usr/lib/python3.14/socket.py", line 729, in readinto
    return self._sock.recv_into(b)
           ~~~~~~~~~~~~~~~~~~~~^^^
  File "/data/data/com.termux/files/usr/lib/python3.14/ssl.py", line 1304, in recv_into
    return self.read(nbytes, buffer)
           ~~~~~~~~~^^^^^^^^^^^^^^^^
  File "/data/data/com.termux/files/usr/lib/python3.14/ssl.py", line 1138, in read
    return self._sslobj.read(len, buffer)
           ~~~~~~~~~~~~~~~~~^^^^^^^^^^^^^
urllib3.exceptions.ProtocolError: ('Connection aborted.', ConnectionResetError(104, 'Connection reset by peer'))

During handling of the above exception, another exception occurred:

Traceback (most recent call last):
  File "/data/data/com.termux/files/usr/lib/python3.14/site-packages/telebot/__init__.py", line 1149, in infinity_polling
    self.polling(non_stop=True, timeout=timeout, long_polling_timeout=long_polling_timeout,
    ~~~~~~~~~~~~^^^^^^^^^^^^^^^^^^^^^^^^^^^^^^^^^^^^^^^^^^^^^^^^^^^^^^^^^^^^^^^^^^^^^^^^^^^
                 logger_level=logger_level, allowed_updates=allowed_updates, restart_on_change=False,
                 ^^^^^^^^^^^^^^^^^^^^^^^^^^^^^^^^^^^^^^^^^^^^^^^^^^^^^^^^^^^^^^^^^^^^^^^^^^^^^^^^^^^^
                 *args, **kwargs)
                 ^^^^^^^^^^^^^^^^
  File "/data/data/com.termux/files/usr/lib/python3.14/site-packages/telebot/__init__.py", line 1237, in polling
    self.__threaded_polling(non_stop=non_stop, interval=interval, timeout=timeout, long_polling_timeout=long_polling_timeout,
    ~~~~~~~~~~~~~~~~~~~~~~~^^^^^^^^^^^^^^^^^^^^^^^^^^^^^^^^^^^^^^^^^^^^^^^^^^^^^^^^^^^^^^^^^^^^^^^^^^^^^^^^^^^^^^^^^^^^^^^^^^
                            logger_level=logger_level, allowed_updates=allowed_updates)
                            ^^^^^^^^^^^^^^^^^^^^^^^^^^^^^^^^^^^^^^^^^^^^^^^^^^^^^^^^^^^
  File "/data/data/com.termux/files/usr/lib/python3.14/site-packages/telebot/__init__.py", line 1312, in __threaded_polling
    raise e
  File "/data/data/com.termux/files/usr/lib/python3.14/site-packages/telebot/__init__.py", line 1273, in __threaded_polling
    polling_thread.raise_exceptions()
    ~~~~~~~~~~~~~~~~~~~~~~~~~~~~~~~^^
  File "/data/data/com.termux/files/usr/lib/python3.14/site-packages/telebot/util.py", line 116, in raise_exceptions
    raise self.exception_info
  File "/data/data/com.termux/files/usr/lib/python3.14/site-packages/telebot/util.py", line 98, in run
    task(*args, **kwargs)
    ~~~~^^^^^^^^^^^^^^^^^
  File "/data/data/com.termux/files/usr/lib/python3.14/site-packages/telebot/__init__.py", line 691, in __retrieve_updates
    updates = self.get_updates(offset=(self.last_update_id + 1),
                               allowed_updates=allowed_updates,
                               timeout=timeout, long_polling_timeout=long_polling_timeout)
  File "/data/data/com.termux/files/usr/lib/python3.14/site-packages/telebot/__init__.py", line 663, in get_updates
    json_updates = apihelper.get_updates(
        self.token, offset=offset, limit=limit, timeout=timeout, allowed_updates=allowed_updates,
        long_polling_timeout=long_polling_timeout)
  File "/data/data/com.termux/files/usr/lib/python3.14/site-packages/telebot/apihelper.py", line 382, in get_updates
    return _make_request(token, method_url, params=payload)
  File "/data/data/com.termux/files/usr/lib/python3.14/site-packages/telebot/apihelper.py", line 162, in _make_request
    result = _get_req_session().request(
        method, request_url, params=params, files=files,
        timeout=(connect_timeout, read_timeout), proxies=proxy)
  File "/data/data/com.termux/files/usr/lib/python3.14/site-packages/requests/sessions.py", line 651, in request
    resp = self.send(prep, **send_kwargs)
  File "/data/data/com.termux/files/usr/lib/python3.14/site-packages/requests/sessions.py", line 784, in send
    r = adapter.send(request, **kwargs)
  File "/data/data/com.termux/files/usr/lib/python3.14/site-packages/requests/adapters.py", line 711, in send
    raise ConnectionError(err, request=request)
requests.exceptions.ConnectionError: ('Connection aborted.', ConnectionResetError(104, 'Connection reset by peer'))
"
[HTTP UA] generated for current session: Dalvik/2.1.0 (Linux; U; Android 15; ru-RU; 2287922C Build/BP1A.260113.020)
[HTTP] pre-ping start | reason=before OPEN_CONNECTION_REQUEST 1/5 | target=80.66.82.154:80 | Host=norilsk.blackrussia.online | route=direct | UA=Dalvik/2.1.0 (Linux; U; Android 15; ru-RU; 2287922C Build/BP1A.260113.020)
[HTTP UA] generated for current session: Dalvik/2.1.0 (Linux; U; Android 15; en-US; CPH2458 Build/BP1A.260221.092)
[HTTP] pre-ping start | reason=before OPEN_CONNECTION_REQUEST 1/5 | target=80.66.82.154:80 | Host=norilsk.blackrussia.online | route=direct | UA=Dalvik/2.1.0 (Linux; U; Android 15; en-US; CPH2458 Build/BP1A.260221.092)
[HTTP] pre-ping done | target=80.66.82.154:80 | Host=norilsk.blackrussia.online | route=direct | bytes=297
[HTTP] pre-ping failed: empty response | target=80.66.82.154:80 | reason=before OPEN_CONNECTION_REQUEST 1/5
[HTTP] pre-ping start | reason=before OPEN_CONNECTION_REQUEST 2/5 | target=80.66.82.154:80 | Host=norilsk.blackrussia.online | route=direct | UA=Dalvik/2.1.0 (Linux; U; Android 15; en-US; CPH2458 Build/BP1A.260221.092)
[HTTP] pre-ping done | target=80.66.82.154:80 | Host=norilsk.blackrussia.online | route=direct | bytes=297
2026-09-27 08:41:17,745 (__init__.py:1154 TelegramBotPoll) ERROR - TeleBot: "Infinity polling exception: ('Connection aborted.', ConnectionResetError(104, 'Connection reset by peer'))"
2026-09-27 08:41:17,774 (__init__.py:1156 TelegramBotPoll) ERROR - TeleBot: "Exception traceback:
Traceback (most recent call last):
  File "/data/data/com.termux/files/usr/lib/python3.14/site-packages/urllib3/connectionpool.py", line 793, in urlopen
    response = self._make_request(
        conn,
    ...<10 lines>...
        **response_kw,
    )
  File "/data/data/com.termux/files/usr/lib/python3.14/site-packages/urllib3/connectionpool.py", line 540, in _make_request
    response = conn.getresponse()
  File "/data/data/com.termux/files/usr/lib/python3.14/site-packages/urllib3/connection.py", line 638, in getresponse
    httplib_response = super().getresponse()
  File "/data/data/com.termux/files/usr/lib/python3.14/http/client.py", line 1459, in getresponse
    response.begin()
    ~~~~~~~~~~~~~~^^
  File "/data/data/com.termux/files/usr/lib/python3.14/http/client.py", line 336, in begin
    version, status, reason = self._read_status()
                              ~~~~~~~~~~~~~~~~~^^
  File "/data/data/com.termux/files/usr/lib/python3.14/http/client.py", line 297, in _read_status
    line = str(self.fp.readline(_MAXLINE + 1), "iso-8859-1")
               ~~~~~~~~~~~~~~~~^^^^^^^^^^^^^^
  File "/data/data/com.termux/files/usr/lib/python3.14/socket.py", line 729, in readinto
    return self._sock.recv_into(b)
           ~~~~~~~~~~~~~~~~~~~~^^^
  File "/data/data/com.termux/files/usr/lib/python3.14/ssl.py", line 1304, in recv_into
    return self.read(nbytes, buffer)
           ~~~~~~~~~^^^^^^^^^^^^^^^^
  File "/data/data/com.termux/files/usr/lib/python3.14/ssl.py", line 1138, in read
    return self._sslobj.read(len, buffer)
           ~~~~~~~~~~~~~~~~~^^^^^^^^^^^^^
ConnectionResetError: [Errno 104] Connection reset by peer

During handling of the above exception, another exception occurred:

Traceback (most recent call last):
  File "/data/data/com.termux/files/usr/lib/python3.14/site-packages/requests/adapters.py", line 696, in send
    resp = conn.urlopen(
        method=request.method,
    ...<9 lines>...
        chunked=chunked,
    )
  File "/data/data/com.termux/files/usr/lib/python3.14/site-packages/urllib3/connectionpool.py", line 847, in urlopen
    retries = retries.increment(
        method, url, error=new_e, _pool=self, _stacktrace=sys.exc_info()[2]
    )
  File "/data/data/com.termux/files/usr/lib/python3.14/site-packages/urllib3/util/retry.py", line 510, in increment
    raise reraise(type(error), error, _stacktrace)
          ~~~~~~~^^^^^^^^^^^^^^^^^^^^^^^^^^^^^^^^^
  File "/data/data/com.termux/files/usr/lib/python3.14/site-packages/urllib3/util/util.py", line 38, in reraise
    raise value.with_traceback(tb)
  File "/data/data/com.termux/files/usr/lib/python3.14/site-packages/urllib3/connectionpool.py", line 793, in urlopen
    response = self._make_request(
        conn,
    ...<10 lines>...
        **response_kw,
    )
  File "/data/data/com.termux/files/usr/lib/python3.14/site-packages/urllib3/connectionpool.py", line 540, in _make_request
    response = conn.getresponse()
  File "/data/data/com.termux/files/usr/lib/python3.14/site-packages/urllib3/connection.py", line 638, in getresponse
    httplib_response = super().getresponse()
  File "/data/data/com.termux/files/usr/lib/python3.14/http/client.py", line 1459, in getresponse
    response.begin()
    ~~~~~~~~~~~~~~^^
  File "/data/data/com.termux/files/usr/lib/python3.14/http/client.py", line 336, in begin
    version, status, reason = self._read_status()
                              ~~~~~~~~~~~~~~~~~^^
  File "/data/data/com.termux/files/usr/lib/python3.14/http/client.py", line 297, in _read_status
    line = str(self.fp.readline(_MAXLINE + 1), "iso-8859-1")
               ~~~~~~~~~~~~~~~~^^^^^^^^^^^^^^
  File "/data/data/com.termux/files/usr/lib/python3.14/socket.py", line 729, in readinto
    return self._sock.recv_into(b)
           ~~~~~~~~~~~~~~~~~~~~^^^
  File "/data/data/com.termux/files/usr/lib/python3.14/ssl.py", line 1304, in recv_into
    return self.read(nbytes, buffer)
           ~~~~~~~~~^^^^^^^^^^^^^^^^
  File "/data/data/com.termux/files/usr/lib/python3.14/ssl.py", line 1138, in read
    return self._sslobj.read(len, buffer)
           ~~~~~~~~~~~~~~~~~^^^^^^^^^^^^^
urllib3.exceptions.ProtocolError: ('Connection aborted.', ConnectionResetError(104, 'Connection reset by peer'))

During handling of the above exception, another exception occurred:

Traceback (most recent call last):
  File "/data/data/com.termux/files/usr/lib/python3.14/site-packages/telebot/__init__.py", line 1149, in infinity_polling
    self.polling(non_stop=True, timeout=timeout, long_polling_timeout=long_polling_timeout,
    ~~~~~~~~~~~~^^^^^^^^^^^^^^^^^^^^^^^^^^^^^^^^^^^^^^^^^^^^^^^^^^^^^^^^^^^^^^^^^^^^^^^^^^^
                 logger_level=logger_level, allowed_updates=allowed_updates, restart_on_change=False,
                 ^^^^^^^^^^^^^^^^^^^^^^^^^^^^^^^^^^^^^^^^^^^^^^^^^^^^^^^^^^^^^^^^^^^^^^^^^^^^^^^^^^^^
                 *args, **kwargs)
                 ^^^^^^^^^^^^^^^^
  File "/data/data/com.termux/files/usr/lib/python3.14/site-packages/telebot/__init__.py", line 1237, in polling
    self.__threaded_polling(non_stop=non_stop, interval=interval, timeout=timeout, long_polling_timeout=long_polling_timeout,
    ~~~~~~~~~~~~~~~~~~~~~~~^^^^^^^^^^^^^^^^^^^^^^^^^^^^^^^^^^^^^^^^^^^^^^^^^^^^^^^^^^^^^^^^^^^^^^^^^^^^^^^^^^^^^^^^^^^^^^^^^^
                            logger_level=logger_level, allowed_updates=allowed_updates)
                            ^^^^^^^^^^^^^^^^^^^^^^^^^^^^^^^^^^^^^^^^^^^^^^^^^^^^^^^^^^^
  File "/data/data/com.termux/files/usr/lib/python3.14/site-packages/telebot/__init__.py", line 1312, in __threaded_polling
    raise e
  File "/data/data/com.termux/files/usr/lib/python3.14/site-packages/telebot/__init__.py", line 1273, in __threaded_polling
    polling_thread.raise_exceptions()
    ~~~~~~~~~~~~~~~~~~~~~~~~~~~~~~~^^
  File "/data/data/com.termux/files/usr/lib/python3.14/site-packages/telebot/util.py", line 116, in raise_exceptions
    raise self.exception_info
  File "/data/data/com.termux/files/usr/lib/python3.14/site-packages/telebot/util.py", line 98, in run
    task(*args, **kwargs)
    ~~~~^^^^^^^^^^^^^^^^^
  File "/data/data/com.termux/files/usr/lib/python3.14/site-packages/telebot/__init__.py", line 691, in __retrieve_updates
    updates = self.get_updates(offset=(self.last_update_id + 1),
                               allowed_updates=allowed_updates,
                               timeout=timeout, long_polling_timeout=long_polling_timeout)
  File "/data/data/com.termux/files/usr/lib/python3.14/site-packages/telebot/__init__.py", line 663, in get_updates
    json_updates = apihelper.get_updates(
        self.token, offset=offset, limit=limit, timeout=timeout, allowed_updates=allowed_updates,
        long_polling_timeout=long_polling_timeout)
  File "/data/data/com.termux/files/usr/lib/python3.14/site-packages/telebot/apihelper.py", line 382, in get_updates
    return _make_request(token, method_url, params=payload)
  File "/data/data/com.termux/files/usr/lib/python3.14/site-packages/telebot/apihelper.py", line 162, in _make_request
    result = _get_req_session().request(
        method, request_url, params=params, files=files,
        timeout=(connect_timeout, read_timeout), proxies=proxy)
  File "/data/data/com.termux/files/usr/lib/python3.14/site-packages/requests/sessions.py", line 651, in request
    resp = self.send(prep, **send_kwargs)
  File "/data/data/com.termux/files/usr/lib/python3.14/site-packages/requests/sessions.py", line 784, in send
    r = adapter.send(request, **kwargs)
  File "/data/data/com.termux/files/usr/lib/python3.14/site-packages/requests/adapters.py", line 711, in send
    raise ConnectionError(err, request=request)
requests.exceptions.ConnectionError: ('Connection aborted.', ConnectionResetError(104, 'Connection reset by peer'))
"
[HTTP UA] generated for current session: Dalvik/2.1.0 (Linux; U; Android 13; en-US; SM-A146M Build/TP1A.240619.046)
[HTTP UA] generated for current session: Dalvik/2.1.0 (Linux; U; Android 14; en-US; 221226RN44A Build/UP1A.250725.041)
[HTTP] pre-ping start | reason=before OPEN_CONNECTION_REQUEST 1/5 | target=80.66.82.154:80 | Host=norilsk.blackrussia.online | route=direct | UA=Dalvik/2.1.0 (Linux; U; Android 13; en-US; SM-A146M Build/TP1A.240619.046)
[HTTP] pre-ping start | reason=before OPEN_CONNECTION_REQUEST 1/5 | target=80.66.82.154:80 | Host=norilsk.blackrussia.online | route=direct | UA=Dalvik/2.1.0 (Linux; U; Android 14; en-US; 221226RN44A Build/UP1A.250725.041)
[HTTP] pre-ping done | target=80.66.82.154:80 | Host=norilsk.blackrussia.online | route=direct | bytes=297
[HTTP] pre-ping done | target=80.66.82.154:80 | Host=norilsk.blackrussia.online | route=direct | bytes=297
2026-09-27 08:41:41,040 (__init__.py:1154 TelegramBotPoll) ERROR - TeleBot: "Infinity polling exception: HTTPSConnectionPool(host='api.telegram.org', port=443): Max retries exceeded with url: /bot8815900502:***********************************/getUpdates?offset=424131578&timeout=20 (Caused by NewConnectionError("HTTPSConnection(host='api.telegram.org', port=443): Failed to establish a new connection: [Errno 101] Network is unreachable"))"
2026-09-27 08:41:41,190 (__init__.py:1156 TelegramBotPoll) ERROR - TeleBot: "Exception traceback:
Traceback (most recent call last):
  File "/data/data/com.termux/files/usr/lib/python3.14/site-packages/urllib3/connection.py", line 239, in _new_conn
    sock = connection.create_connection(
        (self._dns_host, self.port),
    ...<2 lines>...
        socket_options=self.socket_options,
    )
  File "/data/data/com.termux/files/usr/lib/python3.14/site-packages/urllib3/util/connection.py", line 85, in create_connection
    raise err
  File "/data/data/com.termux/files/usr/lib/python3.14/site-packages/urllib3/util/connection.py", line 73, in create_connection
    sock.connect(sa)
    ~~~~~~~~~~~~^^^^
OSError: [Errno 101] Network is unreachable

The above exception was the direct cause of the following exception:

Traceback (most recent call last):
  File "/data/data/com.termux/files/usr/lib/python3.14/site-packages/urllib3/connectionpool.py", line 793, in urlopen
    response = self._make_request(
        conn,
    ...<10 lines>...
        **response_kw,
    )
  File "/data/data/com.termux/files/usr/lib/python3.14/site-packages/urllib3/connectionpool.py", line 494, in _make_request
    raise new_e
  File "/data/data/com.termux/files/usr/lib/python3.14/site-packages/urllib3/connectionpool.py", line 470, in _make_request
    self._validate_conn(conn)
    ~~~~~~~~~~~~~~~~~~~^^^^^^
  File "/data/data/com.termux/files/usr/lib/python3.14/site-packages/urllib3/connectionpool.py", line 1125, in _validate_conn
    conn.connect()
    ~~~~~~~~~~~~^^
  File "/data/data/com.termux/files/usr/lib/python3.14/site-packages/urllib3/connection.py", line 827, in connect
    self.sock = sock = self._new_conn()
                       ~~~~~~~~~~~~~~^^
  File "/data/data/com.termux/files/usr/lib/python3.14/site-packages/urllib3/connection.py", line 254, in _new_conn
    raise NewConnectionError(
        self, f"Failed to establish a new connection: {e}"
    ) from e
urllib3.exceptions.NewConnectionError: HTTPSConnection(host='api.telegram.org', port=443): Failed to establish a new connection: [Errno 101] Network is unreachable

The above exception was the direct cause of the following exception:

Traceback (most recent call last):
  File "/data/data/com.termux/files/usr/lib/python3.14/site-packages/requests/adapters.py", line 696, in send
    resp = conn.urlopen(
        method=request.method,
    ...<9 lines>...
        chunked=chunked,
    )
  File "/data/data/com.termux/files/usr/lib/python3.14/site-packages/urllib3/connectionpool.py", line 847, in urlopen
    retries = retries.increment(
        method, url, error=new_e, _pool=self, _stacktrace=sys.exc_info()[2]
    )
  File "/data/data/com.termux/files/usr/lib/python3.14/site-packages/urllib3/util/retry.py", line 555, in increment
    raise MaxRetryError(_pool, url, reason) from reason  # type: ignore[arg-type]
    ^^^^^^^^^^^^^^^^^^^^^^^^^^^^^^^^^^^^^^^^^^^^^^^^^^^
urllib3.exceptions.MaxRetryError: HTTPSConnectionPool(host='api.telegram.org', port=443): Max retries exceeded with url: /bot8815900502:***********************************/getUpdates?offset=424131578&timeout=20 (Caused by NewConnectionError("HTTPSConnection(host='api.telegram.org', port=443): Failed to establish a new connection: [Errno 101] Network is unreachable"))

During handling of the above exception, another exception occurred:

Traceback (most recent call last):
  File "/data/data/com.termux/files/usr/lib/python3.14/site-packages/telebot/__init__.py", line 1149, in infinity_polling
    self.polling(non_stop=True, timeout=timeout, long_polling_timeout=long_polling_timeout,
    ~~~~~~~~~~~~^^^^^^^^^^^^^^^^^^^^^^^^^^^^^^^^^^^^^^^^^^^^^^^^^^^^^^^^^^^^^^^^^^^^^^^^^^^
                 logger_level=logger_level, allowed_updates=allowed_updates, restart_on_change=False,
                 ^^^^^^^^^^^^^^^^^^^^^^^^^^^^^^^^^^^^^^^^^^^^^^^^^^^^^^^^^^^^^^^^^^^^^^^^^^^^^^^^^^^^
                 *args, **kwargs)
                 ^^^^^^^^^^^^^^^^
  File "/data/data/com.termux/files/usr/lib/python3.14/site-packages/telebot/__init__.py", line 1237, in polling
    self.__threaded_polling(non_stop=non_stop, interval=interval, timeout=timeout, long_polling_timeout=long_polling_timeout,
    ~~~~~~~~~~~~~~~~~~~~~~~^^^^^^^^^^^^^^^^^^^^^^^^^^^^^^^^^^^^^^^^^^^^^^^^^^^^^^^^^^^^^^^^^^^^^^^^^^^^^^^^^^^^^^^^^^^^^^^^^^
                            logger_level=logger_level, allowed_updates=allowed_updates)
                            ^^^^^^^^^^^^^^^^^^^^^^^^^^^^^^^^^^^^^^^^^^^^^^^^^^^^^^^^^^^
  File "/data/data/com.termux/files/usr/lib/python3.14/site-packages/telebot/__init__.py", line 1312, in __threaded_polling
    raise e
  File "/data/data/com.termux/files/usr/lib/python3.14/site-packages/telebot/__init__.py", line 1273, in __threaded_polling
    polling_thread.raise_exceptions()
    ~~~~~~~~~~~~~~~~~~~~~~~~~~~~~~~^^
  File "/data/data/com.termux/files/usr/lib/python3.14/site-packages/telebot/util.py", line 116, in raise_exceptions
    raise self.exception_info
  File "/data/data/com.termux/files/usr/lib/python3.14/site-packages/telebot/util.py", line 98, in run
    task(*args, **kwargs)
    ~~~~^^^^^^^^^^^^^^^^^
  File "/data/data/com.termux/files/usr/lib/python3.14/site-packages/telebot/__init__.py", line 691, in __retrieve_updates
    updates = self.get_updates(offset=(self.last_update_id + 1),
                               allowed_updates=allowed_updates,
                               timeout=timeout, long_polling_timeout=long_polling_timeout)
  File "/data/data/com.termux/files/usr/lib/python3.14/site-packages/telebot/__init__.py", line 663, in get_updates
    json_updates = apihelper.get_updates(
        self.token, offset=offset, limit=limit, timeout=timeout, allowed_updates=allowed_updates,
        long_polling_timeout=long_polling_timeout)
  File "/data/data/com.termux/files/usr/lib/python3.14/site-packages/telebot/apihelper.py", line 382, in get_updates
    return _make_request(token, method_url, params=payload)
  File "/data/data/com.termux/files/usr/lib/python3.14/site-packages/telebot/apihelper.py", line 162, in _make_request
    result = _get_req_session().request(
        method, request_url, params=params, files=files,
        timeout=(connect_timeout, read_timeout), proxies=proxy)
  File "/data/data/com.termux/files/usr/lib/python3.14/site-packages/requests/sessions.py", line 651, in request
    resp = self.send(prep, **send_kwargs)
  File "/data/data/com.termux/files/usr/lib/python3.14/site-packages/requests/sessions.py", line 784, in send
    r = adapter.send(request, **kwargs)
  File "/data/data/com.termux/files/usr/lib/python3.14/site-packages/requests/adapters.py", line 729, in send
    raise ConnectionError(e, request=request)
requests.exceptions.ConnectionError: HTTPSConnectionPool(host='api.telegram.org', port=443): Max retries exceeded with url: /bot8815900502:***********************************/getUpdates?offset=424131578&timeout=20 (Caused by NewConnectionError("HTTPSConnection(host='api.telegram.org', port=443): Failed to establish a new connection: [Errno 101] Network is unreachable"))
"
2026-09-27 08:42:04,238 (__init__.py:1154 TelegramBotPoll) ERROR - TeleBot: "Infinity polling exception: HTTPSConnectionPool(host='api.telegram.org', port=443): Max retries exceeded with url: /bot8815900502:***********************************/getUpdates?offset=424131578&timeout=20 (Caused by NewConnectionError("HTTPSConnection(host='api.telegram.org', port=443): Failed to establish a new connection: [Errno 101] Network is unreachable"))"
2026-09-27 08:42:04,260 (__init__.py:1156 TelegramBotPoll) ERROR - TeleBot: "Exception traceback:
Traceback (most recent call last):
  File "/data/data/com.termux/files/usr/lib/python3.14/site-packages/urllib3/connection.py", line 239, in _new_conn
    sock = connection.create_connection(
        (self._dns_host, self.port),
    ...<2 lines>...
        socket_options=self.socket_options,
    )
  File "/data/data/com.termux/files/usr/lib/python3.14/site-packages/urllib3/util/connection.py", line 85, in create_connection
    raise err
  File "/data/data/com.termux/files/usr/lib/python3.14/site-packages/urllib3/util/connection.py", line 73, in create_connection
    sock.connect(sa)
    ~~~~~~~~~~~~^^^^
OSError: [Errno 101] Network is unreachable

The above exception was the direct cause of the following exception:

Traceback (most recent call last):
  File "/data/data/com.termux/files/usr/lib/python3.14/site-packages/urllib3/connectionpool.py", line 793, in urlopen
    response = self._make_request(
        conn,
    ...<10 lines>...
        **response_kw,
    )
  File "/data/data/com.termux/files/usr/lib/python3.14/site-packages/urllib3/connectionpool.py", line 494, in _make_request
    raise new_e
  File "/data/data/com.termux/files/usr/lib/python3.14/site-packages/urllib3/connectionpool.py", line 470, in _make_request
    self._validate_conn(conn)
    ~~~~~~~~~~~~~~~~~~~^^^^^^
  File "/data/data/com.termux/files/usr/lib/python3.14/site-packages/urllib3/connectionpool.py", line 1125, in _validate_conn
    conn.connect()
    ~~~~~~~~~~~~^^
  File "/data/data/com.termux/files/usr/lib/python3.14/site-packages/urllib3/connection.py", line 827, in connect
    self.sock = sock = self._new_conn()
                       ~~~~~~~~~~~~~~^^
  File "/data/data/com.termux/files/usr/lib/python3.14/site-packages/urllib3/connection.py", line 254, in _new_conn
    raise NewConnectionError(
        self, f"Failed to establish a new connection: {e}"
    ) from e
urllib3.exceptions.NewConnectionError: HTTPSConnection(host='api.telegram.org', port=443): Failed to establish a new connection: [Errno 101] Network is unreachable

The above exception was the direct cause of the following exception:

Traceback (most recent call last):
  File "/data/data/com.termux/files/usr/lib/python3.14/site-packages/requests/adapters.py", line 696, in send
    resp = conn.urlopen(
        method=request.method,
    ...<9 lines>...
        chunked=chunked,
    )
  File "/data/data/com.termux/files/usr/lib/python3.14/site-packages/urllib3/connectionpool.py", line 847, in urlopen
    retries = retries.increment(
        method, url, error=new_e, _pool=self, _stacktrace=sys.exc_info()[2]
    )
  File "/data/data/com.termux/files/usr/lib/python3.14/site-packages/urllib3/util/retry.py", line 555, in increment
    raise MaxRetryError(_pool, url, reason) from reason  # type: ignore[arg-type]
    ^^^^^^^^^^^^^^^^^^^^^^^^^^^^^^^^^^^^^^^^^^^^^^^^^^^
urllib3.exceptions.MaxRetryError: HTTPSConnectionPool(host='api.telegram.org', port=443): Max retries exceeded with url: /bot8815900502:***********************************/getUpdates?offset=424131578&timeout=20 (Caused by NewConnectionError("HTTPSConnection(host='api.telegram.org', port=443): Failed to establish a new connection: [Errno 101] Network is unreachable"))

During handling of the above exception, another exception occurred:

Traceback (most recent call last):
  File "/data/data/com.termux/files/usr/lib/python3.14/site-packages/telebot/__init__.py", line 1149, in infinity_polling
    self.polling(non_stop=True, timeout=timeout, long_polling_timeout=long_polling_timeout,
    ~~~~~~~~~~~~^^^^^^^^^^^^^^^^^^^^^^^^^^^^^^^^^^^^^^^^^^^^^^^^^^^^^^^^^^^^^^^^^^^^^^^^^^^
                 logger_level=logger_level, allowed_updates=allowed_updates, restart_on_change=False,
                 ^^^^^^^^^^^^^^^^^^^^^^^^^^^^^^^^^^^^^^^^^^^^^^^^^^^^^^^^^^^^^^^^^^^^^^^^^^^^^^^^^^^^
                 *args, **kwargs)
                 ^^^^^^^^^^^^^^^^
  File "/data/data/com.termux/files/usr/lib/python3.14/site-packages/telebot/__init__.py", line 1237, in polling
    self.__threaded_polling(non_stop=non_stop, interval=interval, timeout=timeout, long_polling_timeout=long_polling_timeout,
    ~~~~~~~~~~~~~~~~~~~~~~~^^^^^^^^^^^^^^^^^^^^^^^^^^^^^^^^^^^^^^^^^^^^^^^^^^^^^^^^^^^^^^^^^^^^^^^^^^^^^^^^^^^^^^^^^^^^^^^^^^
                            logger_level=logger_level, allowed_updates=allowed_updates)
                            ^^^^^^^^^^^^^^^^^^^^^^^^^^^^^^^^^^^^^^^^^^^^^^^^^^^^^^^^^^^
  File "/data/data/com.termux/files/usr/lib/python3.14/site-packages/telebot/__init__.py", line 1312, in __threaded_polling
    raise e
  File "/data/data/com.termux/files/usr/lib/python3.14/site-packages/telebot/__init__.py", line 1273, in __threaded_polling
    polling_thread.raise_exceptions()
    ~~~~~~~~~~~~~~~~~~~~~~~~~~~~~~~^^
  File "/data/data/com.termux/files/usr/lib/python3.14/site-packages/telebot/util.py", line 116, in raise_exceptions
    raise self.exception_info
  File "/data/data/com.termux/files/usr/lib/python3.14/site-packages/telebot/util.py", line 98, in run
    task(*args, **kwargs)
    ~~~~^^^^^^^^^^^^^^^^^
  File "/data/data/com.termux/files/usr/lib/python3.14/site-packages/telebot/__init__.py", line 691, in __retrieve_updates
    updates = self.get_updates(offset=(self.last_update_id + 1),
                               allowed_updates=allowed_updates,
                               timeout=timeout, long_polling_timeout=long_polling_timeout)
  File "/data/data/com.termux/files/usr/lib/python3.14/site-packages/telebot/__init__.py", line 663, in get_updates
    json_updates = apihelper.get_updates(
        self.token, offset=offset, limit=limit, timeout=timeout, allowed_updates=allowed_updates,
        long_polling_timeout=long_polling_timeout)
  File "/data/data/com.termux/files/usr/lib/python3.14/site-packages/telebot/apihelper.py", line 382, in get_updates
    return _make_request(token, method_url, params=payload)
  File "/data/data/com.termux/files/usr/lib/python3.14/site-packages/telebot/apihelper.py", line 162, in _make_request
    result = _get_req_session().request(
        method, request_url, params=params, files=files,
        timeout=(connect_timeout, read_timeout), proxies=proxy)
  File "/data/data/com.termux/files/usr/lib/python3.14/site-packages/requests/sessions.py", line 651, in request
    resp = self.send(prep, **send_kwargs)
  File "/data/data/com.termux/files/usr/lib/python3.14/site-packages/requests/sessions.py", line 784, in send
    r = adapter.send(request, **kwargs)
  File "/data/data/com.termux/files/usr/lib/python3.14/site-packages/requests/adapters.py", line 729, in send
    raise ConnectionError(e, request=request)
requests.exceptions.ConnectionError: HTTPSConnectionPool(host='api.telegram.org', port=443): Max retries exceeded with url: /bot8815900502:***********************************/getUpdates?offset=424131578&timeout=20 (Caused by NewConnectionError("HTTPSConnection(host='api.telegram.org', port=443): Failed to establish a new connection: [Errno 101] Network is unreachable"))
"
2026-09-27 08:42:27,376 (__init__.py:1154 TelegramBotPoll) ERROR - TeleBot: "Infinity polling exception: HTTPSConnectionPool(host='api.telegram.org', port=443): Max retries exceeded with url: /bot8815900502:***********************************/getUpdates?offset=424131578&timeout=20 (Caused by NewConnectionError("HTTPSConnection(host='api.telegram.org', port=443): Failed to establish a new connection: [Errno 101] Network is unreachable"))"
2026-09-27 08:42:27,416 (__init__.py:1156 TelegramBotPoll) ERROR - TeleBot: "Exception traceback:
Traceback (most recent call last):
  File "/data/data/com.termux/files/usr/lib/python3.14/site-packages/urllib3/connection.py", line 239, in _new_conn
    sock = connection.create_connection(
        (self._dns_host, self.port),
    ...<2 lines>...
        socket_options=self.socket_options,
    )
  File "/data/data/com.termux/files/usr/lib/python3.14/site-packages/urllib3/util/connection.py", line 85, in create_connection
    raise err
  File "/data/data/com.termux/files/usr/lib/python3.14/site-packages/urllib3/util/connection.py", line 73, in create_connection
    sock.connect(sa)
    ~~~~~~~~~~~~^^^^
OSError: [Errno 101] Network is unreachable

The above exception was the direct cause of the following exception:

Traceback (most recent call last):
  File "/data/data/com.termux/files/usr/lib/python3.14/site-packages/urllib3/connectionpool.py", line 793, in urlopen
    response = self._make_request(
        conn,
    ...<10 lines>...
        **response_kw,
    )
  File "/data/data/com.termux/files/usr/lib/python3.14/site-packages/urllib3/connectionpool.py", line 494, in _make_request
    raise new_e
  File "/data/data/com.termux/files/usr/lib/python3.14/site-packages/urllib3/connectionpool.py", line 470, in _make_request
    self._validate_conn(conn)
    ~~~~~~~~~~~~~~~~~~~^^^^^^
  File "/data/data/com.termux/files/usr/lib/python3.14/site-packages/urllib3/connectionpool.py", line 1125, in _validate_conn
    conn.connect()
    ~~~~~~~~~~~~^^
  File "/data/data/com.termux/files/usr/lib/python3.14/site-packages/urllib3/connection.py", line 827, in connect
    self.sock = sock = self._new_conn()
                       ~~~~~~~~~~~~~~^^
  File "/data/data/com.termux/files/usr/lib/python3.14/site-packages/urllib3/connection.py", line 254, in _new_conn
    raise NewConnectionError(
        self, f"Failed to establish a new connection: {e}"
    ) from e
urllib3.exceptions.NewConnectionError: HTTPSConnection(host='api.telegram.org', port=443): Failed to establish a new connection: [Errno 101] Network is unreachable

The above exception was the direct cause of the following exception:

Traceback (most recent call last):
  File "/data/data/com.termux/files/usr/lib/python3.14/site-packages/requests/adapters.py", line 696, in send
    resp = conn.urlopen(
        method=request.method,
    ...<9 lines>...
        chunked=chunked,
    )
  File "/data/data/com.termux/files/usr/lib/python3.14/site-packages/urllib3/connectionpool.py", line 847, in urlopen
    retries = retries.increment(
        method, url, error=new_e, _pool=self, _stacktrace=sys.exc_info()[2]
    )
  File "/data/data/com.termux/files/usr/lib/python3.14/site-packages/urllib3/util/retry.py", line 555, in increment
    raise MaxRetryError(_pool, url, reason) from reason  # type: ignore[arg-type]
    ^^^^^^^^^^^^^^^^^^^^^^^^^^^^^^^^^^^^^^^^^^^^^^^^^^^
urllib3.exceptions.MaxRetryError: HTTPSConnectionPool(host='api.telegram.org', port=443): Max retries exceeded with url: /bot8815900502:***********************************/getUpdates?offset=424131578&timeout=20 (Caused by NewConnectionError("HTTPSConnection(host='api.telegram.org', port=443): Failed to establish a new connection: [Errno 101] Network is unreachable"))

During handling of the above exception, another exception occurred:

Traceback (most recent call last):
  File "/data/data/com.termux/files/usr/lib/python3.14/site-packages/telebot/__init__.py", line 1149, in infinity_polling
    self.polling(non_stop=True, timeout=timeout, long_polling_timeout=long_polling_timeout,
    ~~~~~~~~~~~~^^^^^^^^^^^^^^^^^^^^^^^^^^^^^^^^^^^^^^^^^^^^^^^^^^^^^^^^^^^^^^^^^^^^^^^^^^^
                 logger_level=logger_level, allowed_updates=allowed_updates, restart_on_change=False,
                 ^^^^^^^^^^^^^^^^^^^^^^^^^^^^^^^^^^^^^^^^^^^^^^^^^^^^^^^^^^^^^^^^^^^^^^^^^^^^^^^^^^^^
                 *args, **kwargs)
                 ^^^^^^^^^^^^^^^^
  File "/data/data/com.termux/files/usr/lib/python3.14/site-packages/telebot/__init__.py", line 1237, in polling
    self.__threaded_polling(non_stop=non_stop, interval=interval, timeout=timeout, long_polling_timeout=long_polling_timeout,
    ~~~~~~~~~~~~~~~~~~~~~~~^^^^^^^^^^^^^^^^^^^^^^^^^^^^^^^^^^^^^^^^^^^^^^^^^^^^^^^^^^^^^^^^^^^^^^^^^^^^^^^^^^^^^^^^^^^^^^^^^^
                            logger_level=logger_level, allowed_updates=allowed_updates)
                            ^^^^^^^^^^^^^^^^^^^^^^^^^^^^^^^^^^^^^^^^^^^^^^^^^^^^^^^^^^^
  File "/data/data/com.termux/files/usr/lib/python3.14/site-packages/telebot/__init__.py", line 1312, in __threaded_polling
    raise e
  File "/data/data/com.termux/files/usr/lib/python3.14/site-packages/telebot/__init__.py", line 1273, in __threaded_polling
    polling_thread.raise_exceptions()
    ~~~~~~~~~~~~~~~~~~~~~~~~~~~~~~~^^
  File "/data/data/com.termux/files/usr/lib/python3.14/site-packages/telebot/util.py", line 116, in raise_exceptions
    raise self.exception_info
  File "/data/data/com.termux/files/usr/lib/python3.14/site-packages/telebot/util.py", line 98, in run
    task(*args, **kwargs)
    ~~~~^^^^^^^^^^^^^^^^^
  File "/data/data/com.termux/files/usr/lib/python3.14/site-packages/telebot/__init__.py", line 691, in __retrieve_updates
    updates = self.get_updates(offset=(self.last_update_id + 1),
                               allowed_updates=allowed_updates,
                               timeout=timeout, long_polling_timeout=long_polling_timeout)
  File "/data/data/com.termux/files/usr/lib/python3.14/site-packages/telebot/__init__.py", line 663, in get_updates
    json_updates = apihelper.get_updates(
        self.token, offset=offset, limit=limit, timeout=timeout, allowed_updates=allowed_updates,
        long_polling_timeout=long_polling_timeout)
  File "/data/data/com.termux/files/usr/lib/python3.14/site-packages/telebot/apihelper.py", line 382, in get_updates
    return _make_request(token, method_url, params=payload)
  File "/data/data/com.termux/files/usr/lib/python3.14/site-packages/telebot/apihelper.py", line 162, in _make_request
    result = _get_req_session().request(
        method, request_url, params=params, files=files,
        timeout=(connect_timeout, read_timeout), proxies=proxy)
  File "/data/data/com.termux/files/usr/lib/python3.14/site-packages/requests/sessions.py", line 651, in request
    resp = self.send(prep, **send_kwargs)
  File "/data/data/com.termux/files/usr/lib/python3.14/site-packages/requests/sessions.py", line 784, in send
    r = adapter.send(request, **kwargs)
  File "/data/data/com.termux/files/usr/lib/python3.14/site-packages/requests/adapters.py", line 729, in send
    raise ConnectionError(e, request=request)
requests.exceptions.ConnectionError: HTTPSConnectionPool(host='api.telegram.org', port=443): Max retries exceeded with url: /bot8815900502:***********************************/getUpdates?offset=424131578&timeout=20 (Caused by NewConnectionError("HTTPSConnection(host='api.telegram.org', port=443): Failed to establish a new connection: [Errno 101] Network is unreachable"))
"
2026-09-27 08:42:50,471 (__init__.py:1154 TelegramBotPoll) ERROR - TeleBot: "Infinity polling exception: HTTPSConnectionPool(host='api.telegram.org', port=443): Max retries exceeded with url: /bot8815900502:***********************************/getUpdates?offset=424131578&timeout=20 (Caused by NewConnectionError("HTTPSConnection(host='api.telegram.org', port=443): Failed to establish a new connection: [Errno 101] Network is unreachable"))"
2026-09-27 08:42:50,496 (__init__.py:1156 TelegramBotPoll) ERROR - TeleBot: "Exception traceback:
Traceback (most recent call last):
  File "/data/data/com.termux/files/usr/lib/python3.14/site-packages/urllib3/connection.py", line 239, in _new_conn
    sock = connection.create_connection(
        (self._dns_host, self.port),
    ...<2 lines>...
        socket_options=self.socket_options,
    )
  File "/data/data/com.termux/files/usr/lib/python3.14/site-packages/urllib3/util/connection.py", line 85, in create_connection
    raise err
  File "/data/data/com.termux/files/usr/lib/python3.14/site-packages/urllib3/util/connection.py", line 73, in create_connection
    sock.connect(sa)
    ~~~~~~~~~~~~^^^^
OSError: [Errno 101] Network is unreachable

The above exception was the direct cause of the following exception:

Traceback (most recent call last):
  File "/data/data/com.termux/files/usr/lib/python3.14/site-packages/urllib3/connectionpool.py", line 793, in urlopen
    response = self._make_request(
        conn,
    ...<10 lines>...
        **response_kw,
    )
  File "/data/data/com.termux/files/usr/lib/python3.14/site-packages/urllib3/connectionpool.py", line 494, in _make_request
    raise new_e
  File "/data/data/com.termux/files/usr/lib/python3.14/site-packages/urllib3/connectionpool.py", line 470, in _make_request
    self._validate_conn(conn)
    ~~~~~~~~~~~~~~~~~~~^^^^^^
  File "/data/data/com.termux/files/usr/lib/python3.14/site-packages/urllib3/connectionpool.py", line 1125, in _validate_conn
    conn.connect()
    ~~~~~~~~~~~~^^
  File "/data/data/com.termux/files/usr/lib/python3.14/site-packages/urllib3/connection.py", line 827, in connect
    self.sock = sock = self._new_conn()
                       ~~~~~~~~~~~~~~^^
  File "/data/data/com.termux/files/usr/lib/python3.14/site-packages/urllib3/connection.py", line 254, in _new_conn
    raise NewConnectionError(
        self, f"Failed to establish a new connection: {e}"
    ) from e
urllib3.exceptions.NewConnectionError: HTTPSConnection(host='api.telegram.org', port=443): Failed to establish a new connection: [Errno 101] Network is unreachable

The above exception was the direct cause of the following exception:

Traceback (most recent call last):
  File "/data/data/com.termux/files/usr/lib/python3.14/site-packages/requests/adapters.py", line 696, in send
    resp = conn.urlopen(
        method=request.method,
    ...<9 lines>...
        chunked=chunked,
    )
  File "/data/data/com.termux/files/usr/lib/python3.14/site-packages/urllib3/connectionpool.py", line 847, in urlopen
    retries = retries.increment(
        method, url, error=new_e, _pool=self, _stacktrace=sys.exc_info()[2]
    )
  File "/data/data/com.termux/files/usr/lib/python3.14/site-packages/urllib3/util/retry.py", line 555, in increment
    raise MaxRetryError(_pool, url, reason) from reason  # type: ignore[arg-type]
    ^^^^^^^^^^^^^^^^^^^^^^^^^^^^^^^^^^^^^^^^^^^^^^^^^^^
urllib3.exceptions.MaxRetryError: HTTPSConnectionPool(host='api.telegram.org', port=443): Max retries exceeded with url: /bot8815900502:***********************************/getUpdates?offset=424131578&timeout=20 (Caused by NewConnectionError("HTTPSConnection(host='api.telegram.org', port=443): Failed to establish a new connection: [Errno 101] Network is unreachable"))

During handling of the above exception, another exception occurred:

Traceback (most recent call last):
  File "/data/data/com.termux/files/usr/lib/python3.14/site-packages/telebot/__init__.py", line 1149, in infinity_polling
    self.polling(non_stop=True, timeout=timeout, long_polling_timeout=long_polling_timeout,
    ~~~~~~~~~~~~^^^^^^^^^^^^^^^^^^^^^^^^^^^^^^^^^^^^^^^^^^^^^^^^^^^^^^^^^^^^^^^^^^^^^^^^^^^
                 logger_level=logger_level, allowed_updates=allowed_updates, restart_on_change=False,
                 ^^^^^^^^^^^^^^^^^^^^^^^^^^^^^^^^^^^^^^^^^^^^^^^^^^^^^^^^^^^^^^^^^^^^^^^^^^^^^^^^^^^^
                 *args, **kwargs)
                 ^^^^^^^^^^^^^^^^
  File "/data/data/com.termux/files/usr/lib/python3.14/site-packages/telebot/__init__.py", line 1237, in polling
    self.__threaded_polling(non_stop=non_stop, interval=interval, timeout=timeout, long_polling_timeout=long_polling_timeout,
    ~~~~~~~~~~~~~~~~~~~~~~~^^^^^^^^^^^^^^^^^^^^^^^^^^^^^^^^^^^^^^^^^^^^^^^^^^^^^^^^^^^^^^^^^^^^^^^^^^^^^^^^^^^^^^^^^^^^^^^^^^
                            logger_level=logger_level, allowed_updates=allowed_updates)
                            ^^^^^^^^^^^^^^^^^^^^^^^^^^^^^^^^^^^^^^^^^^^^^^^^^^^^^^^^^^^
  File "/data/data/com.termux/files/usr/lib/python3.14/site-packages/telebot/__init__.py", line 1312, in __threaded_polling
    raise e
  File "/data/data/com.termux/files/usr/lib/python3.14/site-packages/telebot/__init__.py", line 1273, in __threaded_polling
    polling_thread.raise_exceptions()
    ~~~~~~~~~~~~~~~~~~~~~~~~~~~~~~~^^
  File "/data/data/com.termux/files/usr/lib/python3.14/site-packages/telebot/util.py", line 116, in raise_exceptions
    raise self.exception_info
  File "/data/data/com.termux/files/usr/lib/python3.14/site-packages/telebot/util.py", line 98, in run
    task(*args, **kwargs)
    ~~~~^^^^^^^^^^^^^^^^^
  File "/data/data/com.termux/files/usr/lib/python3.14/site-packages/telebot/__init__.py", line 691, in __retrieve_updates
    updates = self.get_updates(offset=(self.last_update_id + 1),
                               allowed_updates=allowed_updates,
                               timeout=timeout, long_polling_timeout=long_polling_timeout)
  File "/data/data/com.termux/files/usr/lib/python3.14/site-packages/telebot/__init__.py", line 663, in get_updates
    json_updates = apihelper.get_updates(
        self.token, offset=offset, limit=limit, timeout=timeout, allowed_updates=allowed_updates,
        long_polling_timeout=long_polling_timeout)
  File "/data/data/com.termux/files/usr/lib/python3.14/site-packages/telebot/apihelper.py", line 382, in get_updates
    return _make_request(token, method_url, params=payload)
  File "/data/data/com.termux/files/usr/lib/python3.14/site-packages/telebot/apihelper.py", line 162, in _make_request
    result = _get_req_session().request(
        method, request_url, params=params, files=files,
        timeout=(connect_timeout, read_timeout), proxies=proxy)
  File "/data/data/com.termux/files/usr/lib/python3.14/site-packages/requests/sessions.py", line 651, in request
    resp = self.send(prep, **send_kwargs)
  File "/data/data/com.termux/files/usr/lib/python3.14/site-packages/requests/sessions.py", line 784, in send
    r = adapter.send(request, **kwargs)
  File "/data/data/com.termux/files/usr/lib/python3.14/site-packages/requests/adapters.py", line 729, in send
    raise ConnectionError(e, request=request)
requests.exceptions.ConnectionError: HTTPSConnectionPool(host='api.telegram.org', port=443): Max retries exceeded with url: /bot8815900502:***********************************/getUpdates?offset=424131578&timeout=20 (Caused by NewConnectionError("HTTPSConnection(host='api.telegram.org', port=443): Failed to establish a new connection: [Errno 101] Network is unreachable"))
"
2026-09-27 08:43:13,547 (__init__.py:1154 TelegramBotPoll) ERROR - TeleBot: "Infinity polling exception: HTTPSConnectionPool(host='api.telegram.org', port=443): Max retries exceeded with url: /bot8815900502:***********************************/getUpdates?offset=424131578&timeout=20 (Caused by NewConnectionError("HTTPSConnection(host='api.telegram.org', port=443): Failed to establish a new connection: [Errno 101] Network is unreachable"))"
2026-09-27 08:43:13,573 (__init__.py:1156 TelegramBotPoll) ERROR - TeleBot: "Exception traceback:
Traceback (most recent call last):
  File "/data/data/com.termux/files/usr/lib/python3.14/site-packages/urllib3/connection.py", line 239, in _new_conn
    sock = connection.create_connection(
        (self._dns_host, self.port),
    ...<2 lines>...
        socket_options=self.socket_options,
    )
  File "/data/data/com.termux/files/usr/lib/python3.14/site-packages/urllib3/util/connection.py", line 85, in create_connection
    raise err
  File "/data/data/com.termux/files/usr/lib/python3.14/site-packages/urllib3/util/connection.py", line 73, in create_connection
    sock.connect(sa)
    ~~~~~~~~~~~~^^^^
OSError: [Errno 101] Network is unreachable

The above exception was the direct cause of the following exception:

Traceback (most recent call last):
  File "/data/data/com.termux/files/usr/lib/python3.14/site-packages/urllib3/connectionpool.py", line 793, in urlopen
    response = self._make_request(
        conn,
    ...<10 lines>...
        **response_kw,
    )
  File "/data/data/com.termux/files/usr/lib/python3.14/site-packages/urllib3/connectionpool.py", line 494, in _make_request
    raise new_e
  File "/data/data/com.termux/files/usr/lib/python3.14/site-packages/urllib3/connectionpool.py", line 470, in _make_request
    self._validate_conn(conn)
    ~~~~~~~~~~~~~~~~~~~^^^^^^
  File "/data/data/com.termux/files/usr/lib/python3.14/site-packages/urllib3/connectionpool.py", line 1125, in _validate_conn
    conn.connect()
    ~~~~~~~~~~~~^^
  File "/data/data/com.termux/files/usr/lib/python3.14/site-packages/urllib3/connection.py", line 827, in connect
    self.sock = sock = self._new_conn()
                       ~~~~~~~~~~~~~~^^
  File "/data/data/com.termux/files/usr/lib/python3.14/site-packages/urllib3/connection.py", line 254, in _new_conn
    raise NewConnectionError(
        self, f"Failed to establish a new connection: {e}"
    ) from e
urllib3.exceptions.NewConnectionError: HTTPSConnection(host='api.telegram.org', port=443): Failed to establish a new connection: [Errno 101] Network is unreachable

The above exception was the direct cause of the following exception:

Traceback (most recent call last):
  File "/data/data/com.termux/files/usr/lib/python3.14/site-packages/requests/adapters.py", line 696, in send
    resp = conn.urlopen(
        method=request.method,
    ...<9 lines>...
        chunked=chunked,
    )
  File "/data/data/com.termux/files/usr/lib/python3.14/site-packages/urllib3/connectionpool.py", line 847, in urlopen
    retries = retries.increment(
        method, url, error=new_e, _pool=self, _stacktrace=sys.exc_info()[2]
    )
  File "/data/data/com.termux/files/usr/lib/python3.14/site-packages/urllib3/util/retry.py", line 555, in increment
    raise MaxRetryError(_pool, url, reason) from reason  # type: ignore[arg-type]
    ^^^^^^^^^^^^^^^^^^^^^^^^^^^^^^^^^^^^^^^^^^^^^^^^^^^
urllib3.exceptions.MaxRetryError: HTTPSConnectionPool(host='api.telegram.org', port=443): Max retries exceeded with url: /bot8815900502:***********************************/getUpdates?offset=424131578&timeout=20 (Caused by NewConnectionError("HTTPSConnection(host='api.telegram.org', port=443): Failed to establish a new connection: [Errno 101] Network is unreachable"))

During handling of the above exception, another exception occurred:

Traceback (most recent call last):
  File "/data/data/com.termux/files/usr/lib/python3.14/site-packages/telebot/__init__.py", line 1149, in infinity_polling
    self.polling(non_stop=True, timeout=timeout, long_polling_timeout=long_polling_timeout,
    ~~~~~~~~~~~~^^^^^^^^^^^^^^^^^^^^^^^^^^^^^^^^^^^^^^^^^^^^^^^^^^^^^^^^^^^^^^^^^^^^^^^^^^^
                 logger_level=logger_level, allowed_updates=allowed_updates, restart_on_change=False,
                 ^^^^^^^^^^^^^^^^^^^^^^^^^^^^^^^^^^^^^^^^^^^^^^^^^^^^^^^^^^^^^^^^^^^^^^^^^^^^^^^^^^^^
                 *args, **kwargs)
                 ^^^^^^^^^^^^^^^^
  File "/data/data/com.termux/files/usr/lib/python3.14/site-packages/telebot/__init__.py", line 1237, in polling
    self.__threaded_polling(non_stop=non_stop, interval=interval, timeout=timeout, long_polling_timeout=long_polling_timeout,
    ~~~~~~~~~~~~~~~~~~~~~~~^^^^^^^^^^^^^^^^^^^^^^^^^^^^^^^^^^^^^^^^^^^^^^^^^^^^^^^^^^^^^^^^^^^^^^^^^^^^^^^^^^^^^^^^^^^^^^^^^^
                            logger_level=logger_level, allowed_updates=allowed_updates)
                            ^^^^^^^^^^^^^^^^^^^^^^^^^^^^^^^^^^^^^^^^^^^^^^^^^^^^^^^^^^^
  File "/data/data/com.termux/files/usr/lib/python3.14/site-packages/telebot/__init__.py", line 1312, in __threaded_polling
    raise e
  File "/data/data/com.termux/files/usr/lib/python3.14/site-packages/telebot/__init__.py", line 1273, in __threaded_polling
    polling_thread.raise_exceptions()
    ~~~~~~~~~~~~~~~~~~~~~~~~~~~~~~~^^
  File "/data/data/com.termux/files/usr/lib/python3.14/site-packages/telebot/util.py", line 116, in raise_exceptions
    raise self.exception_info
  File "/data/data/com.termux/files/usr/lib/python3.14/site-packages/telebot/util.py", line 98, in run
    task(*args, **kwargs)
    ~~~~^^^^^^^^^^^^^^^^^
  File "/data/data/com.termux/files/usr/lib/python3.14/site-packages/telebot/__init__.py", line 691, in __retrieve_updates
    updates = self.get_updates(offset=(self.last_update_id + 1),
                               allowed_updates=allowed_updates,
                               timeout=timeout, long_polling_timeout=long_polling_timeout)
  File "/data/data/com.termux/files/usr/lib/python3.14/site-packages/telebot/__init__.py", line 663, in get_updates
    json_updates = apihelper.get_updates(
        self.token, offset=offset, limit=limit, timeout=timeout, allowed_updates=allowed_updates,
        long_polling_timeout=long_polling_timeout)
  File "/data/data/com.termux/files/usr/lib/python3.14/site-packages/telebot/apihelper.py", line 382, in get_updates
    return _make_request(token, method_url, params=payload)
  File "/data/data/com.termux/files/usr/lib/python3.14/site-packages/telebot/apihelper.py", line 162, in _make_request
    result = _get_req_session().request(
        method, request_url, params=params, files=files,
        timeout=(connect_timeout, read_timeout), proxies=proxy)
  File "/data/data/com.termux/files/usr/lib/python3.14/site-packages/requests/sessions.py", line 651, in request
    resp = self.send(prep, **send_kwargs)
  File "/data/data/com.termux/files/usr/lib/python3.14/site-packages/requests/sessions.py", line 784, in send
    r = adapter.send(request, **kwargs)
  File "/data/data/com.termux/files/usr/lib/python3.14/site-packages/requests/adapters.py", line 729, in send
    raise ConnectionError(e, request=request)
requests.exceptions.ConnectionError: HTTPSConnectionPool(host='api.telegram.org', port=443): Max retries exceeded with url: /bot8815900502:***********************************/getUpdates?offset=424131578&timeout=20 (Caused by NewConnectionError("HTTPSConnection(host='api.telegram.org', port=443): Failed to establish a new connection: [Errno 101] Network is unreachable"))
"
2026-09-27 08:43:36,670 (__init__.py:1154 TelegramBotPoll) ERROR - TeleBot: "Infinity polling exception: HTTPSConnectionPool(host='api.telegram.org', port=443): Max retries exceeded with url: /bot8815900502:***********************************/getUpdates?offset=424131578&timeout=20 (Caused by NewConnectionError("HTTPSConnection(host='api.telegram.org', port=443): Failed to establish a new connection: [Errno 101] Network is unreachable"))"
2026-09-27 08:43:36,705 (__init__.py:1156 TelegramBotPoll) ERROR - TeleBot: "Exception traceback:
Traceback (most recent call last):
  File "/data/data/com.termux/files/usr/lib/python3.14/site-packages/urllib3/connection.py", line 239, in _new_conn
    sock = connection.create_connection(
        (self._dns_host, self.port),
    ...<2 lines>...
        socket_options=self.socket_options,
    )
  File "/data/data/com.termux/files/usr/lib/python3.14/site-packages/urllib3/util/connection.py", line 85, in create_connection
    raise err
  File "/data/data/com.termux/files/usr/lib/python3.14/site-packages/urllib3/util/connection.py", line 73, in create_connection
    sock.connect(sa)
    ~~~~~~~~~~~~^^^^
OSError: [Errno 101] Network is unreachable

The above exception was the direct cause of the following exception:

Traceback (most recent call last):
  File "/data/data/com.termux/files/usr/lib/python3.14/site-packages/urllib3/connectionpool.py", line 793, in urlopen
    response = self._make_request(
        conn,
    ...<10 lines>...
        **response_kw,
    )
  File "/data/data/com.termux/files/usr/lib/python3.14/site-packages/urllib3/connectionpool.py", line 494, in _make_request
    raise new_e
  File "/data/data/com.termux/files/usr/lib/python3.14/site-packages/urllib3/connectionpool.py", line 470, in _make_request
    self._validate_conn(conn)
    ~~~~~~~~~~~~~~~~~~~^^^^^^
  File "/data/data/com.termux/files/usr/lib/python3.14/site-packages/urllib3/connectionpool.py", line 1125, in _validate_conn
    conn.connect()
    ~~~~~~~~~~~~^^
  File "/data/data/com.termux/files/usr/lib/python3.14/site-packages/urllib3/connection.py", line 827, in connect
    self.sock = sock = self._new_conn()
                       ~~~~~~~~~~~~~~^^
  File "/data/data/com.termux/files/usr/lib/python3.14/site-packages/urllib3/connection.py", line 254, in _new_conn
    raise NewConnectionError(
        self, f"Failed to establish a new connection: {e}"
    ) from e
urllib3.exceptions.NewConnectionError: HTTPSConnection(host='api.telegram.org', port=443): Failed to establish a new connection: [Errno 101] Network is unreachable

The above exception was the direct cause of the following exception:

Traceback (most recent call last):
  File "/data/data/com.termux/files/usr/lib/python3.14/site-packages/requests/adapters.py", line 696, in send
    resp = conn.urlopen(
        method=request.method,
    ...<9 lines>...
        chunked=chunked,
    )
  File "/data/data/com.termux/files/usr/lib/python3.14/site-packages/urllib3/connectionpool.py", line 847, in urlopen
    retries = retries.increment(
        method, url, error=new_e, _pool=self, _stacktrace=sys.exc_info()[2]
    )
  File "/data/data/com.termux/files/usr/lib/python3.14/site-packages/urllib3/util/retry.py", line 555, in increment
    raise MaxRetryError(_pool, url, reason) from reason  # type: ignore[arg-type]
    ^^^^^^^^^^^^^^^^^^^^^^^^^^^^^^^^^^^^^^^^^^^^^^^^^^^
urllib3.exceptions.MaxRetryError: HTTPSConnectionPool(host='api.telegram.org', port=443): Max retries exceeded with url: /bot8815900502:***********************************/getUpdates?offset=424131578&timeout=20 (Caused by NewConnectionError("HTTPSConnection(host='api.telegram.org', port=443): Failed to establish a new connection: [Errno 101] Network is unreachable"))

During handling of the above exception, another exception occurred:

Traceback (most recent call last):
  File "/data/data/com.termux/files/usr/lib/python3.14/site-packages/telebot/__init__.py", line 1149, in infinity_polling
    self.polling(non_stop=True, timeout=timeout, long_polling_timeout=long_polling_timeout,
    ~~~~~~~~~~~~^^^^^^^^^^^^^^^^^^^^^^^^^^^^^^^^^^^^^^^^^^^^^^^^^^^^^^^^^^^^^^^^^^^^^^^^^^^
                 logger_level=logger_level, allowed_updates=allowed_updates, restart_on_change=False,
                 ^^^^^^^^^^^^^^^^^^^^^^^^^^^^^^^^^^^^^^^^^^^^^^^^^^^^^^^^^^^^^^^^^^^^^^^^^^^^^^^^^^^^
                 *args, **kwargs)
                 ^^^^^^^^^^^^^^^^
  File "/data/data/com.termux/files/usr/lib/python3.14/site-packages/telebot/__init__.py", line 1237, in polling
    self.__threaded_polling(non_stop=non_stop, interval=interval, timeout=timeout, long_polling_timeout=long_polling_timeout,
    ~~~~~~~~~~~~~~~~~~~~~~~^^^^^^^^^^^^^^^^^^^^^^^^^^^^^^^^^^^^^^^^^^^^^^^^^^^^^^^^^^^^^^^^^^^^^^^^^^^^^^^^^^^^^^^^^^^^^^^^^^
                            logger_level=logger_level, allowed_updates=allowed_updates)
                            ^^^^^^^^^^^^^^^^^^^^^^^^^^^^^^^^^^^^^^^^^^^^^^^^^^^^^^^^^^^
  File "/data/data/com.termux/files/usr/lib/python3.14/site-packages/telebot/__init__.py", line 1312, in __threaded_polling
    raise e
  File "/data/data/com.termux/files/usr/lib/python3.14/site-packages/telebot/__init__.py", line 1273, in __threaded_polling
    polling_thread.raise_exceptions()
    ~~~~~~~~~~~~~~~~~~~~~~~~~~~~~~~^^
  File "/data/data/com.termux/files/usr/lib/python3.14/site-packages/telebot/util.py", line 116, in raise_exceptions
    raise self.exception_info
  File "/data/data/com.termux/files/usr/lib/python3.14/site-packages/telebot/util.py", line 98, in run
    task(*args, **kwargs)
    ~~~~^^^^^^^^^^^^^^^^^
  File "/data/data/com.termux/files/usr/lib/python3.14/site-packages/telebot/__init__.py", line 691, in __retrieve_updates
    updates = self.get_updates(offset=(self.last_update_id + 1),
                               allowed_updates=allowed_updates,
                               timeout=timeout, long_polling_timeout=long_polling_timeout)
  File "/data/data/com.termux/files/usr/lib/python3.14/site-packages/telebot/__init__.py", line 663, in get_updates
    json_updates = apihelper.get_updates(
        self.token, offset=offset, limit=limit, timeout=timeout, allowed_updates=allowed_updates,
        long_polling_timeout=long_polling_timeout)
  File "/data/data/com.termux/files/usr/lib/python3.14/site-packages/telebot/apihelper.py", line 382, in get_updates
    return _make_request(token, method_url, params=payload)
  File "/data/data/com.termux/files/usr/lib/python3.14/site-packages/telebot/apihelper.py", line 162, in _make_request
    result = _get_req_session().request(
        method, request_url, params=params, files=files,
        timeout=(connect_timeout, read_timeout), proxies=proxy)
  File "/data/data/com.termux/files/usr/lib/python3.14/site-packages/requests/sessions.py", line 651, in request
    resp = self.send(prep, **send_kwargs)
  File "/data/data/com.termux/files/usr/lib/python3.14/site-packages/requests/sessions.py", line 784, in send
    r = adapter.send(request, **kwargs)
  File "/data/data/com.termux/files/usr/lib/python3.14/site-packages/requests/adapters.py", line 729, in send
    raise ConnectionError(e, request=request)
requests.exceptions.ConnectionError: HTTPSConnectionPool(host='api.telegram.org', port=443): Max retries exceeded with url: /bot8815900502:***********************************/getUpdates?offset=424131578&timeout=20 (Caused by NewConnectionError("HTTPSConnection(host='api.telegram.org', port=443): Failed to establish a new connection: [Errno 101] Network is unreachable"))
"
2026-09-27 08:43:59,756 (__init__.py:1154 TelegramBotPoll) ERROR - TeleBot: "Infinity polling exception: HTTPSConnectionPool(host='api.telegram.org', port=443): Max retries exceeded with url: /bot8815900502:***********************************/getUpdates?offset=424131578&timeout=20 (Caused by NewConnectionError("HTTPSConnection(host='api.telegram.org', port=443): Failed to establish a new connection: [Errno 101] Network is unreachable"))"
2026-09-27 08:43:59,781 (__init__.py:1156 TelegramBotPoll) ERROR - TeleBot: "Exception traceback:
Traceback (most recent call last):
  File "/data/data/com.termux/files/usr/lib/python3.14/site-packages/urllib3/connection.py", line 239, in _new_conn
    sock = connection.create_connection(
        (self._dns_host, self.port),
    ...<2 lines>...
        socket_options=self.socket_options,
    )
  File "/data/data/com.termux/files/usr/lib/python3.14/site-packages/urllib3/util/connection.py", line 85, in create_connection
    raise err
  File "/data/data/com.termux/files/usr/lib/python3.14/site-packages/urllib3/util/connection.py", line 73, in create_connection
    sock.connect(sa)
    ~~~~~~~~~~~~^^^^
OSError: [Errno 101] Network is unreachable

The above exception was the direct cause of the following exception:

Traceback (most recent call last):
  File "/data/data/com.termux/files/usr/lib/python3.14/site-packages/urllib3/connectionpool.py", line 793, in urlopen
    response = self._make_request(
        conn,
    ...<10 lines>...
        **response_kw,
    )
  File "/data/data/com.termux/files/usr/lib/python3.14/site-packages/urllib3/connectionpool.py", line 494, in _make_request
    raise new_e
  File "/data/data/com.termux/files/usr/lib/python3.14/site-packages/urllib3/connectionpool.py", line 470, in _make_request
    self._validate_conn(conn)
    ~~~~~~~~~~~~~~~~~~~^^^^^^
  File "/data/data/com.termux/files/usr/lib/python3.14/site-packages/urllib3/connectionpool.py", line 1125, in _validate_conn
    conn.connect()
    ~~~~~~~~~~~~^^
  File "/data/data/com.termux/files/usr/lib/python3.14/site-packages/urllib3/connection.py", line 827, in connect
    self.sock = sock = self._new_conn()
                       ~~~~~~~~~~~~~~^^
  File "/data/data/com.termux/files/usr/lib/python3.14/site-packages/urllib3/connection.py", line 254, in _new_conn
    raise NewConnectionError(
        self, f"Failed to establish a new connection: {e}"
    ) from e
urllib3.exceptions.NewConnectionError: HTTPSConnection(host='api.telegram.org', port=443): Failed to establish a new connection: [Errno 101] Network is unreachable

The above exception was the direct cause of the following exception:

Traceback (most recent call last):
  File "/data/data/com.termux/files/usr/lib/python3.14/site-packages/requests/adapters.py", line 696, in send
    resp = conn.urlopen(
        method=request.method,
    ...<9 lines>...
        chunked=chunked,
    )
  File "/data/data/com.termux/files/usr/lib/python3.14/site-packages/urllib3/connectionpool.py", line 847, in urlopen
    retries = retries.increment(
        method, url, error=new_e, _pool=self, _stacktrace=sys.exc_info()[2]
    )
  File "/data/data/com.termux/files/usr/lib/python3.14/site-packages/urllib3/util/retry.py", line 555, in increment
    raise MaxRetryError(_pool, url, reason) from reason  # type: ignore[arg-type]
    ^^^^^^^^^^^^^^^^^^^^^^^^^^^^^^^^^^^^^^^^^^^^^^^^^^^
urllib3.exceptions.MaxRetryError: HTTPSConnectionPool(host='api.telegram.org', port=443): Max retries exceeded with url: /bot8815900502:***********************************/getUpdates?offset=424131578&timeout=20 (Caused by NewConnectionError("HTTPSConnection(host='api.telegram.org', port=443): Failed to establish a new connection: [Errno 101] Network is unreachable"))

During handling of the above exception, another exception occurred:

Traceback (most recent call last):
  File "/data/data/com.termux/files/usr/lib/python3.14/site-packages/telebot/__init__.py", line 1149, in infinity_polling
    self.polling(non_stop=True, timeout=timeout, long_polling_timeout=long_polling_timeout,
    ~~~~~~~~~~~~^^^^^^^^^^^^^^^^^^^^^^^^^^^^^^^^^^^^^^^^^^^^^^^^^^^^^^^^^^^^^^^^^^^^^^^^^^^
                 logger_level=logger_level, allowed_updates=allowed_updates, restart_on_change=False,
                 ^^^^^^^^^^^^^^^^^^^^^^^^^^^^^^^^^^^^^^^^^^^^^^^^^^^^^^^^^^^^^^^^^^^^^^^^^^^^^^^^^^^^
                 *args, **kwargs)
                 ^^^^^^^^^^^^^^^^
  File "/data/data/com.termux/files/usr/lib/python3.14/site-packages/telebot/__init__.py", line 1237, in polling
    self.__threaded_polling(non_stop=non_stop, interval=interval, timeout=timeout, long_polling_timeout=long_polling_timeout,
    ~~~~~~~~~~~~~~~~~~~~~~~^^^^^^^^^^^^^^^^^^^^^^^^^^^^^^^^^^^^^^^^^^^^^^^^^^^^^^^^^^^^^^^^^^^^^^^^^^^^^^^^^^^^^^^^^^^^^^^^^^
                            logger_level=logger_level, allowed_updates=allowed_updates)
                            ^^^^^^^^^^^^^^^^^^^^^^^^^^^^^^^^^^^^^^^^^^^^^^^^^^^^^^^^^^^
  File "/data/data/com.termux/files/usr/lib/python3.14/site-packages/telebot/__init__.py", line 1312, in __threaded_polling
    raise e
  File "/data/data/com.termux/files/usr/lib/python3.14/site-packages/telebot/__init__.py", line 1273, in __threaded_polling
    polling_thread.raise_exceptions()
    ~~~~~~~~~~~~~~~~~~~~~~~~~~~~~~~^^
  File "/data/data/com.termux/files/usr/lib/python3.14/site-packages/telebot/util.py", line 116, in raise_exceptions
    raise self.exception_info
  File "/data/data/com.termux/files/usr/lib/python3.14/site-packages/telebot/util.py", line 98, in run
    task(*args, **kwargs)
    ~~~~^^^^^^^^^^^^^^^^^
  File "/data/data/com.termux/files/usr/lib/python3.14/site-packages/telebot/__init__.py", line 691, in __retrieve_updates
    updates = self.get_updates(offset=(self.last_update_id + 1),
                               allowed_updates=allowed_updates,
                               timeout=timeout, long_polling_timeout=long_polling_timeout)
  File "/data/data/com.termux/files/usr/lib/python3.14/site-packages/telebot/__init__.py", line 663, in get_updates
    json_updates = apihelper.get_updates(
        self.token, offset=offset, limit=limit, timeout=timeout, allowed_updates=allowed_updates,
        long_polling_timeout=long_polling_timeout)
  File "/data/data/com.termux/files/usr/lib/python3.14/site-packages/telebot/apihelper.py", line 382, in get_updates
    return _make_request(token, method_url, params=payload)
  File "/data/data/com.termux/files/usr/lib/python3.14/site-packages/telebot/apihelper.py", line 162, in _make_request
    result = _get_req_session().request(
        method, request_url, params=params, files=files,
        timeout=(connect_timeout, read_timeout), proxies=proxy)
  File "/data/data/com.termux/files/usr/lib/python3.14/site-packages/requests/sessions.py", line 651, in request
    resp = self.send(prep, **send_kwargs)
  File "/data/data/com.termux/files/usr/lib/python3.14/site-packages/requests/sessions.py", line 784, in send
    r = adapter.send(request, **kwargs)
  File "/data/data/com.termux/files/usr/lib/python3.14/site-packages/requests/adapters.py", line 729, in send
    raise ConnectionError(e, request=request)
requests.exceptions.ConnectionError: HTTPSConnectionPool(host='api.telegram.org', port=443): Max retries exceeded with url: /bot8815900502:***********************************/getUpdates?offset=424131578&timeout=20 (Caused by NewConnectionError("HTTPSConnection(host='api.telegram.org', port=443): Failed to establish a new connection: [Errno 101] Network is unreachable"))
"
2026-09-27 08:44:22,831 (__init__.py:1154 TelegramBotPoll) ERROR - TeleBot: "Infinity polling exception: HTTPSConnectionPool(host='api.telegram.org', port=443): Max retries exceeded with url: /bot8815900502:***********************************/getUpdates?offset=424131578&timeout=20 (Caused by NewConnectionError("HTTPSConnection(host='api.telegram.org', port=443): Failed to establish a new connection: [Errno 101] Network is unreachable"))"
2026-09-27 08:44:22,855 (__init__.py:1156 TelegramBotPoll) ERROR - TeleBot: "Exception traceback:
Traceback (most recent call last):
  File "/data/data/com.termux/files/usr/lib/python3.14/site-packages/urllib3/connection.py", line 239, in _new_conn
    sock = connection.create_connection(
        (self._dns_host, self.port),
    ...<2 lines>...
        socket_options=self.socket_options,
    )
  File "/data/data/com.termux/files/usr/lib/python3.14/site-packages/urllib3/util/connection.py", line 85, in create_connection
    raise err
  File "/data/data/com.termux/files/usr/lib/python3.14/site-packages/urllib3/util/connection.py", line 73, in create_connection
    sock.connect(sa)
    ~~~~~~~~~~~~^^^^
OSError: [Errno 101] Network is unreachable

The above exception was the direct cause of the following exception:

Traceback (most recent call last):
  File "/data/data/com.termux/files/usr/lib/python3.14/site-packages/urllib3/connectionpool.py", line 793, in urlopen
    response = self._make_request(
        conn,
    ...<10 lines>...
        **response_kw,
    )
  File "/data/data/com.termux/files/usr/lib/python3.14/site-packages/urllib3/connectionpool.py", line 494, in _make_request
    raise new_e
  File "/data/data/com.termux/files/usr/lib/python3.14/site-packages/urllib3/connectionpool.py", line 470, in _make_request
    self._validate_conn(conn)
    ~~~~~~~~~~~~~~~~~~~^^^^^^
  File "/data/data/com.termux/files/usr/lib/python3.14/site-packages/urllib3/connectionpool.py", line 1125, in _validate_conn
    conn.connect()
    ~~~~~~~~~~~~^^
  File "/data/data/com.termux/files/usr/lib/python3.14/site-packages/urllib3/connection.py", line 827, in connect
    self.sock = sock = self._new_conn()
                       ~~~~~~~~~~~~~~^^
  File "/data/data/com.termux/files/usr/lib/python3.14/site-packages/urllib3/connection.py", line 254, in _new_conn
    raise NewConnectionError(
        self, f"Failed to establish a new connection: {e}"
    ) from e
urllib3.exceptions.NewConnectionError: HTTPSConnection(host='api.telegram.org', port=443): Failed to establish a new connection: [Errno 101] Network is unreachable

The above exception was the direct cause of the following exception:

Traceback (most recent call last):
  File "/data/data/com.termux/files/usr/lib/python3.14/site-packages/requests/adapters.py", line 696, in send
    resp = conn.urlopen(
        method=request.method,
    ...<9 lines>...
        chunked=chunked,
    )
  File "/data/data/com.termux/files/usr/lib/python3.14/site-packages/urllib3/connectionpool.py", line 847, in urlopen
    retries = retries.increment(
        method, url, error=new_e, _pool=self, _stacktrace=sys.exc_info()[2]
    )
  File "/data/data/com.termux/files/usr/lib/python3.14/site-packages/urllib3/util/retry.py", line 555, in increment
    raise MaxRetryError(_pool, url, reason) from reason  # type: ignore[arg-type]
    ^^^^^^^^^^^^^^^^^^^^^^^^^^^^^^^^^^^^^^^^^^^^^^^^^^^
urllib3.exceptions.MaxRetryError: HTTPSConnectionPool(host='api.telegram.org', port=443): Max retries exceeded with url: /bot8815900502:***********************************/getUpdates?offset=424131578&timeout=20 (Caused by NewConnectionError("HTTPSConnection(host='api.telegram.org', port=443): Failed to establish a new connection: [Errno 101] Network is unreachable"))

During handling of the above exception, another exception occurred:

Traceback (most recent call last):
  File "/data/data/com.termux/files/usr/lib/python3.14/site-packages/telebot/__init__.py", line 1149, in infinity_polling
    self.polling(non_stop=True, timeout=timeout, long_polling_timeout=long_polling_timeout,
    ~~~~~~~~~~~~^^^^^^^^^^^^^^^^^^^^^^^^^^^^^^^^^^^^^^^^^^^^^^^^^^^^^^^^^^^^^^^^^^^^^^^^^^^
                 logger_level=logger_level, allowed_updates=allowed_updates, restart_on_change=False,
                 ^^^^^^^^^^^^^^^^^^^^^^^^^^^^^^^^^^^^^^^^^^^^^^^^^^^^^^^^^^^^^^^^^^^^^^^^^^^^^^^^^^^^
                 *args, **kwargs)
                 ^^^^^^^^^^^^^^^^
  File "/data/data/com.termux/files/usr/lib/python3.14/site-packages/telebot/__init__.py", line 1237, in polling
    self.__threaded_polling(non_stop=non_stop, interval=interval, timeout=timeout, long_polling_timeout=long_polling_timeout,
    ~~~~~~~~~~~~~~~~~~~~~~~^^^^^^^^^^^^^^^^^^^^^^^^^^^^^^^^^^^^^^^^^^^^^^^^^^^^^^^^^^^^^^^^^^^^^^^^^^^^^^^^^^^^^^^^^^^^^^^^^^
                            logger_level=logger_level, allowed_updates=allowed_updates)
                            ^^^^^^^^^^^^^^^^^^^^^^^^^^^^^^^^^^^^^^^^^^^^^^^^^^^^^^^^^^^
  File "/data/data/com.termux/files/usr/lib/python3.14/site-packages/telebot/__init__.py", line 1312, in __threaded_polling
    raise e
  File "/data/data/com.termux/files/usr/lib/python3.14/site-packages/telebot/__init__.py", line 1273, in __threaded_polling
    polling_thread.raise_exceptions()
    ~~~~~~~~~~~~~~~~~~~~~~~~~~~~~~~^^
  File "/data/data/com.termux/files/usr/lib/python3.14/site-packages/telebot/util.py", line 116, in raise_exceptions
    raise self.exception_info
  File "/data/data/com.termux/files/usr/lib/python3.14/site-packages/telebot/util.py", line 98, in run
    task(*args, **kwargs)
    ~~~~^^^^^^^^^^^^^^^^^
  File "/data/data/com.termux/files/usr/lib/python3.14/site-packages/telebot/__init__.py", line 691, in __retrieve_updates
    updates = self.get_updates(offset=(self.last_update_id + 1),
                               allowed_updates=allowed_updates,
                               timeout=timeout, long_polling_timeout=long_polling_timeout)
  File "/data/data/com.termux/files/usr/lib/python3.14/site-packages/telebot/__init__.py", line 663, in get_updates
    json_updates = apihelper.get_updates(
        self.token, offset=offset, limit=limit, timeout=timeout, allowed_updates=allowed_updates,
        long_polling_timeout=long_polling_timeout)
  File "/data/data/com.termux/files/usr/lib/python3.14/site-packages/telebot/apihelper.py", line 382, in get_updates
    return _make_request(token, method_url, params=payload)
  File "/data/data/com.termux/files/usr/lib/python3.14/site-packages/telebot/apihelper.py", line 162, in _make_request
    result = _get_req_session().request(
        method, request_url, params=params, files=files,
        timeout=(connect_timeout, read_timeout), proxies=proxy)
  File "/data/data/com.termux/files/usr/lib/python3.14/site-packages/requests/sessions.py", line 651, in request
    resp = self.send(prep, **send_kwargs)
  File "/data/data/com.termux/files/usr/lib/python3.14/site-packages/requests/sessions.py", line 784, in send
    r = adapter.send(request, **kwargs)
  File "/data/data/com.termux/files/usr/lib/python3.14/site-packages/requests/adapters.py", line 729, in send
    raise ConnectionError(e, request=request)
requests.exceptions.ConnectionError: HTTPSConnectionPool(host='api.telegram.org', port=443): Max retries exceeded with url: /bot8815900502:***********************************/getUpdates?offset=424131578&timeout=20 (Caused by NewConnectionError("HTTPSConnection(host='api.telegram.org', port=443): Failed to establish a new connection: [Errno 101] Network is unreachable"))
"
2026-09-27 08:44:45,894 (__init__.py:1154 TelegramBotPoll) ERROR - TeleBot: "Infinity polling exception: HTTPSConnectionPool(host='api.telegram.org', port=443): Max retries exceeded with url: /bot8815900502:***********************************/getUpdates?offset=424131578&timeout=20 (Caused by NewConnectionError("HTTPSConnection(host='api.telegram.org', port=443): Failed to establish a new connection: [Errno 101] Network is unreachable"))"
2026-09-27 08:44:45,922 (__init__.py:1156 TelegramBotPoll) ERROR - TeleBot: "Exception traceback:
Traceback (most recent call last):
  File "/data/data/com.termux/files/usr/lib/python3.14/site-packages/urllib3/connection.py", line 239, in _new_conn
    sock = connection.create_connection(
        (self._dns_host, self.port),
    ...<2 lines>...
        socket_options=self.socket_options,
    )
  File "/data/data/com.termux/files/usr/lib/python3.14/site-packages/urllib3/util/connection.py", line 85, in create_connection
    raise err
  File "/data/data/com.termux/files/usr/lib/python3.14/site-packages/urllib3/util/connection.py", line 73, in create_connection
    sock.connect(sa)
    ~~~~~~~~~~~~^^^^
OSError: [Errno 101] Network is unreachable

The above exception was the direct cause of the following exception:

Traceback (most recent call last):
  File "/data/data/com.termux/files/usr/lib/python3.14/site-packages/urllib3/connectionpool.py", line 793, in urlopen
    response = self._make_request(
        conn,
    ...<10 lines>...
        **response_kw,
    )
  File "/data/data/com.termux/files/usr/lib/python3.14/site-packages/urllib3/connectionpool.py", line 494, in _make_request
    raise new_e
  File "/data/data/com.termux/files/usr/lib/python3.14/site-packages/urllib3/connectionpool.py", line 470, in _make_request
    self._validate_conn(conn)
    ~~~~~~~~~~~~~~~~~~~^^^^^^
  File "/data/data/com.termux/files/usr/lib/python3.14/site-packages/urllib3/connectionpool.py", line 1125, in _validate_conn
    conn.connect()
    ~~~~~~~~~~~~^^
  File "/data/data/com.termux/files/usr/lib/python3.14/site-packages/urllib3/connection.py", line 827, in connect
    self.sock = sock = self._new_conn()
                       ~~~~~~~~~~~~~~^^
  File "/data/data/com.termux/files/usr/lib/python3.14/site-packages/urllib3/connection.py", line 254, in _new_conn
    raise NewConnectionError(
        self, f"Failed to establish a new connection: {e}"
    ) from e
urllib3.exceptions.NewConnectionError: HTTPSConnection(host='api.telegram.org', port=443): Failed to establish a new connection: [Errno 101] Network is unreachable

The above exception was the direct cause of the following exception:

Traceback (most recent call last):
  File "/data/data/com.termux/files/usr/lib/python3.14/site-packages/requests/adapters.py", line 696, in send
    resp = conn.urlopen(
        method=request.method,
    ...<9 lines>...
        chunked=chunked,
    )
  File "/data/data/com.termux/files/usr/lib/python3.14/site-packages/urllib3/connectionpool.py", line 847, in urlopen
    retries = retries.increment(
        method, url, error=new_e, _pool=self, _stacktrace=sys.exc_info()[2]
    )
  File "/data/data/com.termux/files/usr/lib/python3.14/site-packages/urllib3/util/retry.py", line 555, in increment
    raise MaxRetryError(_pool, url, reason) from reason  # type: ignore[arg-type]
    ^^^^^^^^^^^^^^^^^^^^^^^^^^^^^^^^^^^^^^^^^^^^^^^^^^^
urllib3.exceptions.MaxRetryError: HTTPSConnectionPool(host='api.telegram.org', port=443): Max retries exceeded with url: /bot8815900502:***********************************/getUpdates?offset=424131578&timeout=20 (Caused by NewConnectionError("HTTPSConnection(host='api.telegram.org', port=443): Failed to establish a new connection: [Errno 101] Network is unreachable"))

During handling of the above exception, another exception occurred:

Traceback (most recent call last):
  File "/data/data/com.termux/files/usr/lib/python3.14/site-packages/telebot/__init__.py", line 1149, in infinity_polling
    self.polling(non_stop=True, timeout=timeout, long_polling_timeout=long_polling_timeout,
    ~~~~~~~~~~~~^^^^^^^^^^^^^^^^^^^^^^^^^^^^^^^^^^^^^^^^^^^^^^^^^^^^^^^^^^^^^^^^^^^^^^^^^^^
                 logger_level=logger_level, allowed_updates=allowed_updates, restart_on_change=False,
                 ^^^^^^^^^^^^^^^^^^^^^^^^^^^^^^^^^^^^^^^^^^^^^^^^^^^^^^^^^^^^^^^^^^^^^^^^^^^^^^^^^^^^
                 *args, **kwargs)
                 ^^^^^^^^^^^^^^^^
  File "/data/data/com.termux/files/usr/lib/python3.14/site-packages/telebot/__init__.py", line 1237, in polling
    self.__threaded_polling(non_stop=non_stop, interval=interval, timeout=timeout, long_polling_timeout=long_polling_timeout,
    ~~~~~~~~~~~~~~~~~~~~~~~^^^^^^^^^^^^^^^^^^^^^^^^^^^^^^^^^^^^^^^^^^^^^^^^^^^^^^^^^^^^^^^^^^^^^^^^^^^^^^^^^^^^^^^^^^^^^^^^^^
                            logger_level=logger_level, allowed_updates=allowed_updates)
                            ^^^^^^^^^^^^^^^^^^^^^^^^^^^^^^^^^^^^^^^^^^^^^^^^^^^^^^^^^^^
  File "/data/data/com.termux/files/usr/lib/python3.14/site-packages/telebot/__init__.py", line 1312, in __threaded_polling
    raise e
  File "/data/data/com.termux/files/usr/lib/python3.14/site-packages/telebot/__init__.py", line 1273, in __threaded_polling
    polling_thread.raise_exceptions()
    ~~~~~~~~~~~~~~~~~~~~~~~~~~~~~~~^^
  File "/data/data/com.termux/files/usr/lib/python3.14/site-packages/telebot/util.py", line 116, in raise_exceptions
    raise self.exception_info
  File "/data/data/com.termux/files/usr/lib/python3.14/site-packages/telebot/util.py", line 98, in run
    task(*args, **kwargs)
    ~~~~^^^^^^^^^^^^^^^^^
  File "/data/data/com.termux/files/usr/lib/python3.14/site-packages/telebot/__init__.py", line 691, in __retrieve_updates
    updates = self.get_updates(offset=(self.last_update_id + 1),
                               allowed_updates=allowed_updates,
                               timeout=timeout, long_polling_timeout=long_polling_timeout)
  File "/data/data/com.termux/files/usr/lib/python3.14/site-packages/telebot/__init__.py", line 663, in get_updates
    json_updates = apihelper.get_updates(
        self.token, offset=offset, limit=limit, timeout=timeout, allowed_updates=allowed_updates,
        long_polling_timeout=long_polling_timeout)
  File "/data/data/com.termux/files/usr/lib/python3.14/site-packages/telebot/apihelper.py", line 382, in get_updates
    return _make_request(token, method_url, params=payload)
  File "/data/data/com.termux/files/usr/lib/python3.14/site-packages/telebot/apihelper.py", line 162, in _make_request
    result = _get_req_session().request(
        method, request_url, params=params, files=files,
        timeout=(connect_timeout, read_timeout), proxies=proxy)
  File "/data/data/com.termux/files/usr/lib/python3.14/site-packages/requests/sessions.py", line 651, in request
    resp = self.send(prep, **send_kwargs)
  File "/data/data/com.termux/files/usr/lib/python3.14/site-packages/requests/sessions.py", line 784, in send
    r = adapter.send(request, **kwargs)
  File "/data/data/com.termux/files/usr/lib/python3.14/site-packages/requests/adapters.py", line 729, in send
    raise ConnectionError(e, request=request)
requests.exceptions.ConnectionError: HTTPSConnectionPool(host='api.telegram.org', port=443): Max retries exceeded with url: /bot8815900502:***********************************/getUpdates?offset=424131578&timeout=20 (Caused by NewConnectionError("HTTPSConnection(host='api.telegram.org', port=443): Failed to establish a new connection: [Errno 101] Network is unreachable"))
"
2026-09-27 08:45:08,969 (__init__.py:1154 TelegramBotPoll) ERROR - TeleBot: "Infinity polling exception: HTTPSConnectionPool(host='api.telegram.org', port=443): Max retries exceeded with url: /bot8815900502:***********************************/getUpdates?offset=424131578&timeout=20 (Caused by NewConnectionError("HTTPSConnection(host='api.telegram.org', port=443): Failed to establish a new connection: [Errno 101] Network is unreachable"))"
2026-09-27 08:45:09,003 (__init__.py:1156 TelegramBotPoll) ERROR - TeleBot: "Exception traceback:
Traceback (most recent call last):
  File "/data/data/com.termux/files/usr/lib/python3.14/site-packages/urllib3/connection.py", line 239, in _new_conn
    sock = connection.create_connection(
        (self._dns_host, self.port),
    ...<2 lines>...
        socket_options=self.socket_options,
    )
  File "/data/data/com.termux/files/usr/lib/python3.14/site-packages/urllib3/util/connection.py", line 85, in create_connection
    raise err
  File "/data/data/com.termux/files/usr/lib/python3.14/site-packages/urllib3/util/connection.py", line 73, in create_connection
    sock.connect(sa)
    ~~~~~~~~~~~~^^^^
OSError: [Errno 101] Network is unreachable

The above exception was the direct cause of the following exception:

Traceback (most recent call last):
  File "/data/data/com.termux/files/usr/lib/python3.14/site-packages/urllib3/connectionpool.py", line 793, in urlopen
    response = self._make_request(
        conn,
    ...<10 lines>...
        **response_kw,
    )
  File "/data/data/com.termux/files/usr/lib/python3.14/site-packages/urllib3/connectionpool.py", line 494, in _make_request
    raise new_e
  File "/data/data/com.termux/files/usr/lib/python3.14/site-packages/urllib3/connectionpool.py", line 470, in _make_request
    self._validate_conn(conn)
    ~~~~~~~~~~~~~~~~~~~^^^^^^
  File "/data/data/com.termux/files/usr/lib/python3.14/site-packages/urllib3/connectionpool.py", line 1125, in _validate_conn
    conn.connect()
    ~~~~~~~~~~~~^^
  File "/data/data/com.termux/files/usr/lib/python3.14/site-packages/urllib3/connection.py", line 827, in connect
    self.sock = sock = self._new_conn()
                       ~~~~~~~~~~~~~~^^
  File "/data/data/com.termux/files/usr/lib/python3.14/site-packages/urllib3/connection.py", line 254, in _new_conn
    raise NewConnectionError(
        self, f"Failed to establish a new connection: {e}"
    ) from e
urllib3.exceptions.NewConnectionError: HTTPSConnection(host='api.telegram.org', port=443): Failed to establish a new connection: [Errno 101] Network is unreachable

The above exception was the direct cause of the following exception:

Traceback (most recent call last):
  File "/data/data/com.termux/files/usr/lib/python3.14/site-packages/requests/adapters.py", line 696, in send
    resp = conn.urlopen(
        method=request.method,
    ...<9 lines>...
        chunked=chunked,
    )
  File "/data/data/com.termux/files/usr/lib/python3.14/site-packages/urllib3/connectionpool.py", line 847, in urlopen
    retries = retries.increment(
        method, url, error=new_e, _pool=self, _stacktrace=sys.exc_info()[2]
    )
  File "/data/data/com.termux/files/usr/lib/python3.14/site-packages/urllib3/util/retry.py", line 555, in increment
    raise MaxRetryError(_pool, url, reason) from reason  # type: ignore[arg-type]
    ^^^^^^^^^^^^^^^^^^^^^^^^^^^^^^^^^^^^^^^^^^^^^^^^^^^
urllib3.exceptions.MaxRetryError: HTTPSConnectionPool(host='api.telegram.org', port=443): Max retries exceeded with url: /bot8815900502:***********************************/getUpdates?offset=424131578&timeout=20 (Caused by NewConnectionError("HTTPSConnection(host='api.telegram.org', port=443): Failed to establish a new connection: [Errno 101] Network is unreachable"))

During handling of the above exception, another exception occurred:

Traceback (most recent call last):
  File "/data/data/com.termux/files/usr/lib/python3.14/site-packages/telebot/__init__.py", line 1149, in infinity_polling
    self.polling(non_stop=True, timeout=timeout, long_polling_timeout=long_polling_timeout,
    ~~~~~~~~~~~~^^^^^^^^^^^^^^^^^^^^^^^^^^^^^^^^^^^^^^^^^^^^^^^^^^^^^^^^^^^^^^^^^^^^^^^^^^^
                 logger_level=logger_level, allowed_updates=allowed_updates, restart_on_change=False,
                 ^^^^^^^^^^^^^^^^^^^^^^^^^^^^^^^^^^^^^^^^^^^^^^^^^^^^^^^^^^^^^^^^^^^^^^^^^^^^^^^^^^^^
                 *args, **kwargs)
                 ^^^^^^^^^^^^^^^^
  File "/data/data/com.termux/files/usr/lib/python3.14/site-packages/telebot/__init__.py", line 1237, in polling
    self.__threaded_polling(non_stop=non_stop, interval=interval, timeout=timeout, long_polling_timeout=long_polling_timeout,
    ~~~~~~~~~~~~~~~~~~~~~~~^^^^^^^^^^^^^^^^^^^^^^^^^^^^^^^^^^^^^^^^^^^^^^^^^^^^^^^^^^^^^^^^^^^^^^^^^^^^^^^^^^^^^^^^^^^^^^^^^^
                            logger_level=logger_level, allowed_updates=allowed_updates)
                            ^^^^^^^^^^^^^^^^^^^^^^^^^^^^^^^^^^^^^^^^^^^^^^^^^^^^^^^^^^^
  File "/data/data/com.termux/files/usr/lib/python3.14/site-packages/telebot/__init__.py", line 1312, in __threaded_polling
    raise e
  File "/data/data/com.termux/files/usr/lib/python3.14/site-packages/telebot/__init__.py", line 1273, in __threaded_polling
    polling_thread.raise_exceptions()
    ~~~~~~~~~~~~~~~~~~~~~~~~~~~~~~~^^
  File "/data/data/com.termux/files/usr/lib/python3.14/site-packages/telebot/util.py", line 116, in raise_exceptions
    raise self.exception_info
  File "/data/data/com.termux/files/usr/lib/python3.14/site-packages/telebot/util.py", line 98, in run
    task(*args, **kwargs)
    ~~~~^^^^^^^^^^^^^^^^^
  File "/data/data/com.termux/files/usr/lib/python3.14/site-packages/telebot/__init__.py", line 691, in __retrieve_updates
    updates = self.get_updates(offset=(self.last_update_id + 1),
                               allowed_updates=allowed_updates,
                               timeout=timeout, long_polling_timeout=long_polling_timeout)
  File "/data/data/com.termux/files/usr/lib/python3.14/site-packages/telebot/__init__.py", line 663, in get_updates
    json_updates = apihelper.get_updates(
        self.token, offset=offset, limit=limit, timeout=timeout, allowed_updates=allowed_updates,
        long_polling_timeout=long_polling_timeout)
  File "/data/data/com.termux/files/usr/lib/python3.14/site-packages/telebot/apihelper.py", line 382, in get_updates
    return _make_request(token, method_url, params=payload)
  File "/data/data/com.termux/files/usr/lib/python3.14/site-packages/telebot/apihelper.py", line 162, in _make_request
    result = _get_req_session().request(
        method, request_url, params=params, files=files,
        timeout=(connect_timeout, read_timeout), proxies=proxy)
  File "/data/data/com.termux/files/usr/lib/python3.14/site-packages/requests/sessions.py", line 651, in request
    resp = self.send(prep, **send_kwargs)
  File "/data/data/com.termux/files/usr/lib/python3.14/site-packages/requests/sessions.py", line 784, in send
    r = adapter.send(request, **kwargs)
  File "/data/data/com.termux/files/usr/lib/python3.14/site-packages/requests/adapters.py", line 729, in send
    raise ConnectionError(e, request=request)
requests.exceptions.ConnectionError: HTTPSConnectionPool(host='api.telegram.org', port=443): Max retries exceeded with url: /bot8815900502:***********************************/getUpdates?offset=424131578&timeout=20 (Caused by NewConnectionError("HTTPSConnection(host='api.telegram.org', port=443): Failed to establish a new connection: [Errno 101] Network is unreachable"))
"
2026-09-27 08:45:32,086 (__init__.py:1154 TelegramBotPoll) ERROR - TeleBot: "Infinity polling exception: HTTPSConnectionPool(host='api.telegram.org', port=443): Max retries exceeded with url: /bot8815900502:***********************************/getUpdates?offset=424131578&timeout=20 (Caused by NewConnectionError("HTTPSConnection(host='api.telegram.org', port=443): Failed to establish a new connection: [Errno 101] Network is unreachable"))"
2026-09-27 08:45:32,128 (__init__.py:1156 TelegramBotPoll) ERROR - TeleBot: "Exception traceback:
Traceback (most recent call last):
  File "/data/data/com.termux/files/usr/lib/python3.14/site-packages/urllib3/connection.py", line 239, in _new_conn
    sock = connection.create_connection(
        (self._dns_host, self.port),
    ...<2 lines>...
        socket_options=self.socket_options,
    )
  File "/data/data/com.termux/files/usr/lib/python3.14/site-packages/urllib3/util/connection.py", line 85, in create_connection
    raise err
  File "/data/data/com.termux/files/usr/lib/python3.14/site-packages/urllib3/util/connection.py", line 73, in create_connection
    sock.connect(sa)
    ~~~~~~~~~~~~^^^^
OSError: [Errno 101] Network is unreachable

The above exception was the direct cause of the following exception:

Traceback (most recent call last):
  File "/data/data/com.termux/files/usr/lib/python3.14/site-packages/urllib3/connectionpool.py", line 793, in urlopen
    response = self._make_request(
        conn,
    ...<10 lines>...
        **response_kw,
    )
  File "/data/data/com.termux/files/usr/lib/python3.14/site-packages/urllib3/connectionpool.py", line 494, in _make_request
    raise new_e
  File "/data/data/com.termux/files/usr/lib/python3.14/site-packages/urllib3/connectionpool.py", line 470, in _make_request
    self._validate_conn(conn)
    ~~~~~~~~~~~~~~~~~~~^^^^^^
  File "/data/data/com.termux/files/usr/lib/python3.14/site-packages/urllib3/connectionpool.py", line 1125, in _validate_conn
    conn.connect()
    ~~~~~~~~~~~~^^
  File "/data/data/com.termux/files/usr/lib/python3.14/site-packages/urllib3/connection.py", line 827, in connect
    self.sock = sock = self._new_conn()
                       ~~~~~~~~~~~~~~^^
  File "/data/data/com.termux/files/usr/lib/python3.14/site-packages/urllib3/connection.py", line 254, in _new_conn
    raise NewConnectionError(
        self, f"Failed to establish a new connection: {e}"
    ) from e
urllib3.exceptions.NewConnectionError: HTTPSConnection(host='api.telegram.org', port=443): Failed to establish a new connection: [Errno 101] Network is unreachable

The above exception was the direct cause of the following exception:

Traceback (most recent call last):
  File "/data/data/com.termux/files/usr/lib/python3.14/site-packages/requests/adapters.py", line 696, in send
    resp = conn.urlopen(
        method=request.method,
    ...<9 lines>...
        chunked=chunked,
    )
  File "/data/data/com.termux/files/usr/lib/python3.14/site-packages/urllib3/connectionpool.py", line 847, in urlopen
    retries = retries.increment(
        method, url, error=new_e, _pool=self, _stacktrace=sys.exc_info()[2]
    )
  File "/data/data/com.termux/files/usr/lib/python3.14/site-packages/urllib3/util/retry.py", line 555, in increment
    raise MaxRetryError(_pool, url, reason) from reason  # type: ignore[arg-type]
    ^^^^^^^^^^^^^^^^^^^^^^^^^^^^^^^^^^^^^^^^^^^^^^^^^^^
urllib3.exceptions.MaxRetryError: HTTPSConnectionPool(host='api.telegram.org', port=443): Max retries exceeded with url: /bot8815900502:***********************************/getUpdates?offset=424131578&timeout=20 (Caused by NewConnectionError("HTTPSConnection(host='api.telegram.org', port=443): Failed to establish a new connection: [Errno 101] Network is unreachable"))

During handling of the above exception, another exception occurred:

Traceback (most recent call last):
  File "/data/data/com.termux/files/usr/lib/python3.14/site-packages/telebot/__init__.py", line 1149, in infinity_polling
    self.polling(non_stop=True, timeout=timeout, long_polling_timeout=long_polling_timeout,
    ~~~~~~~~~~~~^^^^^^^^^^^^^^^^^^^^^^^^^^^^^^^^^^^^^^^^^^^^^^^^^^^^^^^^^^^^^^^^^^^^^^^^^^^
                 logger_level=logger_level, allowed_updates=allowed_updates, restart_on_change=False,
                 ^^^^^^^^^^^^^^^^^^^^^^^^^^^^^^^^^^^^^^^^^^^^^^^^^^^^^^^^^^^^^^^^^^^^^^^^^^^^^^^^^^^^
                 *args, **kwargs)
                 ^^^^^^^^^^^^^^^^
  File "/data/data/com.termux/files/usr/lib/python3.14/site-packages/telebot/__init__.py", line 1237, in polling
    self.__threaded_polling(non_stop=non_stop, interval=interval, timeout=timeout, long_polling_timeout=long_polling_timeout,
    ~~~~~~~~~~~~~~~~~~~~~~~^^^^^^^^^^^^^^^^^^^^^^^^^^^^^^^^^^^^^^^^^^^^^^^^^^^^^^^^^^^^^^^^^^^^^^^^^^^^^^^^^^^^^^^^^^^^^^^^^^
                            logger_level=logger_level, allowed_updates=allowed_updates)
                            ^^^^^^^^^^^^^^^^^^^^^^^^^^^^^^^^^^^^^^^^^^^^^^^^^^^^^^^^^^^
  File "/data/data/com.termux/files/usr/lib/python3.14/site-packages/telebot/__init__.py", line 1312, in __threaded_polling
    raise e
  File "/data/data/com.termux/files/usr/lib/python3.14/site-packages/telebot/__init__.py", line 1273, in __threaded_polling
    polling_thread.raise_exceptions()
    ~~~~~~~~~~~~~~~~~~~~~~~~~~~~~~~^^
  File "/data/data/com.termux/files/usr/lib/python3.14/site-packages/telebot/util.py", line 116, in raise_exceptions
    raise self.exception_info
  File "/data/data/com.termux/files/usr/lib/python3.14/site-packages/telebot/util.py", line 98, in run
    task(*args, **kwargs)
    ~~~~^^^^^^^^^^^^^^^^^
  File "/data/data/com.termux/files/usr/lib/python3.14/site-packages/telebot/__init__.py", line 691, in __retrieve_updates
    updates = self.get_updates(offset=(self.last_update_id + 1),
                               allowed_updates=allowed_updates,
                               timeout=timeout, long_polling_timeout=long_polling_timeout)
  File "/data/data/com.termux/files/usr/lib/python3.14/site-packages/telebot/__init__.py", line 663, in get_updates
    json_updates = apihelper.get_updates(
        self.token, offset=offset, limit=limit, timeout=timeout, allowed_updates=allowed_updates,
        long_polling_timeout=long_polling_timeout)
  File "/data/data/com.termux/files/usr/lib/python3.14/site-packages/telebot/apihelper.py", line 382, in get_updates
    return _make_request(token, method_url, params=payload)
  File "/data/data/com.termux/files/usr/lib/python3.14/site-packages/telebot/apihelper.py", line 162, in _make_request
    result = _get_req_session().request(
        method, request_url, params=params, files=files,
        timeout=(connect_timeout, read_timeout), proxies=proxy)
  File "/data/data/com.termux/files/usr/lib/python3.14/site-packages/requests/sessions.py", line 651, in request
    resp = self.send(prep, **send_kwargs)
  File "/data/data/com.termux/files/usr/lib/python3.14/site-packages/requests/sessions.py", line 784, in send
    r = adapter.send(request, **kwargs)
  File "/data/data/com.termux/files/usr/lib/python3.14/site-packages/requests/adapters.py", line 729, in send
    raise ConnectionError(e, request=request)
requests.exceptions.ConnectionError: HTTPSConnectionPool(host='api.telegram.org', port=443): Max retries exceeded with url: /bot8815900502:***********************************/getUpdates?offset=424131578&timeout=20 (Caused by NewConnectionError("HTTPSConnection(host='api.telegram.org', port=443): Failed to establish a new connection: [Errno 101] Network is unreachable"))
"
2026-09-27 08:45:55,195 (__init__.py:1154 TelegramBotPoll) ERROR - TeleBot: "Infinity polling exception: HTTPSConnectionPool(host='api.telegram.org', port=443): Max retries exceeded with url: /bot8815900502:***********************************/getUpdates?offset=424131578&timeout=20 (Caused by NewConnectionError("HTTPSConnection(host='api.telegram.org', port=443): Failed to establish a new connection: [Errno 101] Network is unreachable"))"
2026-09-27 08:45:55,231 (__init__.py:1156 TelegramBotPoll) ERROR - TeleBot: "Exception traceback:
Traceback (most recent call last):
  File "/data/data/com.termux/files/usr/lib/python3.14/site-packages/urllib3/connection.py", line 239, in _new_conn
    sock = connection.create_connection(
        (self._dns_host, self.port),
    ...<2 lines>...
        socket_options=self.socket_options,
    )
  File "/data/data/com.termux/files/usr/lib/python3.14/site-packages/urllib3/util/connection.py", line 85, in create_connection
    raise err
  File "/data/data/com.termux/files/usr/lib/python3.14/site-packages/urllib3/util/connection.py", line 73, in create_connection
    sock.connect(sa)
    ~~~~~~~~~~~~^^^^
OSError: [Errno 101] Network is unreachable

The above exception was the direct cause of the following exception:

Traceback (most recent call last):
  File "/data/data/com.termux/files/usr/lib/python3.14/site-packages/urllib3/connectionpool.py", line 793, in urlopen
    response = self._make_request(
        conn,
    ...<10 lines>...
        **response_kw,
    )
  File "/data/data/com.termux/files/usr/lib/python3.14/site-packages/urllib3/connectionpool.py", line 494, in _make_request
    raise new_e
  File "/data/data/com.termux/files/usr/lib/python3.14/site-packages/urllib3/connectionpool.py", line 470, in _make_request
    self._validate_conn(conn)
    ~~~~~~~~~~~~~~~~~~~^^^^^^
  File "/data/data/com.termux/files/usr/lib/python3.14/site-packages/urllib3/connectionpool.py", line 1125, in _validate_conn
    conn.connect()
    ~~~~~~~~~~~~^^
  File "/data/data/com.termux/files/usr/lib/python3.14/site-packages/urllib3/connection.py", line 827, in connect
    self.sock = sock = self._new_conn()
                       ~~~~~~~~~~~~~~^^
  File "/data/data/com.termux/files/usr/lib/python3.14/site-packages/urllib3/connection.py", line 254, in _new_conn
    raise NewConnectionError(
        self, f"Failed to establish a new connection: {e}"
    ) from e
urllib3.exceptions.NewConnectionError: HTTPSConnection(host='api.telegram.org', port=443): Failed to establish a new connection: [Errno 101] Network is unreachable

The above exception was the direct cause of the following exception:

Traceback (most recent call last):
  File "/data/data/com.termux/files/usr/lib/python3.14/site-packages/requests/adapters.py", line 696, in send
    resp = conn.urlopen(
        method=request.method,
    ...<9 lines>...
        chunked=chunked,
    )
  File "/data/data/com.termux/files/usr/lib/python3.14/site-packages/urllib3/connectionpool.py", line 847, in urlopen
    retries = retries.increment(
        method, url, error=new_e, _pool=self, _stacktrace=sys.exc_info()[2]
    )
  File "/data/data/com.termux/files/usr/lib/python3.14/site-packages/urllib3/util/retry.py", line 555, in increment
    raise MaxRetryError(_pool, url, reason) from reason  # type: ignore[arg-type]
    ^^^^^^^^^^^^^^^^^^^^^^^^^^^^^^^^^^^^^^^^^^^^^^^^^^^
urllib3.exceptions.MaxRetryError: HTTPSConnectionPool(host='api.telegram.org', port=443): Max retries exceeded with url: /bot8815900502:***********************************/getUpdates?offset=424131578&timeout=20 (Caused by NewConnectionError("HTTPSConnection(host='api.telegram.org', port=443): Failed to establish a new connection: [Errno 101] Network is unreachable"))

During handling of the above exception, another exception occurred:

Traceback (most recent call last):
  File "/data/data/com.termux/files/usr/lib/python3.14/site-packages/telebot/__init__.py", line 1149, in infinity_polling
    self.polling(non_stop=True, timeout=timeout, long_polling_timeout=long_polling_timeout,
    ~~~~~~~~~~~~^^^^^^^^^^^^^^^^^^^^^^^^^^^^^^^^^^^^^^^^^^^^^^^^^^^^^^^^^^^^^^^^^^^^^^^^^^^
                 logger_level=logger_level, allowed_updates=allowed_updates, restart_on_change=False,
                 ^^^^^^^^^^^^^^^^^^^^^^^^^^^^^^^^^^^^^^^^^^^^^^^^^^^^^^^^^^^^^^^^^^^^^^^^^^^^^^^^^^^^
                 *args, **kwargs)
                 ^^^^^^^^^^^^^^^^
  File "/data/data/com.termux/files/usr/lib/python3.14/site-packages/telebot/__init__.py", line 1237, in polling
    self.__threaded_polling(non_stop=non_stop, interval=interval, timeout=timeout, long_polling_timeout=long_polling_timeout,
    ~~~~~~~~~~~~~~~~~~~~~~~^^^^^^^^^^^^^^^^^^^^^^^^^^^^^^^^^^^^^^^^^^^^^^^^^^^^^^^^^^^^^^^^^^^^^^^^^^^^^^^^^^^^^^^^^^^^^^^^^^
                            logger_level=logger_level, allowed_updates=allowed_updates)
                            ^^^^^^^^^^^^^^^^^^^^^^^^^^^^^^^^^^^^^^^^^^^^^^^^^^^^^^^^^^^
  File "/data/data/com.termux/files/usr/lib/python3.14/site-packages/telebot/__init__.py", line 1312, in __threaded_polling
    raise e
  File "/data/data/com.termux/files/usr/lib/python3.14/site-packages/telebot/__init__.py", line 1273, in __threaded_polling
    polling_thread.raise_exceptions()
    ~~~~~~~~~~~~~~~~~~~~~~~~~~~~~~~^^
  File "/data/data/com.termux/files/usr/lib/python3.14/site-packages/telebot/util.py", line 116, in raise_exceptions
    raise self.exception_info
  File "/data/data/com.termux/files/usr/lib/python3.14/site-packages/telebot/util.py", line 98, in run
    task(*args, **kwargs)
    ~~~~^^^^^^^^^^^^^^^^^
  File "/data/data/com.termux/files/usr/lib/python3.14/site-packages/telebot/__init__.py", line 691, in __retrieve_updates
    updates = self.get_updates(offset=(self.last_update_id + 1),
                               allowed_updates=allowed_updates,
                               timeout=timeout, long_polling_timeout=long_polling_timeout)
  File "/data/data/com.termux/files/usr/lib/python3.14/site-packages/telebot/__init__.py", line 663, in get_updates
    json_updates = apihelper.get_updates(
        self.token, offset=offset, limit=limit, timeout=timeout, allowed_updates=allowed_updates,
        long_polling_timeout=long_polling_timeout)
  File "/data/data/com.termux/files/usr/lib/python3.14/site-packages/telebot/apihelper.py", line 382, in get_updates
    return _make_request(token, method_url, params=payload)
  File "/data/data/com.termux/files/usr/lib/python3.14/site-packages/telebot/apihelper.py", line 162, in _make_request
    result = _get_req_session().request(
        method, request_url, params=params, files=files,
        timeout=(connect_timeout, read_timeout), proxies=proxy)
  File "/data/data/com.termux/files/usr/lib/python3.14/site-packages/requests/sessions.py", line 651, in request
    resp = self.send(prep, **send_kwargs)
  File "/data/data/com.termux/files/usr/lib/python3.14/site-packages/requests/sessions.py", line 784, in send
    r = adapter.send(request, **kwargs)
  File "/data/data/com.termux/files/usr/lib/python3.14/site-packages/requests/adapters.py", line 729, in send
    raise ConnectionError(e, request=request)
requests.exceptions.ConnectionError: HTTPSConnectionPool(host='api.telegram.org', port=443): Max retries exceeded with url: /bot8815900502:***********************************/getUpdates?offset=424131578&timeout=20 (Caused by NewConnectionError("HTTPSConnection(host='api.telegram.org', port=443): Failed to establish a new connection: [Errno 101] Network is unreachable"))
"
2026-09-27 08:46:18,281 (__init__.py:1154 TelegramBotPoll) ERROR - TeleBot: "Infinity polling exception: HTTPSConnectionPool(host='api.telegram.org', port=443): Max retries exceeded with url: /bot8815900502:***********************************/getUpdates?offset=424131578&timeout=20 (Caused by NewConnectionError("HTTPSConnection(host='api.telegram.org', port=443): Failed to establish a new connection: [Errno 101] Network is unreachable"))"
2026-09-27 08:46:18,324 (__init__.py:1156 TelegramBotPoll) ERROR - TeleBot: "Exception traceback:
Traceback (most recent call last):
  File "/data/data/com.termux/files/usr/lib/python3.14/site-packages/urllib3/connection.py", line 239, in _new_conn
    sock = connection.create_connection(
        (self._dns_host, self.port),
    ...<2 lines>...
        socket_options=self.socket_options,
    )
  File "/data/data/com.termux/files/usr/lib/python3.14/site-packages/urllib3/util/connection.py", line 85, in create_connection
    raise err
  File "/data/data/com.termux/files/usr/lib/python3.14/site-packages/urllib3/util/connection.py", line 73, in create_connection
    sock.connect(sa)
    ~~~~~~~~~~~~^^^^
OSError: [Errno 101] Network is unreachable

The above exception was the direct cause of the following exception:

Traceback (most recent call last):
  File "/data/data/com.termux/files/usr/lib/python3.14/site-packages/urllib3/connectionpool.py", line 793, in urlopen
    response = self._make_request(
        conn,
    ...<10 lines>...
        **response_kw,
    )
  File "/data/data/com.termux/files/usr/lib/python3.14/site-packages/urllib3/connectionpool.py", line 494, in _make_request
    raise new_e
  File "/data/data/com.termux/files/usr/lib/python3.14/site-packages/urllib3/connectionpool.py", line 470, in _make_request
    self._validate_conn(conn)
    ~~~~~~~~~~~~~~~~~~~^^^^^^
  File "/data/data/com.termux/files/usr/lib/python3.14/site-packages/urllib3/connectionpool.py", line 1125, in _validate_conn
    conn.connect()
    ~~~~~~~~~~~~^^
  File "/data/data/com.termux/files/usr/lib/python3.14/site-packages/urllib3/connection.py", line 827, in connect
    self.sock = sock = self._new_conn()
                       ~~~~~~~~~~~~~~^^
  File "/data/data/com.termux/files/usr/lib/python3.14/site-packages/urllib3/connection.py", line 254, in _new_conn
    raise NewConnectionError(
        self, f"Failed to establish a new connection: {e}"
    ) from e
urllib3.exceptions.NewConnectionError: HTTPSConnection(host='api.telegram.org', port=443): Failed to establish a new connection: [Errno 101] Network is unreachable

The above exception was the direct cause of the following exception:

Traceback (most recent call last):
  File "/data/data/com.termux/files/usr/lib/python3.14/site-packages/requests/adapters.py", line 696, in send
    resp = conn.urlopen(
        method=request.method,
    ...<9 lines>...
        chunked=chunked,
    )
  File "/data/data/com.termux/files/usr/lib/python3.14/site-packages/urllib3/connectionpool.py", line 847, in urlopen
    retries = retries.increment(
        method, url, error=new_e, _pool=self, _stacktrace=sys.exc_info()[2]
    )
  File "/data/data/com.termux/files/usr/lib/python3.14/site-packages/urllib3/util/retry.py", line 555, in increment
    raise MaxRetryError(_pool, url, reason) from reason  # type: ignore[arg-type]
    ^^^^^^^^^^^^^^^^^^^^^^^^^^^^^^^^^^^^^^^^^^^^^^^^^^^
urllib3.exceptions.MaxRetryError: HTTPSConnectionPool(host='api.telegram.org', port=443): Max retries exceeded with url: /bot8815900502:***********************************/getUpdates?offset=424131578&timeout=20 (Caused by NewConnectionError("HTTPSConnection(host='api.telegram.org', port=443): Failed to establish a new connection: [Errno 101] Network is unreachable"))

During handling of the above exception, another exception occurred:

Traceback (most recent call last):
  File "/data/data/com.termux/files/usr/lib/python3.14/site-packages/telebot/__init__.py", line 1149, in infinity_polling
    self.polling(non_stop=True, timeout=timeout, long_polling_timeout=long_polling_timeout,
    ~~~~~~~~~~~~^^^^^^^^^^^^^^^^^^^^^^^^^^^^^^^^^^^^^^^^^^^^^^^^^^^^^^^^^^^^^^^^^^^^^^^^^^^
                 logger_level=logger_level, allowed_updates=allowed_updates, restart_on_change=False,
                 ^^^^^^^^^^^^^^^^^^^^^^^^^^^^^^^^^^^^^^^^^^^^^^^^^^^^^^^^^^^^^^^^^^^^^^^^^^^^^^^^^^^^
                 *args, **kwargs)
                 ^^^^^^^^^^^^^^^^
  File "/data/data/com.termux/files/usr/lib/python3.14/site-packages/telebot/__init__.py", line 1237, in polling
    self.__threaded_polling(non_stop=non_stop, interval=interval, timeout=timeout, long_polling_timeout=long_polling_timeout,
    ~~~~~~~~~~~~~~~~~~~~~~~^^^^^^^^^^^^^^^^^^^^^^^^^^^^^^^^^^^^^^^^^^^^^^^^^^^^^^^^^^^^^^^^^^^^^^^^^^^^^^^^^^^^^^^^^^^^^^^^^^
                            logger_level=logger_level, allowed_updates=allowed_updates)
                            ^^^^^^^^^^^^^^^^^^^^^^^^^^^^^^^^^^^^^^^^^^^^^^^^^^^^^^^^^^^
  File "/data/data/com.termux/files/usr/lib/python3.14/site-packages/telebot/__init__.py", line 1312, in __threaded_polling
    raise e
  File "/data/data/com.termux/files/usr/lib/python3.14/site-packages/telebot/__init__.py", line 1273, in __threaded_polling
    polling_thread.raise_exceptions()
    ~~~~~~~~~~~~~~~~~~~~~~~~~~~~~~~^^
  File "/data/data/com.termux/files/usr/lib/python3.14/site-packages/telebot/util.py", line 116, in raise_exceptions
    raise self.exception_info
  File "/data/data/com.termux/files/usr/lib/python3.14/site-packages/telebot/util.py", line 98, in run
    task(*args, **kwargs)
    ~~~~^^^^^^^^^^^^^^^^^
  File "/data/data/com.termux/files/usr/lib/python3.14/site-packages/telebot/__init__.py", line 691, in __retrieve_updates
    updates = self.get_updates(offset=(self.last_update_id + 1),
                               allowed_updates=allowed_updates,
                               timeout=timeout, long_polling_timeout=long_polling_timeout)
  File "/data/data/com.termux/files/usr/lib/python3.14/site-packages/telebot/__init__.py", line 663, in get_updates
    json_updates = apihelper.get_updates(
        self.token, offset=offset, limit=limit, timeout=timeout, allowed_updates=allowed_updates,
        long_polling_timeout=long_polling_timeout)
  File "/data/data/com.termux/files/usr/lib/python3.14/site-packages/telebot/apihelper.py", line 382, in get_updates
    return _make_request(token, method_url, params=payload)
  File "/data/data/com.termux/files/usr/lib/python3.14/site-packages/telebot/apihelper.py", line 162, in _make_request
    result = _get_req_session().request(
        method, request_url, params=params, files=files,
        timeout=(connect_timeout, read_timeout), proxies=proxy)
  File "/data/data/com.termux/files/usr/lib/python3.14/site-packages/requests/sessions.py", line 651, in request
    resp = self.send(prep, **send_kwargs)
  File "/data/data/com.termux/files/usr/lib/python3.14/site-packages/requests/sessions.py", line 784, in send
    r = adapter.send(request, **kwargs)
  File "/data/data/com.termux/files/usr/lib/python3.14/site-packages/requests/adapters.py", line 729, in send
    raise ConnectionError(e, request=request)
requests.exceptions.ConnectionError: HTTPSConnectionPool(host='api.telegram.org', port=443): Max retries exceeded with url: /bot8815900502:***********************************/getUpdates?offset=424131578&timeout=20 (Caused by NewConnectionError("HTTPSConnection(host='api.telegram.org', port=443): Failed to establish a new connection: [Errno 101] Network is unreachable"))
"
2026-09-27 08:46:41,416 (__init__.py:1154 TelegramBotPoll) ERROR - TeleBot: "Infinity polling exception: HTTPSConnectionPool(host='api.telegram.org', port=443): Max retries exceeded with url: /bot8815900502:***********************************/getUpdates?offset=424131578&timeout=20 (Caused by NewConnectionError("HTTPSConnection(host='api.telegram.org', port=443): Failed to establish a new connection: [Errno 101] Network is unreachable"))"
2026-09-27 08:46:41,443 (__init__.py:1156 TelegramBotPoll) ERROR - TeleBot: "Exception traceback:
Traceback (most recent call last):
  File "/data/data/com.termux/files/usr/lib/python3.14/site-packages/urllib3/connection.py", line 239, in _new_conn
    sock = connection.create_connection(
        (self._dns_host, self.port),
    ...<2 lines>...
        socket_options=self.socket_options,
    )
  File "/data/data/com.termux/files/usr/lib/python3.14/site-packages/urllib3/util/connection.py", line 85, in create_connection
    raise err
  File "/data/data/com.termux/files/usr/lib/python3.14/site-packages/urllib3/util/connection.py", line 73, in create_connection
    sock.connect(sa)
    ~~~~~~~~~~~~^^^^
OSError: [Errno 101] Network is unreachable

The above exception was the direct cause of the following exception:

Traceback (most recent call last):
  File "/data/data/com.termux/files/usr/lib/python3.14/site-packages/urllib3/connectionpool.py", line 793, in urlopen
    response = self._make_request(
        conn,
    ...<10 lines>...
        **response_kw,
    )
  File "/data/data/com.termux/files/usr/lib/python3.14/site-packages/urllib3/connectionpool.py", line 494, in _make_request
    raise new_e
  File "/data/data/com.termux/files/usr/lib/python3.14/site-packages/urllib3/connectionpool.py", line 470, in _make_request
    self._validate_conn(conn)
    ~~~~~~~~~~~~~~~~~~~^^^^^^
  File "/data/data/com.termux/files/usr/lib/python3.14/site-packages/urllib3/connectionpool.py", line 1125, in _validate_conn
    conn.connect()
    ~~~~~~~~~~~~^^
  File "/data/data/com.termux/files/usr/lib/python3.14/site-packages/urllib3/connection.py", line 827, in connect
    self.sock = sock = self._new_conn()
                       ~~~~~~~~~~~~~~^^
  File "/data/data/com.termux/files/usr/lib/python3.14/site-packages/urllib3/connection.py", line 254, in _new_conn
    raise NewConnectionError(
        self, f"Failed to establish a new connection: {e}"
    ) from e
urllib3.exceptions.NewConnectionError: HTTPSConnection(host='api.telegram.org', port=443): Failed to establish a new connection: [Errno 101] Network is unreachable

The above exception was the direct cause of the following exception:

Traceback (most recent call last):
  File "/data/data/com.termux/files/usr/lib/python3.14/site-packages/requests/adapters.py", line 696, in send
    resp = conn.urlopen(
        method=request.method,
    ...<9 lines>...
        chunked=chunked,
    )
  File "/data/data/com.termux/files/usr/lib/python3.14/site-packages/urllib3/connectionpool.py", line 847, in urlopen
    retries = retries.increment(
        method, url, error=new_e, _pool=self, _stacktrace=sys.exc_info()[2]
    )
  File "/data/data/com.termux/files/usr/lib/python3.14/site-packages/urllib3/util/retry.py", line 555, in increment
    raise MaxRetryError(_pool, url, reason) from reason  # type: ignore[arg-type]
    ^^^^^^^^^^^^^^^^^^^^^^^^^^^^^^^^^^^^^^^^^^^^^^^^^^^
urllib3.exceptions.MaxRetryError: HTTPSConnectionPool(host='api.telegram.org', port=443): Max retries exceeded with url: /bot8815900502:***********************************/getUpdates?offset=424131578&timeout=20 (Caused by NewConnectionError("HTTPSConnection(host='api.telegram.org', port=443): Failed to establish a new connection: [Errno 101] Network is unreachable"))

During handling of the above exception, another exception occurred:

Traceback (most recent call last):
  File "/data/data/com.termux/files/usr/lib/python3.14/site-packages/telebot/__init__.py", line 1149, in infinity_polling
    self.polling(non_stop=True, timeout=timeout, long_polling_timeout=long_polling_timeout,
    ~~~~~~~~~~~~^^^^^^^^^^^^^^^^^^^^^^^^^^^^^^^^^^^^^^^^^^^^^^^^^^^^^^^^^^^^^^^^^^^^^^^^^^^
                 logger_level=logger_level, allowed_updates=allowed_updates, restart_on_change=False,
                 ^^^^^^^^^^^^^^^^^^^^^^^^^^^^^^^^^^^^^^^^^^^^^^^^^^^^^^^^^^^^^^^^^^^^^^^^^^^^^^^^^^^^
                 *args, **kwargs)
                 ^^^^^^^^^^^^^^^^
  File "/data/data/com.termux/files/usr/lib/python3.14/site-packages/telebot/__init__.py", line 1237, in polling
    self.__threaded_polling(non_stop=non_stop, interval=interval, timeout=timeout, long_polling_timeout=long_polling_timeout,
    ~~~~~~~~~~~~~~~~~~~~~~~^^^^^^^^^^^^^^^^^^^^^^^^^^^^^^^^^^^^^^^^^^^^^^^^^^^^^^^^^^^^^^^^^^^^^^^^^^^^^^^^^^^^^^^^^^^^^^^^^^
                            logger_level=logger_level, allowed_updates=allowed_updates)
                            ^^^^^^^^^^^^^^^^^^^^^^^^^^^^^^^^^^^^^^^^^^^^^^^^^^^^^^^^^^^
  File "/data/data/com.termux/files/usr/lib/python3.14/site-packages/telebot/__init__.py", line 1312, in __threaded_polling
    raise e
  File "/data/data/com.termux/files/usr/lib/python3.14/site-packages/telebot/__init__.py", line 1273, in __threaded_polling
    polling_thread.raise_exceptions()
    ~~~~~~~~~~~~~~~~~~~~~~~~~~~~~~~^^
  File "/data/data/com.termux/files/usr/lib/python3.14/site-packages/telebot/util.py", line 116, in raise_exceptions
    raise self.exception_info
  File "/data/data/com.termux/files/usr/lib/python3.14/site-packages/telebot/util.py", line 98, in run
    task(*args, **kwargs)
    ~~~~^^^^^^^^^^^^^^^^^
  File "/data/data/com.termux/files/usr/lib/python3.14/site-packages/telebot/__init__.py", line 691, in __retrieve_updates
    updates = self.get_updates(offset=(self.last_update_id + 1),
                               allowed_updates=allowed_updates,
                               timeout=timeout, long_polling_timeout=long_polling_timeout)
  File "/data/data/com.termux/files/usr/lib/python3.14/site-packages/telebot/__init__.py", line 663, in get_updates
    json_updates = apihelper.get_updates(
        self.token, offset=offset, limit=limit, timeout=timeout, allowed_updates=allowed_updates,
        long_polling_timeout=long_polling_timeout)
  File "/data/data/com.termux/files/usr/lib/python3.14/site-packages/telebot/apihelper.py", line 382, in get_updates
    return _make_request(token, method_url, params=payload)
  File "/data/data/com.termux/files/usr/lib/python3.14/site-packages/telebot/apihelper.py", line 162, in _make_request
    result = _get_req_session().request(
        method, request_url, params=params, files=files,
        timeout=(connect_timeout, read_timeout), proxies=proxy)
  File "/data/data/com.termux/files/usr/lib/python3.14/site-packages/requests/sessions.py", line 651, in request
    resp = self.send(prep, **send_kwargs)
  File "/data/data/com.termux/files/usr/lib/python3.14/site-packages/requests/sessions.py", line 784, in send
    r = adapter.send(request, **kwargs)
  File "/data/data/com.termux/files/usr/lib/python3.14/site-packages/requests/adapters.py", line 729, in send
    raise ConnectionError(e, request=request)
requests.exceptions.ConnectionError: HTTPSConnectionPool(host='api.telegram.org', port=443): Max retries exceeded with url: /bot8815900502:***********************************/getUpdates?offset=424131578&timeout=20 (Caused by NewConnectionError("HTTPSConnection(host='api.telegram.org', port=443): Failed to establish a new connection: [Errno 101] Network is unreachable"))
"
2026-09-27 08:47:04,477 (__init__.py:1154 TelegramBotPoll) ERROR - TeleBot: "Infinity polling exception: HTTPSConnectionPool(host='api.telegram.org', port=443): Max retries exceeded with url: /bot8815900502:***********************************/getUpdates?offset=424131578&timeout=20 (Caused by NewConnectionError("HTTPSConnection(host='api.telegram.org', port=443): Failed to establish a new connection: [Errno 101] Network is unreachable"))"
2026-09-27 08:47:04,512 (__init__.py:1156 TelegramBotPoll) ERROR - TeleBot: "Exception traceback:
Traceback (most recent call last):
  File "/data/data/com.termux/files/usr/lib/python3.14/site-packages/urllib3/connection.py", line 239, in _new_conn
    sock = connection.create_connection(
        (self._dns_host, self.port),
    ...<2 lines>...
        socket_options=self.socket_options,
    )
  File "/data/data/com.termux/files/usr/lib/python3.14/site-packages/urllib3/util/connection.py", line 85, in create_connection
    raise err
  File "/data/data/com.termux/files/usr/lib/python3.14/site-packages/urllib3/util/connection.py", line 73, in create_connection
    sock.connect(sa)
    ~~~~~~~~~~~~^^^^
OSError: [Errno 101] Network is unreachable

The above exception was the direct cause of the following exception:

Traceback (most recent call last):
  File "/data/data/com.termux/files/usr/lib/python3.14/site-packages/urllib3/connectionpool.py", line 793, in urlopen
    response = self._make_request(
        conn,
    ...<10 lines>...
        **response_kw,
    )
  File "/data/data/com.termux/files/usr/lib/python3.14/site-packages/urllib3/connectionpool.py", line 494, in _make_request
    raise new_e
  File "/data/data/com.termux/files/usr/lib/python3.14/site-packages/urllib3/connectionpool.py", line 470, in _make_request
    self._validate_conn(conn)
    ~~~~~~~~~~~~~~~~~~~^^^^^^
  File "/data/data/com.termux/files/usr/lib/python3.14/site-packages/urllib3/connectionpool.py", line 1125, in _validate_conn
    conn.connect()
    ~~~~~~~~~~~~^^
  File "/data/data/com.termux/files/usr/lib/python3.14/site-packages/urllib3/connection.py", line 827, in connect
    self.sock = sock = self._new_conn()
                       ~~~~~~~~~~~~~~^^
  File "/data/data/com.termux/files/usr/lib/python3.14/site-packages/urllib3/connection.py", line 254, in _new_conn
    raise NewConnectionError(
        self, f"Failed to establish a new connection: {e}"
    ) from e
urllib3.exceptions.NewConnectionError: HTTPSConnection(host='api.telegram.org', port=443): Failed to establish a new connection: [Errno 101] Network is unreachable

The above exception was the direct cause of the following exception:

Traceback (most recent call last):
  File "/data/data/com.termux/files/usr/lib/python3.14/site-packages/requests/adapters.py", line 696, in send
    resp = conn.urlopen(
        method=request.method,
    ...<9 lines>...
        chunked=chunked,
    )
  File "/data/data/com.termux/files/usr/lib/python3.14/site-packages/urllib3/connectionpool.py", line 847, in urlopen
    retries = retries.increment(
        method, url, error=new_e, _pool=self, _stacktrace=sys.exc_info()[2]
    )
  File "/data/data/com.termux/files/usr/lib/python3.14/site-packages/urllib3/util/retry.py", line 555, in increment
    raise MaxRetryError(_pool, url, reason) from reason  # type: ignore[arg-type]
    ^^^^^^^^^^^^^^^^^^^^^^^^^^^^^^^^^^^^^^^^^^^^^^^^^^^
urllib3.exceptions.MaxRetryError: HTTPSConnectionPool(host='api.telegram.org', port=443): Max retries exceeded with url: /bot8815900502:***********************************/getUpdates?offset=424131578&timeout=20 (Caused by NewConnectionError("HTTPSConnection(host='api.telegram.org', port=443): Failed to establish a new connection: [Errno 101] Network is unreachable"))

During handling of the above exception, another exception occurred:

Traceback (most recent call last):
  File "/data/data/com.termux/files/usr/lib/python3.14/site-packages/telebot/__init__.py", line 1149, in infinity_polling
    self.polling(non_stop=True, timeout=timeout, long_polling_timeout=long_polling_timeout,
    ~~~~~~~~~~~~^^^^^^^^^^^^^^^^^^^^^^^^^^^^^^^^^^^^^^^^^^^^^^^^^^^^^^^^^^^^^^^^^^^^^^^^^^^
                 logger_level=logger_level, allowed_updates=allowed_updates, restart_on_change=False,
                 ^^^^^^^^^^^^^^^^^^^^^^^^^^^^^^^^^^^^^^^^^^^^^^^^^^^^^^^^^^^^^^^^^^^^^^^^^^^^^^^^^^^^
                 *args, **kwargs)
                 ^^^^^^^^^^^^^^^^
  File "/data/data/com.termux/files/usr/lib/python3.14/site-packages/telebot/__init__.py", line 1237, in polling
    self.__threaded_polling(non_stop=non_stop, interval=interval, timeout=timeout, long_polling_timeout=long_polling_timeout,
    ~~~~~~~~~~~~~~~~~~~~~~~^^^^^^^^^^^^^^^^^^^^^^^^^^^^^^^^^^^^^^^^^^^^^^^^^^^^^^^^^^^^^^^^^^^^^^^^^^^^^^^^^^^^^^^^^^^^^^^^^^
                            logger_level=logger_level, allowed_updates=allowed_updates)
                            ^^^^^^^^^^^^^^^^^^^^^^^^^^^^^^^^^^^^^^^^^^^^^^^^^^^^^^^^^^^
  File "/data/data/com.termux/files/usr/lib/python3.14/site-packages/telebot/__init__.py", line 1312, in __threaded_polling
    raise e
  File "/data/data/com.termux/files/usr/lib/python3.14/site-packages/telebot/__init__.py", line 1273, in __threaded_polling
    polling_thread.raise_exceptions()
    ~~~~~~~~~~~~~~~~~~~~~~~~~~~~~~~^^
  File "/data/data/com.termux/files/usr/lib/python3.14/site-packages/telebot/util.py", line 116, in raise_exceptions
    raise self.exception_info
  File "/data/data/com.termux/files/usr/lib/python3.14/site-packages/telebot/util.py", line 98, in run
    task(*args, **kwargs)
    ~~~~^^^^^^^^^^^^^^^^^
  File "/data/data/com.termux/files/usr/lib/python3.14/site-packages/telebot/__init__.py", line 691, in __retrieve_updates
    updates = self.get_updates(offset=(self.last_update_id + 1),
                               allowed_updates=allowed_updates,
                               timeout=timeout, long_polling_timeout=long_polling_timeout)
  File "/data/data/com.termux/files/usr/lib/python3.14/site-packages/telebot/__init__.py", line 663, in get_updates
    json_updates = apihelper.get_updates(
        self.token, offset=offset, limit=limit, timeout=timeout, allowed_updates=allowed_updates,
        long_polling_timeout=long_polling_timeout)
  File "/data/data/com.termux/files/usr/lib/python3.14/site-packages/telebot/apihelper.py", line 382, in get_updates
    return _make_request(token, method_url, params=payload)
  File "/data/data/com.termux/files/usr/lib/python3.14/site-packages/telebot/apihelper.py", line 162, in _make_request
    result = _get_req_session().request(
        method, request_url, params=params, files=files,
        timeout=(connect_timeout, read_timeout), proxies=proxy)
  File "/data/data/com.termux/files/usr/lib/python3.14/site-packages/requests/sessions.py", line 651, in request
    resp = self.send(prep, **send_kwargs)
  File "/data/data/com.termux/files/usr/lib/python3.14/site-packages/requests/sessions.py", line 784, in send
    r = adapter.send(request, **kwargs)
  File "/data/data/com.termux/files/usr/lib/python3.14/site-packages/requests/adapters.py", line 729, in send
    raise ConnectionError(e, request=request)
requests.exceptions.ConnectionError: HTTPSConnectionPool(host='api.telegram.org', port=443): Max retries exceeded with url: /bot8815900502:***********************************/getUpdates?offset=424131578&timeout=20 (Caused by NewConnectionError("HTTPSConnection(host='api.telegram.org', port=443): Failed to establish a new connection: [Errno 101] Network is unreachable"))
"
2026-09-27 08:47:27,576 (__init__.py:1154 TelegramBotPoll) ERROR - TeleBot: "Infinity polling exception: HTTPSConnectionPool(host='api.telegram.org', port=443): Max retries exceeded with url: /bot8815900502:***********************************/getUpdates?offset=424131578&timeout=20 (Caused by NewConnectionError("HTTPSConnection(host='api.telegram.org', port=443): Failed to establish a new connection: [Errno 101] Network is unreachable"))"
2026-09-27 08:47:27,611 (__init__.py:1156 TelegramBotPoll) ERROR - TeleBot: "Exception traceback:
Traceback (most recent call last):
  File "/data/data/com.termux/files/usr/lib/python3.14/site-packages/urllib3/connection.py", line 239, in _new_conn
    sock = connection.create_connection(
        (self._dns_host, self.port),
    ...<2 lines>...
        socket_options=self.socket_options,
    )
  File "/data/data/com.termux/files/usr/lib/python3.14/site-packages/urllib3/util/connection.py", line 85, in create_connection
    raise err
  File "/data/data/com.termux/files/usr/lib/python3.14/site-packages/urllib3/util/connection.py", line 73, in create_connection
    sock.connect(sa)
    ~~~~~~~~~~~~^^^^
OSError: [Errno 101] Network is unreachable

The above exception was the direct cause of the following exception:

Traceback (most recent call last):
  File "/data/data/com.termux/files/usr/lib/python3.14/site-packages/urllib3/connectionpool.py", line 793, in urlopen
    response = self._make_request(
        conn,
    ...<10 lines>...
        **response_kw,
    )
  File "/data/data/com.termux/files/usr/lib/python3.14/site-packages/urllib3/connectionpool.py", line 494, in _make_request
    raise new_e
  File "/data/data/com.termux/files/usr/lib/python3.14/site-packages/urllib3/connectionpool.py", line 470, in _make_request
    self._validate_conn(conn)
    ~~~~~~~~~~~~~~~~~~~^^^^^^
  File "/data/data/com.termux/files/usr/lib/python3.14/site-packages/urllib3/connectionpool.py", line 1125, in _validate_conn
    conn.connect()
    ~~~~~~~~~~~~^^
  File "/data/data/com.termux/files/usr/lib/python3.14/site-packages/urllib3/connection.py", line 827, in connect
    self.sock = sock = self._new_conn()
                       ~~~~~~~~~~~~~~^^
  File "/data/data/com.termux/files/usr/lib/python3.14/site-packages/urllib3/connection.py", line 254, in _new_conn
    raise NewConnectionError(
        self, f"Failed to establish a new connection: {e}"
    ) from e
urllib3.exceptions.NewConnectionError: HTTPSConnection(host='api.telegram.org', port=443): Failed to establish a new connection: [Errno 101] Network is unreachable

The above exception was the direct cause of the following exception:

Traceback (most recent call last):
  File "/data/data/com.termux/files/usr/lib/python3.14/site-packages/requests/adapters.py", line 696, in send
    resp = conn.urlopen(
        method=request.method,
    ...<9 lines>...
        chunked=chunked,
    )
  File "/data/data/com.termux/files/usr/lib/python3.14/site-packages/urllib3/connectionpool.py", line 847, in urlopen
    retries = retries.increment(
        method, url, error=new_e, _pool=self, _stacktrace=sys.exc_info()[2]
    )
  File "/data/data/com.termux/files/usr/lib/python3.14/site-packages/urllib3/util/retry.py", line 555, in increment
    raise MaxRetryError(_pool, url, reason) from reason  # type: ignore[arg-type]
    ^^^^^^^^^^^^^^^^^^^^^^^^^^^^^^^^^^^^^^^^^^^^^^^^^^^
urllib3.exceptions.MaxRetryError: HTTPSConnectionPool(host='api.telegram.org', port=443): Max retries exceeded with url: /bot8815900502:***********************************/getUpdates?offset=424131578&timeout=20 (Caused by NewConnectionError("HTTPSConnection(host='api.telegram.org', port=443): Failed to establish a new connection: [Errno 101] Network is unreachable"))

During handling of the above exception, another exception occurred:

Traceback (most recent call last):
  File "/data/data/com.termux/files/usr/lib/python3.14/site-packages/telebot/__init__.py", line 1149, in infinity_polling
    self.polling(non_stop=True, timeout=timeout, long_polling_timeout=long_polling_timeout,
    ~~~~~~~~~~~~^^^^^^^^^^^^^^^^^^^^^^^^^^^^^^^^^^^^^^^^^^^^^^^^^^^^^^^^^^^^^^^^^^^^^^^^^^^
                 logger_level=logger_level, allowed_updates=allowed_updates, restart_on_change=False,
                 ^^^^^^^^^^^^^^^^^^^^^^^^^^^^^^^^^^^^^^^^^^^^^^^^^^^^^^^^^^^^^^^^^^^^^^^^^^^^^^^^^^^^
                 *args, **kwargs)
                 ^^^^^^^^^^^^^^^^
  File "/data/data/com.termux/files/usr/lib/python3.14/site-packages/telebot/__init__.py", line 1237, in polling
    self.__threaded_polling(non_stop=non_stop, interval=interval, timeout=timeout, long_polling_timeout=long_polling_timeout,
    ~~~~~~~~~~~~~~~~~~~~~~~^^^^^^^^^^^^^^^^^^^^^^^^^^^^^^^^^^^^^^^^^^^^^^^^^^^^^^^^^^^^^^^^^^^^^^^^^^^^^^^^^^^^^^^^^^^^^^^^^^
                            logger_level=logger_level, allowed_updates=allowed_updates)
                            ^^^^^^^^^^^^^^^^^^^^^^^^^^^^^^^^^^^^^^^^^^^^^^^^^^^^^^^^^^^
  File "/data/data/com.termux/files/usr/lib/python3.14/site-packages/telebot/__init__.py", line 1312, in __threaded_polling
    raise e
  File "/data/data/com.termux/files/usr/lib/python3.14/site-packages/telebot/__init__.py", line 1273, in __threaded_polling
    polling_thread.raise_exceptions()
    ~~~~~~~~~~~~~~~~~~~~~~~~~~~~~~~^^
  File "/data/data/com.termux/files/usr/lib/python3.14/site-packages/telebot/util.py", line 116, in raise_exceptions
    raise self.exception_info
  File "/data/data/com.termux/files/usr/lib/python3.14/site-packages/telebot/util.py", line 98, in run
    task(*args, **kwargs)
    ~~~~^^^^^^^^^^^^^^^^^
  File "/data/data/com.termux/files/usr/lib/python3.14/site-packages/telebot/__init__.py", line 691, in __retrieve_updates
    updates = self.get_updates(offset=(self.last_update_id + 1),
                               allowed_updates=allowed_updates,
                               timeout=timeout, long_polling_timeout=long_polling_timeout)
  File "/data/data/com.termux/files/usr/lib/python3.14/site-packages/telebot/__init__.py", line 663, in get_updates
    json_updates = apihelper.get_updates(
        self.token, offset=offset, limit=limit, timeout=timeout, allowed_updates=allowed_updates,
        long_polling_timeout=long_polling_timeout)
  File "/data/data/com.termux/files/usr/lib/python3.14/site-packages/telebot/apihelper.py", line 382, in get_updates
    return _make_request(token, method_url, params=payload)
  File "/data/data/com.termux/files/usr/lib/python3.14/site-packages/telebot/apihelper.py", line 162, in _make_request
    result = _get_req_session().request(
        method, request_url, params=params, files=files,
        timeout=(connect_timeout, read_timeout), proxies=proxy)
  File "/data/data/com.termux/files/usr/lib/python3.14/site-packages/requests/sessions.py", line 651, in request
    resp = self.send(prep, **send_kwargs)
  File "/data/data/com.termux/files/usr/lib/python3.14/site-packages/requests/sessions.py", line 784, in send
    r = adapter.send(request, **kwargs)
  File "/data/data/com.termux/files/usr/lib/python3.14/site-packages/requests/adapters.py", line 729, in send
    raise ConnectionError(e, request=request)
requests.exceptions.ConnectionError: HTTPSConnectionPool(host='api.telegram.org', port=443): Max retries exceeded with url: /bot8815900502:***********************************/getUpdates?offset=424131578&timeout=20 (Caused by NewConnectionError("HTTPSConnection(host='api.telegram.org', port=443): Failed to establish a new connection: [Errno 101] Network is unreachable"))
"
2026-09-27 08:47:50,651 (__init__.py:1154 TelegramBotPoll) ERROR - TeleBot: "Infinity polling exception: HTTPSConnectionPool(host='api.telegram.org', port=443): Max retries exceeded with url: /bot8815900502:***********************************/getUpdates?offset=424131578&timeout=20 (Caused by NewConnectionError("HTTPSConnection(host='api.telegram.org', port=443): Failed to establish a new connection: [Errno 101] Network is unreachable"))"
2026-09-27 08:47:50,687 (__init__.py:1156 TelegramBotPoll) ERROR - TeleBot: "Exception traceback:
Traceback (most recent call last):
  File "/data/data/com.termux/files/usr/lib/python3.14/site-packages/urllib3/connection.py", line 239, in _new_conn
    sock = connection.create_connection(
        (self._dns_host, self.port),
    ...<2 lines>...
        socket_options=self.socket_options,
    )
  File "/data/data/com.termux/files/usr/lib/python3.14/site-packages/urllib3/util/connection.py", line 85, in create_connection
    raise err
  File "/data/data/com.termux/files/usr/lib/python3.14/site-packages/urllib3/util/connection.py", line 73, in create_connection
    sock.connect(sa)
    ~~~~~~~~~~~~^^^^
OSError: [Errno 101] Network is unreachable

The above exception was the direct cause of the following exception:

Traceback (most recent call last):
  File "/data/data/com.termux/files/usr/lib/python3.14/site-packages/urllib3/connectionpool.py", line 793, in urlopen
    response = self._make_request(
        conn,
    ...<10 lines>...
        **response_kw,
    )
  File "/data/data/com.termux/files/usr/lib/python3.14/site-packages/urllib3/connectionpool.py", line 494, in _make_request
    raise new_e
  File "/data/data/com.termux/files/usr/lib/python3.14/site-packages/urllib3/connectionpool.py", line 470, in _make_request
    self._validate_conn(conn)
    ~~~~~~~~~~~~~~~~~~~^^^^^^
  File "/data/data/com.termux/files/usr/lib/python3.14/site-packages/urllib3/connectionpool.py", line 1125, in _validate_conn
    conn.connect()
    ~~~~~~~~~~~~^^
  File "/data/data/com.termux/files/usr/lib/python3.14/site-packages/urllib3/connection.py", line 827, in connect
    self.sock = sock = self._new_conn()
                       ~~~~~~~~~~~~~~^^
  File "/data/data/com.termux/files/usr/lib/python3.14/site-packages/urllib3/connection.py", line 254, in _new_conn
    raise NewConnectionError(
        self, f"Failed to establish a new connection: {e}"
    ) from e
urllib3.exceptions.NewConnectionError: HTTPSConnection(host='api.telegram.org', port=443): Failed to establish a new connection: [Errno 101] Network is unreachable

The above exception was the direct cause of the following exception:

Traceback (most recent call last):
  File "/data/data/com.termux/files/usr/lib/python3.14/site-packages/requests/adapters.py", line 696, in send
    resp = conn.urlopen(
        method=request.method,
    ...<9 lines>...
        chunked=chunked,
    )
  File "/data/data/com.termux/files/usr/lib/python3.14/site-packages/urllib3/connectionpool.py", line 847, in urlopen
    retries = retries.increment(
        method, url, error=new_e, _pool=self, _stacktrace=sys.exc_info()[2]
    )
  File "/data/data/com.termux/files/usr/lib/python3.14/site-packages/urllib3/util/retry.py", line 555, in increment
    raise MaxRetryError(_pool, url, reason) from reason  # type: ignore[arg-type]
    ^^^^^^^^^^^^^^^^^^^^^^^^^^^^^^^^^^^^^^^^^^^^^^^^^^^
urllib3.exceptions.MaxRetryError: HTTPSConnectionPool(host='api.telegram.org', port=443): Max retries exceeded with url: /bot8815900502:***********************************/getUpdates?offset=424131578&timeout=20 (Caused by NewConnectionError("HTTPSConnection(host='api.telegram.org', port=443): Failed to establish a new connection: [Errno 101] Network is unreachable"))

During handling of the above exception, another exception occurred:

Traceback (most recent call last):
  File "/data/data/com.termux/files/usr/lib/python3.14/site-packages/telebot/__init__.py", line 1149, in infinity_polling
    self.polling(non_stop=True, timeout=timeout, long_polling_timeout=long_polling_timeout,
    ~~~~~~~~~~~~^^^^^^^^^^^^^^^^^^^^^^^^^^^^^^^^^^^^^^^^^^^^^^^^^^^^^^^^^^^^^^^^^^^^^^^^^^^
                 logger_level=logger_level, allowed_updates=allowed_updates, restart_on_change=False,
                 ^^^^^^^^^^^^^^^^^^^^^^^^^^^^^^^^^^^^^^^^^^^^^^^^^^^^^^^^^^^^^^^^^^^^^^^^^^^^^^^^^^^^
                 *args, **kwargs)
                 ^^^^^^^^^^^^^^^^
  File "/data/data/com.termux/files/usr/lib/python3.14/site-packages/telebot/__init__.py", line 1237, in polling
    self.__threaded_polling(non_stop=non_stop, interval=interval, timeout=timeout, long_polling_timeout=long_polling_timeout,
    ~~~~~~~~~~~~~~~~~~~~~~~^^^^^^^^^^^^^^^^^^^^^^^^^^^^^^^^^^^^^^^^^^^^^^^^^^^^^^^^^^^^^^^^^^^^^^^^^^^^^^^^^^^^^^^^^^^^^^^^^^
                            logger_level=logger_level, allowed_updates=allowed_updates)
                            ^^^^^^^^^^^^^^^^^^^^^^^^^^^^^^^^^^^^^^^^^^^^^^^^^^^^^^^^^^^
  File "/data/data/com.termux/files/usr/lib/python3.14/site-packages/telebot/__init__.py", line 1312, in __threaded_polling
    raise e
  File "/data/data/com.termux/files/usr/lib/python3.14/site-packages/telebot/__init__.py", line 1273, in __threaded_polling
    polling_thread.raise_exceptions()
    ~~~~~~~~~~~~~~~~~~~~~~~~~~~~~~~^^
  File "/data/data/com.termux/files/usr/lib/python3.14/site-packages/telebot/util.py", line 116, in raise_exceptions
    raise self.exception_info
  File "/data/data/com.termux/files/usr/lib/python3.14/site-packages/telebot/util.py", line 98, in run
    task(*args, **kwargs)
    ~~~~^^^^^^^^^^^^^^^^^
  File "/data/data/com.termux/files/usr/lib/python3.14/site-packages/telebot/__init__.py", line 691, in __retrieve_updates
    updates = self.get_updates(offset=(self.last_update_id + 1),
                               allowed_updates=allowed_updates,
                               timeout=timeout, long_polling_timeout=long_polling_timeout)
  File "/data/data/com.termux/files/usr/lib/python3.14/site-packages/telebot/__init__.py", line 663, in get_updates
    json_updates = apihelper.get_updates(
        self.token, offset=offset, limit=limit, timeout=timeout, allowed_updates=allowed_updates,
        long_polling_timeout=long_polling_timeout)
  File "/data/data/com.termux/files/usr/lib/python3.14/site-packages/telebot/apihelper.py", line 382, in get_updates
    return _make_request(token, method_url, params=payload)
  File "/data/data/com.termux/files/usr/lib/python3.14/site-packages/telebot/apihelper.py", line 162, in _make_request
    result = _get_req_session().request(
        method, request_url, params=params, files=files,
        timeout=(connect_timeout, read_timeout), proxies=proxy)
  File "/data/data/com.termux/files/usr/lib/python3.14/site-packages/requests/sessions.py", line 651, in request
    resp = self.send(prep, **send_kwargs)
  File "/data/data/com.termux/files/usr/lib/python3.14/site-packages/requests/sessions.py", line 784, in send
    r = adapter.send(request, **kwargs)
  File "/data/data/com.termux/files/usr/lib/python3.14/site-packages/requests/adapters.py", line 729, in send
    raise ConnectionError(e, request=request)
requests.exceptions.ConnectionError: HTTPSConnectionPool(host='api.telegram.org', port=443): Max retries exceeded with url: /bot8815900502:***********************************/getUpdates?offset=424131578&timeout=20 (Caused by NewConnectionError("HTTPSConnection(host='api.telegram.org', port=443): Failed to establish a new connection: [Errno 101] Network is unreachable"))
"
2026-09-27 08:48:13,736 (__init__.py:1154 TelegramBotPoll) ERROR - TeleBot: "Infinity polling exception: HTTPSConnectionPool(host='api.telegram.org', port=443): Max retries exceeded with url: /bot8815900502:***********************************/getUpdates?offset=424131578&timeout=20 (Caused by NewConnectionError("HTTPSConnection(host='api.telegram.org', port=443): Failed to establish a new connection: [Errno 101] Network is unreachable"))"
2026-09-27 08:48:13,776 (__init__.py:1156 TelegramBotPoll) ERROR - TeleBot: "Exception traceback:
Traceback (most recent call last):
  File "/data/data/com.termux/files/usr/lib/python3.14/site-packages/urllib3/connection.py", line 239, in _new_conn
    sock = connection.create_connection(
        (self._dns_host, self.port),
    ...<2 lines>...
        socket_options=self.socket_options,
    )
  File "/data/data/com.termux/files/usr/lib/python3.14/site-packages/urllib3/util/connection.py", line 85, in create_connection
    raise err
  File "/data/data/com.termux/files/usr/lib/python3.14/site-packages/urllib3/util/connection.py", line 73, in create_connection
    sock.connect(sa)
    ~~~~~~~~~~~~^^^^
OSError: [Errno 101] Network is unreachable

The above exception was the direct cause of the following exception:

Traceback (most recent call last):
  File "/data/data/com.termux/files/usr/lib/python3.14/site-packages/urllib3/connectionpool.py", line 793, in urlopen
    response = self._make_request(
        conn,
    ...<10 lines>...
        **response_kw,
    )
  File "/data/data/com.termux/files/usr/lib/python3.14/site-packages/urllib3/connectionpool.py", line 494, in _make_request
    raise new_e
  File "/data/data/com.termux/files/usr/lib/python3.14/site-packages/urllib3/connectionpool.py", line 470, in _make_request
    self._validate_conn(conn)
    ~~~~~~~~~~~~~~~~~~~^^^^^^
  File "/data/data/com.termux/files/usr/lib/python3.14/site-packages/urllib3/connectionpool.py", line 1125, in _validate_conn
    conn.connect()
    ~~~~~~~~~~~~^^
  File "/data/data/com.termux/files/usr/lib/python3.14/site-packages/urllib3/connection.py", line 827, in connect
    self.sock = sock = self._new_conn()
                       ~~~~~~~~~~~~~~^^
  File "/data/data/com.termux/files/usr/lib/python3.14/site-packages/urllib3/connection.py", line 254, in _new_conn
    raise NewConnectionError(
        self, f"Failed to establish a new connection: {e}"
    ) from e
urllib3.exceptions.NewConnectionError: HTTPSConnection(host='api.telegram.org', port=443): Failed to establish a new connection: [Errno 101] Network is unreachable

The above exception was the direct cause of the following exception:

Traceback (most recent call last):
  File "/data/data/com.termux/files/usr/lib/python3.14/site-packages/requests/adapters.py", line 696, in send
    resp = conn.urlopen(
        method=request.method,
    ...<9 lines>...
        chunked=chunked,
    )
  File "/data/data/com.termux/files/usr/lib/python3.14/site-packages/urllib3/connectionpool.py", line 847, in urlopen
    retries = retries.increment(
        method, url, error=new_e, _pool=self, _stacktrace=sys.exc_info()[2]
    )
  File "/data/data/com.termux/files/usr/lib/python3.14/site-packages/urllib3/util/retry.py", line 555, in increment
    raise MaxRetryError(_pool, url, reason) from reason  # type: ignore[arg-type]
    ^^^^^^^^^^^^^^^^^^^^^^^^^^^^^^^^^^^^^^^^^^^^^^^^^^^
urllib3.exceptions.MaxRetryError: HTTPSConnectionPool(host='api.telegram.org', port=443): Max retries exceeded with url: /bot8815900502:***********************************/getUpdates?offset=424131578&timeout=20 (Caused by NewConnectionError("HTTPSConnection(host='api.telegram.org', port=443): Failed to establish a new connection: [Errno 101] Network is unreachable"))

During handling of the above exception, another exception occurred:

Traceback (most recent call last):
  File "/data/data/com.termux/files/usr/lib/python3.14/site-packages/telebot/__init__.py", line 1149, in infinity_polling
    self.polling(non_stop=True, timeout=timeout, long_polling_timeout=long_polling_timeout,
    ~~~~~~~~~~~~^^^^^^^^^^^^^^^^^^^^^^^^^^^^^^^^^^^^^^^^^^^^^^^^^^^^^^^^^^^^^^^^^^^^^^^^^^^
                 logger_level=logger_level, allowed_updates=allowed_updates, restart_on_change=False,
                 ^^^^^^^^^^^^^^^^^^^^^^^^^^^^^^^^^^^^^^^^^^^^^^^^^^^^^^^^^^^^^^^^^^^^^^^^^^^^^^^^^^^^
                 *args, **kwargs)
                 ^^^^^^^^^^^^^^^^
  File "/data/data/com.termux/files/usr/lib/python3.14/site-packages/telebot/__init__.py", line 1237, in polling
    self.__threaded_polling(non_stop=non_stop, interval=interval, timeout=timeout, long_polling_timeout=long_polling_timeout,
    ~~~~~~~~~~~~~~~~~~~~~~~^^^^^^^^^^^^^^^^^^^^^^^^^^^^^^^^^^^^^^^^^^^^^^^^^^^^^^^^^^^^^^^^^^^^^^^^^^^^^^^^^^^^^^^^^^^^^^^^^^
                            logger_level=logger_level, allowed_updates=allowed_updates)
                            ^^^^^^^^^^^^^^^^^^^^^^^^^^^^^^^^^^^^^^^^^^^^^^^^^^^^^^^^^^^
  File "/data/data/com.termux/files/usr/lib/python3.14/site-packages/telebot/__init__.py", line 1312, in __threaded_polling
    raise e
  File "/data/data/com.termux/files/usr/lib/python3.14/site-packages/telebot/__init__.py", line 1273, in __threaded_polling
    polling_thread.raise_exceptions()
    ~~~~~~~~~~~~~~~~~~~~~~~~~~~~~~~^^
  File "/data/data/com.termux/files/usr/lib/python3.14/site-packages/telebot/util.py", line 116, in raise_exceptions
    raise self.exception_info
  File "/data/data/com.termux/files/usr/lib/python3.14/site-packages/telebot/util.py", line 98, in run
    task(*args, **kwargs)
    ~~~~^^^^^^^^^^^^^^^^^
  File "/data/data/com.termux/files/usr/lib/python3.14/site-packages/telebot/__init__.py", line 691, in __retrieve_updates
    updates = self.get_updates(offset=(self.last_update_id + 1),
                               allowed_updates=allowed_updates,
                               timeout=timeout, long_polling_timeout=long_polling_timeout)
  File "/data/data/com.termux/files/usr/lib/python3.14/site-packages/telebot/__init__.py", line 663, in get_updates
    json_updates = apihelper.get_updates(
        self.token, offset=offset, limit=limit, timeout=timeout, allowed_updates=allowed_updates,
        long_polling_timeout=long_polling_timeout)
  File "/data/data/com.termux/files/usr/lib/python3.14/site-packages/telebot/apihelper.py", line 382, in get_updates
    return _make_request(token, method_url, params=payload)
  File "/data/data/com.termux/files/usr/lib/python3.14/site-packages/telebot/apihelper.py", line 162, in _make_request
    result = _get_req_session().request(
        method, request_url, params=params, files=files,
        timeout=(connect_timeout, read_timeout), proxies=proxy)
  File "/data/data/com.termux/files/usr/lib/python3.14/site-packages/requests/sessions.py", line 651, in request
    resp = self.send(prep, **send_kwargs)
  File "/data/data/com.termux/files/usr/lib/python3.14/site-packages/requests/sessions.py", line 784, in send
    r = adapter.send(request, **kwargs)
  File "/data/data/com.termux/files/usr/lib/python3.14/site-packages/requests/adapters.py", line 729, in send
    raise ConnectionError(e, request=request)
requests.exceptions.ConnectionError: HTTPSConnectionPool(host='api.telegram.org', port=443): Max retries exceeded with url: /bot8815900502:***********************************/getUpdates?offset=424131578&timeout=20 (Caused by NewConnectionError("HTTPSConnection(host='api.telegram.org', port=443): Failed to establish a new connection: [Errno 101] Network is unreachable"))
"
2026-09-27 08:48:36,832 (__init__.py:1154 TelegramBotPoll) ERROR - TeleBot: "Infinity polling exception: HTTPSConnectionPool(host='api.telegram.org', port=443): Max retries exceeded with url: /bot8815900502:***********************************/getUpdates?offset=424131578&timeout=20 (Caused by NewConnectionError("HTTPSConnection(host='api.telegram.org', port=443): Failed to establish a new connection: [Errno 101] Network is unreachable"))"
2026-09-27 08:48:36,866 (__init__.py:1156 TelegramBotPoll) ERROR - TeleBot: "Exception traceback:
Traceback (most recent call last):
  File "/data/data/com.termux/files/usr/lib/python3.14/site-packages/urllib3/connection.py", line 239, in _new_conn
    sock = connection.create_connection(
        (self._dns_host, self.port),
    ...<2 lines>...
        socket_options=self.socket_options,
    )
  File "/data/data/com.termux/files/usr/lib/python3.14/site-packages/urllib3/util/connection.py", line 85, in create_connection
    raise err
  File "/data/data/com.termux/files/usr/lib/python3.14/site-packages/urllib3/util/connection.py", line 73, in create_connection
    sock.connect(sa)
    ~~~~~~~~~~~~^^^^
OSError: [Errno 101] Network is unreachable

The above exception was the direct cause of the following exception:

Traceback (most recent call last):
  File "/data/data/com.termux/files/usr/lib/python3.14/site-packages/urllib3/connectionpool.py", line 793, in urlopen
    response = self._make_request(
        conn,
    ...<10 lines>...
        **response_kw,
    )
  File "/data/data/com.termux/files/usr/lib/python3.14/site-packages/urllib3/connectionpool.py", line 494, in _make_request
    raise new_e
  File "/data/data/com.termux/files/usr/lib/python3.14/site-packages/urllib3/connectionpool.py", line 470, in _make_request
    self._validate_conn(conn)
    ~~~~~~~~~~~~~~~~~~~^^^^^^
  File "/data/data/com.termux/files/usr/lib/python3.14/site-packages/urllib3/connectionpool.py", line 1125, in _validate_conn
    conn.connect()
    ~~~~~~~~~~~~^^
  File "/data/data/com.termux/files/usr/lib/python3.14/site-packages/urllib3/connection.py", line 827, in connect
    self.sock = sock = self._new_conn()
                       ~~~~~~~~~~~~~~^^
  File "/data/data/com.termux/files/usr/lib/python3.14/site-packages/urllib3/connection.py", line 254, in _new_conn
    raise NewConnectionError(
        self, f"Failed to establish a new connection: {e}"
    ) from e
urllib3.exceptions.NewConnectionError: HTTPSConnection(host='api.telegram.org', port=443): Failed to establish a new connection: [Errno 101] Network is unreachable

The above exception was the direct cause of the following exception:

Traceback (most recent call last):
  File "/data/data/com.termux/files/usr/lib/python3.14/site-packages/requests/adapters.py", line 696, in send
    resp = conn.urlopen(
        method=request.method,
    ...<9 lines>...
        chunked=chunked,
    )
  File "/data/data/com.termux/files/usr/lib/python3.14/site-packages/urllib3/connectionpool.py", line 847, in urlopen
    retries = retries.increment(
        method, url, error=new_e, _pool=self, _stacktrace=sys.exc_info()[2]
    )
  File "/data/data/com.termux/files/usr/lib/python3.14/site-packages/urllib3/util/retry.py", line 555, in increment
    raise MaxRetryError(_pool, url, reason) from reason  # type: ignore[arg-type]
    ^^^^^^^^^^^^^^^^^^^^^^^^^^^^^^^^^^^^^^^^^^^^^^^^^^^
urllib3.exceptions.MaxRetryError: HTTPSConnectionPool(host='api.telegram.org', port=443): Max retries exceeded with url: /bot8815900502:***********************************/getUpdates?offset=424131578&timeout=20 (Caused by NewConnectionError("HTTPSConnection(host='api.telegram.org', port=443): Failed to establish a new connection: [Errno 101] Network is unreachable"))

During handling of the above exception, another exception occurred:

Traceback (most recent call last):
  File "/data/data/com.termux/files/usr/lib/python3.14/site-packages/telebot/__init__.py", line 1149, in infinity_polling
    self.polling(non_stop=True, timeout=timeout, long_polling_timeout=long_polling_timeout,
    ~~~~~~~~~~~~^^^^^^^^^^^^^^^^^^^^^^^^^^^^^^^^^^^^^^^^^^^^^^^^^^^^^^^^^^^^^^^^^^^^^^^^^^^
                 logger_level=logger_level, allowed_updates=allowed_updates, restart_on_change=False,
                 ^^^^^^^^^^^^^^^^^^^^^^^^^^^^^^^^^^^^^^^^^^^^^^^^^^^^^^^^^^^^^^^^^^^^^^^^^^^^^^^^^^^^
                 *args, **kwargs)
                 ^^^^^^^^^^^^^^^^
  File "/data/data/com.termux/files/usr/lib/python3.14/site-packages/telebot/__init__.py", line 1237, in polling
    self.__threaded_polling(non_stop=non_stop, interval=interval, timeout=timeout, long_polling_timeout=long_polling_timeout,
    ~~~~~~~~~~~~~~~~~~~~~~~^^^^^^^^^^^^^^^^^^^^^^^^^^^^^^^^^^^^^^^^^^^^^^^^^^^^^^^^^^^^^^^^^^^^^^^^^^^^^^^^^^^^^^^^^^^^^^^^^^
                            logger_level=logger_level, allowed_updates=allowed_updates)
                            ^^^^^^^^^^^^^^^^^^^^^^^^^^^^^^^^^^^^^^^^^^^^^^^^^^^^^^^^^^^
  File "/data/data/com.termux/files/usr/lib/python3.14/site-packages/telebot/__init__.py", line 1312, in __threaded_polling
    raise e
  File "/data/data/com.termux/files/usr/lib/python3.14/site-packages/telebot/__init__.py", line 1273, in __threaded_polling
    polling_thread.raise_exceptions()
    ~~~~~~~~~~~~~~~~~~~~~~~~~~~~~~~^^
  File "/data/data/com.termux/files/usr/lib/python3.14/site-packages/telebot/util.py", line 116, in raise_exceptions
    raise self.exception_info
  File "/data/data/com.termux/files/usr/lib/python3.14/site-packages/telebot/util.py", line 98, in run
    task(*args, **kwargs)
    ~~~~^^^^^^^^^^^^^^^^^
  File "/data/data/com.termux/files/usr/lib/python3.14/site-packages/telebot/__init__.py", line 691, in __retrieve_updates
    updates = self.get_updates(offset=(self.last_update_id + 1),
                               allowed_updates=allowed_updates,
                               timeout=timeout, long_polling_timeout=long_polling_timeout)
  File "/data/data/com.termux/files/usr/lib/python3.14/site-packages/telebot/__init__.py", line 663, in get_updates
    json_updates = apihelper.get_updates(
        self.token, offset=offset, limit=limit, timeout=timeout, allowed_updates=allowed_updates,
        long_polling_timeout=long_polling_timeout)
  File "/data/data/com.termux/files/usr/lib/python3.14/site-packages/telebot/apihelper.py", line 382, in get_updates
    return _make_request(token, method_url, params=payload)
  File "/data/data/com.termux/files/usr/lib/python3.14/site-packages/telebot/apihelper.py", line 162, in _make_request
    result = _get_req_session().request(
        method, request_url, params=params, files=files,
        timeout=(connect_timeout, read_timeout), proxies=proxy)
  File "/data/data/com.termux/files/usr/lib/python3.14/site-packages/requests/sessions.py", line 651, in request
    resp = self.send(prep, **send_kwargs)
  File "/data/data/com.termux/files/usr/lib/python3.14/site-packages/requests/sessions.py", line 784, in send
    r = adapter.send(request, **kwargs)
  File "/data/data/com.termux/files/usr/lib/python3.14/site-packages/requests/adapters.py", line 729, in send
    raise ConnectionError(e, request=request)
requests.exceptions.ConnectionError: HTTPSConnectionPool(host='api.telegram.org', port=443): Max retries exceeded with url: /bot8815900502:***********************************/getUpdates?offset=424131578&timeout=20 (Caused by NewConnectionError("HTTPSConnection(host='api.telegram.org', port=443): Failed to establish a new connection: [Errno 101] Network is unreachable"))
"
2026-09-27 08:48:59,918 (__init__.py:1154 TelegramBotPoll) ERROR - TeleBot: "Infinity polling exception: HTTPSConnectionPool(host='api.telegram.org', port=443): Max retries exceeded with url: /bot8815900502:***********************************/getUpdates?offset=424131578&timeout=20 (Caused by NewConnectionError("HTTPSConnection(host='api.telegram.org', port=443): Failed to establish a new connection: [Errno 101] Network is unreachable"))"
2026-09-27 08:48:59,957 (__init__.py:1156 TelegramBotPoll) ERROR - TeleBot: "Exception traceback:
Traceback (most recent call last):
  File "/data/data/com.termux/files/usr/lib/python3.14/site-packages/urllib3/connection.py", line 239, in _new_conn
    sock = connection.create_connection(
        (self._dns_host, self.port),
    ...<2 lines>...
        socket_options=self.socket_options,
    )
  File "/data/data/com.termux/files/usr/lib/python3.14/site-packages/urllib3/util/connection.py", line 85, in create_connection
    raise err
  File "/data/data/com.termux/files/usr/lib/python3.14/site-packages/urllib3/util/connection.py", line 73, in create_connection
    sock.connect(sa)
    ~~~~~~~~~~~~^^^^
OSError: [Errno 101] Network is unreachable

The above exception was the direct cause of the following exception:

Traceback (most recent call last):
  File "/data/data/com.termux/files/usr/lib/python3.14/site-packages/urllib3/connectionpool.py", line 793, in urlopen
    response = self._make_request(
        conn,
    ...<10 lines>...
        **response_kw,
    )
  File "/data/data/com.termux/files/usr/lib/python3.14/site-packages/urllib3/connectionpool.py", line 494, in _make_request
    raise new_e
  File "/data/data/com.termux/files/usr/lib/python3.14/site-packages/urllib3/connectionpool.py", line 470, in _make_request
    self._validate_conn(conn)
    ~~~~~~~~~~~~~~~~~~~^^^^^^
  File "/data/data/com.termux/files/usr/lib/python3.14/site-packages/urllib3/connectionpool.py", line 1125, in _validate_conn
    conn.connect()
    ~~~~~~~~~~~~^^
  File "/data/data/com.termux/files/usr/lib/python3.14/site-packages/urllib3/connection.py", line 827, in connect
    self.sock = sock = self._new_conn()
                       ~~~~~~~~~~~~~~^^
  File "/data/data/com.termux/files/usr/lib/python3.14/site-packages/urllib3/connection.py", line 254, in _new_conn
    raise NewConnectionError(
        self, f"Failed to establish a new connection: {e}"
    ) from e
urllib3.exceptions.NewConnectionError: HTTPSConnection(host='api.telegram.org', port=443): Failed to establish a new connection: [Errno 101] Network is unreachable

The above exception was the direct cause of the following exception:

Traceback (most recent call last):
  File "/data/data/com.termux/files/usr/lib/python3.14/site-packages/requests/adapters.py", line 696, in send
    resp = conn.urlopen(
        method=request.method,
    ...<9 lines>...
        chunked=chunked,
    )
  File "/data/data/com.termux/files/usr/lib/python3.14/site-packages/urllib3/connectionpool.py", line 847, in urlopen
    retries = retries.increment(
        method, url, error=new_e, _pool=self, _stacktrace=sys.exc_info()[2]
    )
  File "/data/data/com.termux/files/usr/lib/python3.14/site-packages/urllib3/util/retry.py", line 555, in increment
    raise MaxRetryError(_pool, url, reason) from reason  # type: ignore[arg-type]
    ^^^^^^^^^^^^^^^^^^^^^^^^^^^^^^^^^^^^^^^^^^^^^^^^^^^
urllib3.exceptions.MaxRetryError: HTTPSConnectionPool(host='api.telegram.org', port=443): Max retries exceeded with url: /bot8815900502:***********************************/getUpdates?offset=424131578&timeout=20 (Caused by NewConnectionError("HTTPSConnection(host='api.telegram.org', port=443): Failed to establish a new connection: [Errno 101] Network is unreachable"))

During handling of the above exception, another exception occurred:

Traceback (most recent call last):
  File "/data/data/com.termux/files/usr/lib/python3.14/site-packages/telebot/__init__.py", line 1149, in infinity_polling
    self.polling(non_stop=True, timeout=timeout, long_polling_timeout=long_polling_timeout,
    ~~~~~~~~~~~~^^^^^^^^^^^^^^^^^^^^^^^^^^^^^^^^^^^^^^^^^^^^^^^^^^^^^^^^^^^^^^^^^^^^^^^^^^^
                 logger_level=logger_level, allowed_updates=allowed_updates, restart_on_change=False,
                 ^^^^^^^^^^^^^^^^^^^^^^^^^^^^^^^^^^^^^^^^^^^^^^^^^^^^^^^^^^^^^^^^^^^^^^^^^^^^^^^^^^^^
                 *args, **kwargs)
                 ^^^^^^^^^^^^^^^^
  File "/data/data/com.termux/files/usr/lib/python3.14/site-packages/telebot/__init__.py", line 1237, in polling
    self.__threaded_polling(non_stop=non_stop, interval=interval, timeout=timeout, long_polling_timeout=long_polling_timeout,
    ~~~~~~~~~~~~~~~~~~~~~~~^^^^^^^^^^^^^^^^^^^^^^^^^^^^^^^^^^^^^^^^^^^^^^^^^^^^^^^^^^^^^^^^^^^^^^^^^^^^^^^^^^^^^^^^^^^^^^^^^^
                            logger_level=logger_level, allowed_updates=allowed_updates)
                            ^^^^^^^^^^^^^^^^^^^^^^^^^^^^^^^^^^^^^^^^^^^^^^^^^^^^^^^^^^^
  File "/data/data/com.termux/files/usr/lib/python3.14/site-packages/telebot/__init__.py", line 1312, in __threaded_polling
    raise e
  File "/data/data/com.termux/files/usr/lib/python3.14/site-packages/telebot/__init__.py", line 1273, in __threaded_polling
    polling_thread.raise_exceptions()
    ~~~~~~~~~~~~~~~~~~~~~~~~~~~~~~~^^
  File "/data/data/com.termux/files/usr/lib/python3.14/site-packages/telebot/util.py", line 116, in raise_exceptions
    raise self.exception_info
  File "/data/data/com.termux/files/usr/lib/python3.14/site-packages/telebot/util.py", line 98, in run
    task(*args, **kwargs)
    ~~~~^^^^^^^^^^^^^^^^^
  File "/data/data/com.termux/files/usr/lib/python3.14/site-packages/telebot/__init__.py", line 691, in __retrieve_updates
    updates = self.get_updates(offset=(self.last_update_id + 1),
                               allowed_updates=allowed_updates,
                               timeout=timeout, long_polling_timeout=long_polling_timeout)
  File "/data/data/com.termux/files/usr/lib/python3.14/site-packages/telebot/__init__.py", line 663, in get_updates
    json_updates = apihelper.get_updates(
        self.token, offset=offset, limit=limit, timeout=timeout, allowed_updates=allowed_updates,
        long_polling_timeout=long_polling_timeout)
  File "/data/data/com.termux/files/usr/lib/python3.14/site-packages/telebot/apihelper.py", line 382, in get_updates
    return _make_request(token, method_url, params=payload)
  File "/data/data/com.termux/files/usr/lib/python3.14/site-packages/telebot/apihelper.py", line 162, in _make_request
    result = _get_req_session().request(
        method, request_url, params=params, files=files,
        timeout=(connect_timeout, read_timeout), proxies=proxy)
  File "/data/data/com.termux/files/usr/lib/python3.14/site-packages/requests/sessions.py", line 651, in request
    resp = self.send(prep, **send_kwargs)
  File "/data/data/com.termux/files/usr/lib/python3.14/site-packages/requests/sessions.py", line 784, in send
    r = adapter.send(request, **kwargs)
  File "/data/data/com.termux/files/usr/lib/python3.14/site-packages/requests/adapters.py", line 729, in send
    raise ConnectionError(e, request=request)
requests.exceptions.ConnectionError: HTTPSConnectionPool(host='api.telegram.org', port=443): Max retries exceeded with url: /bot8815900502:***********************************/getUpdates?offset=424131578&timeout=20 (Caused by NewConnectionError("HTTPSConnection(host='api.telegram.org', port=443): Failed to establish a new connection: [Errno 101] Network is unreachable"))
"
2026-09-27 08:49:23,006 (__init__.py:1154 TelegramBotPoll) ERROR - TeleBot: "Infinity polling exception: HTTPSConnectionPool(host='api.telegram.org', port=443): Max retries exceeded with url: /bot8815900502:***********************************/getUpdates?offset=424131578&timeout=20 (Caused by NewConnectionError("HTTPSConnection(host='api.telegram.org', port=443): Failed to establish a new connection: [Errno 101] Network is unreachable"))"
2026-09-27 08:49:23,041 (__init__.py:1156 TelegramBotPoll) ERROR - TeleBot: "Exception traceback:
Traceback (most recent call last):
  File "/data/data/com.termux/files/usr/lib/python3.14/site-packages/urllib3/connection.py", line 239, in _new_conn
    sock = connection.create_connection(
        (self._dns_host, self.port),
    ...<2 lines>...
        socket_options=self.socket_options,
    )
  File "/data/data/com.termux/files/usr/lib/python3.14/site-packages/urllib3/util/connection.py", line 85, in create_connection
    raise err
  File "/data/data/com.termux/files/usr/lib/python3.14/site-packages/urllib3/util/connection.py", line 73, in create_connection
    sock.connect(sa)
    ~~~~~~~~~~~~^^^^
OSError: [Errno 101] Network is unreachable

The above exception was the direct cause of the following exception:

Traceback (most recent call last):
  File "/data/data/com.termux/files/usr/lib/python3.14/site-packages/urllib3/connectionpool.py", line 793, in urlopen
    response = self._make_request(
        conn,
    ...<10 lines>...
        **response_kw,
    )
  File "/data/data/com.termux/files/usr/lib/python3.14/site-packages/urllib3/connectionpool.py", line 494, in _make_request
    raise new_e
  File "/data/data/com.termux/files/usr/lib/python3.14/site-packages/urllib3/connectionpool.py", line 470, in _make_request
    self._validate_conn(conn)
    ~~~~~~~~~~~~~~~~~~~^^^^^^
  File "/data/data/com.termux/files/usr/lib/python3.14/site-packages/urllib3/connectionpool.py", line 1125, in _validate_conn
    conn.connect()
    ~~~~~~~~~~~~^^
  File "/data/data/com.termux/files/usr/lib/python3.14/site-packages/urllib3/connection.py", line 827, in connect
    self.sock = sock = self._new_conn()
                       ~~~~~~~~~~~~~~^^
  File "/data/data/com.termux/files/usr/lib/python3.14/site-packages/urllib3/connection.py", line 254, in _new_conn
    raise NewConnectionError(
        self, f"Failed to establish a new connection: {e}"
    ) from e
urllib3.exceptions.NewConnectionError: HTTPSConnection(host='api.telegram.org', port=443): Failed to establish a new connection: [Errno 101] Network is unreachable

The above exception was the direct cause of the following exception:

Traceback (most recent call last):
  File "/data/data/com.termux/files/usr/lib/python3.14/site-packages/requests/adapters.py", line 696, in send
    resp = conn.urlopen(
        method=request.method,
    ...<9 lines>...
        chunked=chunked,
    )
  File "/data/data/com.termux/files/usr/lib/python3.14/site-packages/urllib3/connectionpool.py", line 847, in urlopen
    retries = retries.increment(
        method, url, error=new_e, _pool=self, _stacktrace=sys.exc_info()[2]
    )
  File "/data/data/com.termux/files/usr/lib/python3.14/site-packages/urllib3/util/retry.py", line 555, in increment
    raise MaxRetryError(_pool, url, reason) from reason  # type: ignore[arg-type]
    ^^^^^^^^^^^^^^^^^^^^^^^^^^^^^^^^^^^^^^^^^^^^^^^^^^^
urllib3.exceptions.MaxRetryError: HTTPSConnectionPool(host='api.telegram.org', port=443): Max retries exceeded with url: /bot8815900502:***********************************/getUpdates?offset=424131578&timeout=20 (Caused by NewConnectionError("HTTPSConnection(host='api.telegram.org', port=443): Failed to establish a new connection: [Errno 101] Network is unreachable"))

During handling of the above exception, another exception occurred:

Traceback (most recent call last):
  File "/data/data/com.termux/files/usr/lib/python3.14/site-packages/telebot/__init__.py", line 1149, in infinity_polling
    self.polling(non_stop=True, timeout=timeout, long_polling_timeout=long_polling_timeout,
    ~~~~~~~~~~~~^^^^^^^^^^^^^^^^^^^^^^^^^^^^^^^^^^^^^^^^^^^^^^^^^^^^^^^^^^^^^^^^^^^^^^^^^^^
                 logger_level=logger_level, allowed_updates=allowed_updates, restart_on_change=False,
                 ^^^^^^^^^^^^^^^^^^^^^^^^^^^^^^^^^^^^^^^^^^^^^^^^^^^^^^^^^^^^^^^^^^^^^^^^^^^^^^^^^^^^
                 *args, **kwargs)
                 ^^^^^^^^^^^^^^^^
  File "/data/data/com.termux/files/usr/lib/python3.14/site-packages/telebot/__init__.py", line 1237, in polling
    self.__threaded_polling(non_stop=non_stop, interval=interval, timeout=timeout, long_polling_timeout=long_polling_timeout,
    ~~~~~~~~~~~~~~~~~~~~~~~^^^^^^^^^^^^^^^^^^^^^^^^^^^^^^^^^^^^^^^^^^^^^^^^^^^^^^^^^^^^^^^^^^^^^^^^^^^^^^^^^^^^^^^^^^^^^^^^^^
                            logger_level=logger_level, allowed_updates=allowed_updates)
                            ^^^^^^^^^^^^^^^^^^^^^^^^^^^^^^^^^^^^^^^^^^^^^^^^^^^^^^^^^^^
  File "/data/data/com.termux/files/usr/lib/python3.14/site-packages/telebot/__init__.py", line 1312, in __threaded_polling
    raise e
  File "/data/data/com.termux/files/usr/lib/python3.14/site-packages/telebot/__init__.py", line 1273, in __threaded_polling
    polling_thread.raise_exceptions()
    ~~~~~~~~~~~~~~~~~~~~~~~~~~~~~~~^^
  File "/data/data/com.termux/files/usr/lib/python3.14/site-packages/telebot/util.py", line 116, in raise_exceptions
    raise self.exception_info
  File "/data/data/com.termux/files/usr/lib/python3.14/site-packages/telebot/util.py", line 98, in run
    task(*args, **kwargs)
    ~~~~^^^^^^^^^^^^^^^^^
  File "/data/data/com.termux/files/usr/lib/python3.14/site-packages/telebot/__init__.py", line 691, in __retrieve_updates
    updates = self.get_updates(offset=(self.last_update_id + 1),
                               allowed_updates=allowed_updates,
                               timeout=timeout, long_polling_timeout=long_polling_timeout)
  File "/data/data/com.termux/files/usr/lib/python3.14/site-packages/telebot/__init__.py", line 663, in get_updates
    json_updates = apihelper.get_updates(
        self.token, offset=offset, limit=limit, timeout=timeout, allowed_updates=allowed_updates,
        long_polling_timeout=long_polling_timeout)
  File "/data/data/com.termux/files/usr/lib/python3.14/site-packages/telebot/apihelper.py", line 382, in get_updates
    return _make_request(token, method_url, params=payload)
  File "/data/data/com.termux/files/usr/lib/python3.14/site-packages/telebot/apihelper.py", line 162, in _make_request
    result = _get_req_session().request(
        method, request_url, params=params, files=files,
        timeout=(connect_timeout, read_timeout), proxies=proxy)
  File "/data/data/com.termux/files/usr/lib/python3.14/site-packages/requests/sessions.py", line 651, in request
    resp = self.send(prep, **send_kwargs)
  File "/data/data/com.termux/files/usr/lib/python3.14/site-packages/requests/sessions.py", line 784, in send
    r = adapter.send(request, **kwargs)
  File "/data/data/com.termux/files/usr/lib/python3.14/site-packages/requests/adapters.py", line 729, in send
    raise ConnectionError(e, request=request)
requests.exceptions.ConnectionError: HTTPSConnectionPool(host='api.telegram.org', port=443): Max retries exceeded with url: /bot8815900502:***********************************/getUpdates?offset=424131578&timeout=20 (Caused by NewConnectionError("HTTPSConnection(host='api.telegram.org', port=443): Failed to establish a new connection: [Errno 101] Network is unreachable"))
"
2026-09-27 08:49:46,116 (__init__.py:1154 TelegramBotPoll) ERROR - TeleBot: "Infinity polling exception: HTTPSConnectionPool(host='api.telegram.org', port=443): Max retries exceeded with url: /bot8815900502:***********************************/getUpdates?offset=424131578&timeout=20 (Caused by NewConnectionError("HTTPSConnection(host='api.telegram.org', port=443): Failed to establish a new connection: [Errno 101] Network is unreachable"))"
2026-09-27 08:49:46,166 (__init__.py:1156 TelegramBotPoll) ERROR - TeleBot: "Exception traceback:
Traceback (most recent call last):
  File "/data/data/com.termux/files/usr/lib/python3.14/site-packages/urllib3/connection.py", line 239, in _new_conn
    sock = connection.create_connection(
        (self._dns_host, self.port),
    ...<2 lines>...
        socket_options=self.socket_options,
    )
  File "/data/data/com.termux/files/usr/lib/python3.14/site-packages/urllib3/util/connection.py", line 85, in create_connection
    raise err
  File "/data/data/com.termux/files/usr/lib/python3.14/site-packages/urllib3/util/connection.py", line 73, in create_connection
    sock.connect(sa)
    ~~~~~~~~~~~~^^^^
OSError: [Errno 101] Network is unreachable

The above exception was the direct cause of the following exception:

Traceback (most recent call last):
  File "/data/data/com.termux/files/usr/lib/python3.14/site-packages/urllib3/connectionpool.py", line 793, in urlopen
    response = self._make_request(
        conn,
    ...<10 lines>...
        **response_kw,
    )
  File "/data/data/com.termux/files/usr/lib/python3.14/site-packages/urllib3/connectionpool.py", line 494, in _make_request
    raise new_e
  File "/data/data/com.termux/files/usr/lib/python3.14/site-packages/urllib3/connectionpool.py", line 470, in _make_request
    self._validate_conn(conn)
    ~~~~~~~~~~~~~~~~~~~^^^^^^
  File "/data/data/com.termux/files/usr/lib/python3.14/site-packages/urllib3/connectionpool.py", line 1125, in _validate_conn
    conn.connect()
    ~~~~~~~~~~~~^^
  File "/data/data/com.termux/files/usr/lib/python3.14/site-packages/urllib3/connection.py", line 827, in connect
    self.sock = sock = self._new_conn()
                       ~~~~~~~~~~~~~~^^
  File "/data/data/com.termux/files/usr/lib/python3.14/site-packages/urllib3/connection.py", line 254, in _new_conn
    raise NewConnectionError(
        self, f"Failed to establish a new connection: {e}"
    ) from e
urllib3.exceptions.NewConnectionError: HTTPSConnection(host='api.telegram.org', port=443): Failed to establish a new connection: [Errno 101] Network is unreachable

The above exception was the direct cause of the following exception:

Traceback (most recent call last):
  File "/data/data/com.termux/files/usr/lib/python3.14/site-packages/requests/adapters.py", line 696, in send
    resp = conn.urlopen(
        method=request.method,
    ...<9 lines>...
        chunked=chunked,
    )
  File "/data/data/com.termux/files/usr/lib/python3.14/site-packages/urllib3/connectionpool.py", line 847, in urlopen
    retries = retries.increment(
        method, url, error=new_e, _pool=self, _stacktrace=sys.exc_info()[2]
    )
  File "/data/data/com.termux/files/usr/lib/python3.14/site-packages/urllib3/util/retry.py", line 555, in increment
    raise MaxRetryError(_pool, url, reason) from reason  # type: ignore[arg-type]
    ^^^^^^^^^^^^^^^^^^^^^^^^^^^^^^^^^^^^^^^^^^^^^^^^^^^
urllib3.exceptions.MaxRetryError: HTTPSConnectionPool(host='api.telegram.org', port=443): Max retries exceeded with url: /bot8815900502:***********************************/getUpdates?offset=424131578&timeout=20 (Caused by NewConnectionError("HTTPSConnection(host='api.telegram.org', port=443): Failed to establish a new connection: [Errno 101] Network is unreachable"))

During handling of the above exception, another exception occurred:

Traceback (most recent call last):
  File "/data/data/com.termux/files/usr/lib/python3.14/site-packages/telebot/__init__.py", line 1149, in infinity_polling
    self.polling(non_stop=True, timeout=timeout, long_polling_timeout=long_polling_timeout,
    ~~~~~~~~~~~~^^^^^^^^^^^^^^^^^^^^^^^^^^^^^^^^^^^^^^^^^^^^^^^^^^^^^^^^^^^^^^^^^^^^^^^^^^^
                 logger_level=logger_level, allowed_updates=allowed_updates, restart_on_change=False,
                 ^^^^^^^^^^^^^^^^^^^^^^^^^^^^^^^^^^^^^^^^^^^^^^^^^^^^^^^^^^^^^^^^^^^^^^^^^^^^^^^^^^^^
                 *args, **kwargs)
                 ^^^^^^^^^^^^^^^^
  File "/data/data/com.termux/files/usr/lib/python3.14/site-packages/telebot/__init__.py", line 1237, in polling
    self.__threaded_polling(non_stop=non_stop, interval=interval, timeout=timeout, long_polling_timeout=long_polling_timeout,
    ~~~~~~~~~~~~~~~~~~~~~~~^^^^^^^^^^^^^^^^^^^^^^^^^^^^^^^^^^^^^^^^^^^^^^^^^^^^^^^^^^^^^^^^^^^^^^^^^^^^^^^^^^^^^^^^^^^^^^^^^^
                            logger_level=logger_level, allowed_updates=allowed_updates)
                            ^^^^^^^^^^^^^^^^^^^^^^^^^^^^^^^^^^^^^^^^^^^^^^^^^^^^^^^^^^^
  File "/data/data/com.termux/files/usr/lib/python3.14/site-packages/telebot/__init__.py", line 1312, in __threaded_polling
    raise e
  File "/data/data/com.termux/files/usr/lib/python3.14/site-packages/telebot/__init__.py", line 1273, in __threaded_polling
    polling_thread.raise_exceptions()
    ~~~~~~~~~~~~~~~~~~~~~~~~~~~~~~~^^
  File "/data/data/com.termux/files/usr/lib/python3.14/site-packages/telebot/util.py", line 116, in raise_exceptions
    raise self.exception_info
  File "/data/data/com.termux/files/usr/lib/python3.14/site-packages/telebot/util.py", line 98, in run
    task(*args, **kwargs)
    ~~~~^^^^^^^^^^^^^^^^^
  File "/data/data/com.termux/files/usr/lib/python3.14/site-packages/telebot/__init__.py", line 691, in __retrieve_updates
    updates = self.get_updates(offset=(self.last_update_id + 1),
                               allowed_updates=allowed_updates,
                               timeout=timeout, long_polling_timeout=long_polling_timeout)
  File "/data/data/com.termux/files/usr/lib/python3.14/site-packages/telebot/__init__.py", line 663, in get_updates
    json_updates = apihelper.get_updates(
        self.token, offset=offset, limit=limit, timeout=timeout, allowed_updates=allowed_updates,
        long_polling_timeout=long_polling_timeout)
  File "/data/data/com.termux/files/usr/lib/python3.14/site-packages/telebot/apihelper.py", line 382, in get_updates
    return _make_request(token, method_url, params=payload)
  File "/data/data/com.termux/files/usr/lib/python3.14/site-packages/telebot/apihelper.py", line 162, in _make_request
    result = _get_req_session().request(
        method, request_url, params=params, files=files,
        timeout=(connect_timeout, read_timeout), proxies=proxy)
  File "/data/data/com.termux/files/usr/lib/python3.14/site-packages/requests/sessions.py", line 651, in request
    resp = self.send(prep, **send_kwargs)
  File "/data/data/com.termux/files/usr/lib/python3.14/site-packages/requests/sessions.py", line 784, in send
    r = adapter.send(request, **kwargs)
  File "/data/data/com.termux/files/usr/lib/python3.14/site-packages/requests/adapters.py", line 729, in send
    raise ConnectionError(e, request=request)
requests.exceptions.ConnectionError: HTTPSConnectionPool(host='api.telegram.org', port=443): Max retries exceeded with url: /bot8815900502:***********************************/getUpdates?offset=424131578&timeout=20 (Caused by NewConnectionError("HTTPSConnection(host='api.telegram.org', port=443): Failed to establish a new connection: [Errno 101] Network is unreachable"))
"
2026-09-27 08:50:09,201 (__init__.py:1154 TelegramBotPoll) ERROR - TeleBot: "Infinity polling exception: HTTPSConnectionPool(host='api.telegram.org', port=443): Max retries exceeded with url: /bot8815900502:***********************************/getUpdates?offset=424131578&timeout=20 (Caused by NewConnectionError("HTTPSConnection(host='api.telegram.org', port=443): Failed to establish a new connection: [Errno 101] Network is unreachable"))"
2026-09-27 08:50:09,236 (__init__.py:1156 TelegramBotPoll) ERROR - TeleBot: "Exception traceback:
Traceback (most recent call last):
  File "/data/data/com.termux/files/usr/lib/python3.14/site-packages/urllib3/connection.py", line 239, in _new_conn
    sock = connection.create_connection(
        (self._dns_host, self.port),
    ...<2 lines>...
        socket_options=self.socket_options,
    )
  File "/data/data/com.termux/files/usr/lib/python3.14/site-packages/urllib3/util/connection.py", line 85, in create_connection
    raise err
  File "/data/data/com.termux/files/usr/lib/python3.14/site-packages/urllib3/util/connection.py", line 73, in create_connection
    sock.connect(sa)
    ~~~~~~~~~~~~^^^^
OSError: [Errno 101] Network is unreachable

The above exception was the direct cause of the following exception:

Traceback (most recent call last):
  File "/data/data/com.termux/files/usr/lib/python3.14/site-packages/urllib3/connectionpool.py", line 793, in urlopen
    response = self._make_request(
        conn,
    ...<10 lines>...
        **response_kw,
    )
  File "/data/data/com.termux/files/usr/lib/python3.14/site-packages/urllib3/connectionpool.py", line 494, in _make_request
    raise new_e
  File "/data/data/com.termux/files/usr/lib/python3.14/site-packages/urllib3/connectionpool.py", line 470, in _make_request
    self._validate_conn(conn)
    ~~~~~~~~~~~~~~~~~~~^^^^^^
  File "/data/data/com.termux/files/usr/lib/python3.14/site-packages/urllib3/connectionpool.py", line 1125, in _validate_conn
    conn.connect()
    ~~~~~~~~~~~~^^
  File "/data/data/com.termux/files/usr/lib/python3.14/site-packages/urllib3/connection.py", line 827, in connect
    self.sock = sock = self._new_conn()
                       ~~~~~~~~~~~~~~^^
  File "/data/data/com.termux/files/usr/lib/python3.14/site-packages/urllib3/connection.py", line 254, in _new_conn
    raise NewConnectionError(
        self, f"Failed to establish a new connection: {e}"
    ) from e
urllib3.exceptions.NewConnectionError: HTTPSConnection(host='api.telegram.org', port=443): Failed to establish a new connection: [Errno 101] Network is unreachable

The above exception was the direct cause of the following exception:

Traceback (most recent call last):
  File "/data/data/com.termux/files/usr/lib/python3.14/site-packages/requests/adapters.py", line 696, in send
    resp = conn.urlopen(
        method=request.method,
    ...<9 lines>...
        chunked=chunked,
    )
  File "/data/data/com.termux/files/usr/lib/python3.14/site-packages/urllib3/connectionpool.py", line 847, in urlopen
    retries = retries.increment(
        method, url, error=new_e, _pool=self, _stacktrace=sys.exc_info()[2]
    )
  File "/data/data/com.termux/files/usr/lib/python3.14/site-packages/urllib3/util/retry.py", line 555, in increment
    raise MaxRetryError(_pool, url, reason) from reason  # type: ignore[arg-type]
    ^^^^^^^^^^^^^^^^^^^^^^^^^^^^^^^^^^^^^^^^^^^^^^^^^^^
urllib3.exceptions.MaxRetryError: HTTPSConnectionPool(host='api.telegram.org', port=443): Max retries exceeded with url: /bot8815900502:***********************************/getUpdates?offset=424131578&timeout=20 (Caused by NewConnectionError("HTTPSConnection(host='api.telegram.org', port=443): Failed to establish a new connection: [Errno 101] Network is unreachable"))

During handling of the above exception, another exception occurred:

Traceback (most recent call last):
  File "/data/data/com.termux/files/usr/lib/python3.14/site-packages/telebot/__init__.py", line 1149, in infinity_polling
    self.polling(non_stop=True, timeout=timeout, long_polling_timeout=long_polling_timeout,
    ~~~~~~~~~~~~^^^^^^^^^^^^^^^^^^^^^^^^^^^^^^^^^^^^^^^^^^^^^^^^^^^^^^^^^^^^^^^^^^^^^^^^^^^
                 logger_level=logger_level, allowed_updates=allowed_updates, restart_on_change=False,
                 ^^^^^^^^^^^^^^^^^^^^^^^^^^^^^^^^^^^^^^^^^^^^^^^^^^^^^^^^^^^^^^^^^^^^^^^^^^^^^^^^^^^^
                 *args, **kwargs)
                 ^^^^^^^^^^^^^^^^
  File "/data/data/com.termux/files/usr/lib/python3.14/site-packages/telebot/__init__.py", line 1237, in polling
    self.__threaded_polling(non_stop=non_stop, interval=interval, timeout=timeout, long_polling_timeout=long_polling_timeout,
    ~~~~~~~~~~~~~~~~~~~~~~~^^^^^^^^^^^^^^^^^^^^^^^^^^^^^^^^^^^^^^^^^^^^^^^^^^^^^^^^^^^^^^^^^^^^^^^^^^^^^^^^^^^^^^^^^^^^^^^^^^
                            logger_level=logger_level, allowed_updates=allowed_updates)
                            ^^^^^^^^^^^^^^^^^^^^^^^^^^^^^^^^^^^^^^^^^^^^^^^^^^^^^^^^^^^
  File "/data/data/com.termux/files/usr/lib/python3.14/site-packages/telebot/__init__.py", line 1312, in __threaded_polling
    raise e
  File "/data/data/com.termux/files/usr/lib/python3.14/site-packages/telebot/__init__.py", line 1273, in __threaded_polling
    polling_thread.raise_exceptions()
    ~~~~~~~~~~~~~~~~~~~~~~~~~~~~~~~^^
  File "/data/data/com.termux/files/usr/lib/python3.14/site-packages/telebot/util.py", line 116, in raise_exceptions
    raise self.exception_info
  File "/data/data/com.termux/files/usr/lib/python3.14/site-packages/telebot/util.py", line 98, in run
    task(*args, **kwargs)
    ~~~~^^^^^^^^^^^^^^^^^
  File "/data/data/com.termux/files/usr/lib/python3.14/site-packages/telebot/__init__.py", line 691, in __retrieve_updates
    updates = self.get_updates(offset=(self.last_update_id + 1),
                               allowed_updates=allowed_updates,
                               timeout=timeout, long_polling_timeout=long_polling_timeout)
  File "/data/data/com.termux/files/usr/lib/python3.14/site-packages/telebot/__init__.py", line 663, in get_updates
    json_updates = apihelper.get_updates(
        self.token, offset=offset, limit=limit, timeout=timeout, allowed_updates=allowed_updates,
        long_polling_timeout=long_polling_timeout)
  File "/data/data/com.termux/files/usr/lib/python3.14/site-packages/telebot/apihelper.py", line 382, in get_updates
    return _make_request(token, method_url, params=payload)
  File "/data/data/com.termux/files/usr/lib/python3.14/site-packages/telebot/apihelper.py", line 162, in _make_request
    result = _get_req_session().request(
        method, request_url, params=params, files=files,
        timeout=(connect_timeout, read_timeout), proxies=proxy)
  File "/data/data/com.termux/files/usr/lib/python3.14/site-packages/requests/sessions.py", line 651, in request
    resp = self.send(prep, **send_kwargs)
  File "/data/data/com.termux/files/usr/lib/python3.14/site-packages/requests/sessions.py", line 784, in send
    r = adapter.send(request, **kwargs)
  File "/data/data/com.termux/files/usr/lib/python3.14/site-packages/requests/adapters.py", line 729, in send
    raise ConnectionError(e, request=request)
requests.exceptions.ConnectionError: HTTPSConnectionPool(host='api.telegram.org', port=443): Max retries exceeded with url: /bot8815900502:***********************************/getUpdates?offset=424131578&timeout=20 (Caused by NewConnectionError("HTTPSConnection(host='api.telegram.org', port=443): Failed to establish a new connection: [Errno 101] Network is unreachable"))
"
2026-09-27 08:50:32,338 (__init__.py:1154 TelegramBotPoll) ERROR - TeleBot: "Infinity polling exception: HTTPSConnectionPool(host='api.telegram.org', port=443): Max retries exceeded with url: /bot8815900502:***********************************/getUpdates?offset=424131578&timeout=20 (Caused by NewConnectionError("HTTPSConnection(host='api.telegram.org', port=443): Failed to establish a new connection: [Errno 101] Network is unreachable"))"
2026-09-27 08:50:32,372 (__init__.py:1156 TelegramBotPoll) ERROR - TeleBot: "Exception traceback:
Traceback (most recent call last):
  File "/data/data/com.termux/files/usr/lib/python3.14/site-packages/urllib3/connection.py", line 239, in _new_conn
    sock = connection.create_connection(
        (self._dns_host, self.port),
    ...<2 lines>...
        socket_options=self.socket_options,
    )
  File "/data/data/com.termux/files/usr/lib/python3.14/site-packages/urllib3/util/connection.py", line 85, in create_connection
    raise err
  File "/data/data/com.termux/files/usr/lib/python3.14/site-packages/urllib3/util/connection.py", line 73, in create_connection
    sock.connect(sa)
    ~~~~~~~~~~~~^^^^
OSError: [Errno 101] Network is unreachable

The above exception was the direct cause of the following exception:

Traceback (most recent call last):
  File "/data/data/com.termux/files/usr/lib/python3.14/site-packages/urllib3/connectionpool.py", line 793, in urlopen
    response = self._make_request(
        conn,
    ...<10 lines>...
        **response_kw,
    )
  File "/data/data/com.termux/files/usr/lib/python3.14/site-packages/urllib3/connectionpool.py", line 494, in _make_request
    raise new_e
  File "/data/data/com.termux/files/usr/lib/python3.14/site-packages/urllib3/connectionpool.py", line 470, in _make_request
    self._validate_conn(conn)
    ~~~~~~~~~~~~~~~~~~~^^^^^^
  File "/data/data/com.termux/files/usr/lib/python3.14/site-packages/urllib3/connectionpool.py", line 1125, in _validate_conn
    conn.connect()
    ~~~~~~~~~~~~^^
  File "/data/data/com.termux/files/usr/lib/python3.14/site-packages/urllib3/connection.py", line 827, in connect
    self.sock = sock = self._new_conn()
                       ~~~~~~~~~~~~~~^^
  File "/data/data/com.termux/files/usr/lib/python3.14/site-packages/urllib3/connection.py", line 254, in _new_conn
    raise NewConnectionError(
        self, f"Failed to establish a new connection: {e}"
    ) from e
urllib3.exceptions.NewConnectionError: HTTPSConnection(host='api.telegram.org', port=443): Failed to establish a new connection: [Errno 101] Network is unreachable

The above exception was the direct cause of the following exception:

Traceback (most recent call last):
  File "/data/data/com.termux/files/usr/lib/python3.14/site-packages/requests/adapters.py", line 696, in send
    resp = conn.urlopen(
        method=request.method,
    ...<9 lines>...
        chunked=chunked,
    )
  File "/data/data/com.termux/files/usr/lib/python3.14/site-packages/urllib3/connectionpool.py", line 847, in urlopen
    retries = retries.increment(
        method, url, error=new_e, _pool=self, _stacktrace=sys.exc_info()[2]
    )
  File "/data/data/com.termux/files/usr/lib/python3.14/site-packages/urllib3/util/retry.py", line 555, in increment
    raise MaxRetryError(_pool, url, reason) from reason  # type: ignore[arg-type]
    ^^^^^^^^^^^^^^^^^^^^^^^^^^^^^^^^^^^^^^^^^^^^^^^^^^^
urllib3.exceptions.MaxRetryError: HTTPSConnectionPool(host='api.telegram.org', port=443): Max retries exceeded with url: /bot8815900502:***********************************/getUpdates?offset=424131578&timeout=20 (Caused by NewConnectionError("HTTPSConnection(host='api.telegram.org', port=443): Failed to establish a new connection: [Errno 101] Network is unreachable"))

During handling of the above exception, another exception occurred:

Traceback (most recent call last):
  File "/data/data/com.termux/files/usr/lib/python3.14/site-packages/telebot/__init__.py", line 1149, in infinity_polling
    self.polling(non_stop=True, timeout=timeout, long_polling_timeout=long_polling_timeout,
    ~~~~~~~~~~~~^^^^^^^^^^^^^^^^^^^^^^^^^^^^^^^^^^^^^^^^^^^^^^^^^^^^^^^^^^^^^^^^^^^^^^^^^^^
                 logger_level=logger_level, allowed_updates=allowed_updates, restart_on_change=False,
                 ^^^^^^^^^^^^^^^^^^^^^^^^^^^^^^^^^^^^^^^^^^^^^^^^^^^^^^^^^^^^^^^^^^^^^^^^^^^^^^^^^^^^
                 *args, **kwargs)
                 ^^^^^^^^^^^^^^^^
  File "/data/data/com.termux/files/usr/lib/python3.14/site-packages/telebot/__init__.py", line 1237, in polling
    self.__threaded_polling(non_stop=non_stop, interval=interval, timeout=timeout, long_polling_timeout=long_polling_timeout,
    ~~~~~~~~~~~~~~~~~~~~~~~^^^^^^^^^^^^^^^^^^^^^^^^^^^^^^^^^^^^^^^^^^^^^^^^^^^^^^^^^^^^^^^^^^^^^^^^^^^^^^^^^^^^^^^^^^^^^^^^^^
                            logger_level=logger_level, allowed_updates=allowed_updates)
                            ^^^^^^^^^^^^^^^^^^^^^^^^^^^^^^^^^^^^^^^^^^^^^^^^^^^^^^^^^^^
  File "/data/data/com.termux/files/usr/lib/python3.14/site-packages/telebot/__init__.py", line 1312, in __threaded_polling
    raise e
  File "/data/data/com.termux/files/usr/lib/python3.14/site-packages/telebot/__init__.py", line 1273, in __threaded_polling
    polling_thread.raise_exceptions()
    ~~~~~~~~~~~~~~~~~~~~~~~~~~~~~~~^^
  File "/data/data/com.termux/files/usr/lib/python3.14/site-packages/telebot/util.py", line 116, in raise_exceptions
    raise self.exception_info
  File "/data/data/com.termux/files/usr/lib/python3.14/site-packages/telebot/util.py", line 98, in run
    task(*args, **kwargs)
    ~~~~^^^^^^^^^^^^^^^^^
  File "/data/data/com.termux/files/usr/lib/python3.14/site-packages/telebot/__init__.py", line 691, in __retrieve_updates
    updates = self.get_updates(offset=(self.last_update_id + 1),
                               allowed_updates=allowed_updates,
                               timeout=timeout, long_polling_timeout=long_polling_timeout)
  File "/data/data/com.termux/files/usr/lib/python3.14/site-packages/telebot/__init__.py", line 663, in get_updates
    json_updates = apihelper.get_updates(
        self.token, offset=offset, limit=limit, timeout=timeout, allowed_updates=allowed_updates,
        long_polling_timeout=long_polling_timeout)
  File "/data/data/com.termux/files/usr/lib/python3.14/site-packages/telebot/apihelper.py", line 382, in get_updates
    return _make_request(token, method_url, params=payload)
  File "/data/data/com.termux/files/usr/lib/python3.14/site-packages/telebot/apihelper.py", line 162, in _make_request
    result = _get_req_session().request(
        method, request_url, params=params, files=files,
        timeout=(connect_timeout, read_timeout), proxies=proxy)
  File "/data/data/com.termux/files/usr/lib/python3.14/site-packages/requests/sessions.py", line 651, in request
    resp = self.send(prep, **send_kwargs)
  File "/data/data/com.termux/files/usr/lib/python3.14/site-packages/requests/sessions.py", line 784, in send
    r = adapter.send(request, **kwargs)
  File "/data/data/com.termux/files/usr/lib/python3.14/site-packages/requests/adapters.py", line 729, in send
    raise ConnectionError(e, request=request)
requests.exceptions.ConnectionError: HTTPSConnectionPool(host='api.telegram.org', port=443): Max retries exceeded with url: /bot8815900502:***********************************/getUpdates?offset=424131578&timeout=20 (Caused by NewConnectionError("HTTPSConnection(host='api.telegram.org', port=443): Failed to establish a new connection: [Errno 101] Network is unreachable"))
"
2026-09-27 08:50:55,481 (__init__.py:1154 TelegramBotPoll) ERROR - TeleBot: "Infinity polling exception: HTTPSConnectionPool(host='api.telegram.org', port=443): Max retries exceeded with url: /bot8815900502:***********************************/getUpdates?offset=424131578&timeout=20 (Caused by NewConnectionError("HTTPSConnection(host='api.telegram.org', port=443): Failed to establish a new connection: [Errno 101] Network is unreachable"))"
2026-09-27 08:50:55,512 (__init__.py:1156 TelegramBotPoll) ERROR - TeleBot: "Exception traceback:
Traceback (most recent call last):
  File "/data/data/com.termux/files/usr/lib/python3.14/site-packages/urllib3/connection.py", line 239, in _new_conn
    sock = connection.create_connection(
        (self._dns_host, self.port),
    ...<2 lines>...
        socket_options=self.socket_options,
    )
  File "/data/data/com.termux/files/usr/lib/python3.14/site-packages/urllib3/util/connection.py", line 85, in create_connection
    raise err
  File "/data/data/com.termux/files/usr/lib/python3.14/site-packages/urllib3/util/connection.py", line 73, in create_connection
    sock.connect(sa)
    ~~~~~~~~~~~~^^^^
OSError: [Errno 101] Network is unreachable

The above exception was the direct cause of the following exception:

Traceback (most recent call last):
  File "/data/data/com.termux/files/usr/lib/python3.14/site-packages/urllib3/connectionpool.py", line 793, in urlopen
    response = self._make_request(
        conn,
    ...<10 lines>...
        **response_kw,
    )
  File "/data/data/com.termux/files/usr/lib/python3.14/site-packages/urllib3/connectionpool.py", line 494, in _make_request
    raise new_e
  File "/data/data/com.termux/files/usr/lib/python3.14/site-packages/urllib3/connectionpool.py", line 470, in _make_request
    self._validate_conn(conn)
    ~~~~~~~~~~~~~~~~~~~^^^^^^
  File "/data/data/com.termux/files/usr/lib/python3.14/site-packages/urllib3/connectionpool.py", line 1125, in _validate_conn
    conn.connect()
    ~~~~~~~~~~~~^^
  File "/data/data/com.termux/files/usr/lib/python3.14/site-packages/urllib3/connection.py", line 827, in connect
    self.sock = sock = self._new_conn()
                       ~~~~~~~~~~~~~~^^
  File "/data/data/com.termux/files/usr/lib/python3.14/site-packages/urllib3/connection.py", line 254, in _new_conn
    raise NewConnectionError(
        self, f"Failed to establish a new connection: {e}"
    ) from e
urllib3.exceptions.NewConnectionError: HTTPSConnection(host='api.telegram.org', port=443): Failed to establish a new connection: [Errno 101] Network is unreachable

The above exception was the direct cause of the following exception:

Traceback (most recent call last):
  File "/data/data/com.termux/files/usr/lib/python3.14/site-packages/requests/adapters.py", line 696, in send
    resp = conn.urlopen(
        method=request.method,
    ...<9 lines>...
        chunked=chunked,
    )
  File "/data/data/com.termux/files/usr/lib/python3.14/site-packages/urllib3/connectionpool.py", line 847, in urlopen
    retries = retries.increment(
        method, url, error=new_e, _pool=self, _stacktrace=sys.exc_info()[2]
    )
  File "/data/data/com.termux/files/usr/lib/python3.14/site-packages/urllib3/util/retry.py", line 555, in increment
    raise MaxRetryError(_pool, url, reason) from reason  # type: ignore[arg-type]
    ^^^^^^^^^^^^^^^^^^^^^^^^^^^^^^^^^^^^^^^^^^^^^^^^^^^
urllib3.exceptions.MaxRetryError: HTTPSConnectionPool(host='api.telegram.org', port=443): Max retries exceeded with url: /bot8815900502:***********************************/getUpdates?offset=424131578&timeout=20 (Caused by NewConnectionError("HTTPSConnection(host='api.telegram.org', port=443): Failed to establish a new connection: [Errno 101] Network is unreachable"))

During handling of the above exception, another exception occurred:

Traceback (most recent call last):
  File "/data/data/com.termux/files/usr/lib/python3.14/site-packages/telebot/__init__.py", line 1149, in infinity_polling
    self.polling(non_stop=True, timeout=timeout, long_polling_timeout=long_polling_timeout,
    ~~~~~~~~~~~~^^^^^^^^^^^^^^^^^^^^^^^^^^^^^^^^^^^^^^^^^^^^^^^^^^^^^^^^^^^^^^^^^^^^^^^^^^^
                 logger_level=logger_level, allowed_updates=allowed_updates, restart_on_change=False,
                 ^^^^^^^^^^^^^^^^^^^^^^^^^^^^^^^^^^^^^^^^^^^^^^^^^^^^^^^^^^^^^^^^^^^^^^^^^^^^^^^^^^^^
                 *args, **kwargs)
                 ^^^^^^^^^^^^^^^^
  File "/data/data/com.termux/files/usr/lib/python3.14/site-packages/telebot/__init__.py", line 1237, in polling
    self.__threaded_polling(non_stop=non_stop, interval=interval, timeout=timeout, long_polling_timeout=long_polling_timeout,
    ~~~~~~~~~~~~~~~~~~~~~~~^^^^^^^^^^^^^^^^^^^^^^^^^^^^^^^^^^^^^^^^^^^^^^^^^^^^^^^^^^^^^^^^^^^^^^^^^^^^^^^^^^^^^^^^^^^^^^^^^^
                            logger_level=logger_level, allowed_updates=allowed_updates)
                            ^^^^^^^^^^^^^^^^^^^^^^^^^^^^^^^^^^^^^^^^^^^^^^^^^^^^^^^^^^^
  File "/data/data/com.termux/files/usr/lib/python3.14/site-packages/telebot/__init__.py", line 1312, in __threaded_polling
    raise e
  File "/data/data/com.termux/files/usr/lib/python3.14/site-packages/telebot/__init__.py", line 1273, in __threaded_polling
    polling_thread.raise_exceptions()
    ~~~~~~~~~~~~~~~~~~~~~~~~~~~~~~~^^
  File "/data/data/com.termux/files/usr/lib/python3.14/site-packages/telebot/util.py", line 116, in raise_exceptions
    raise self.exception_info
  File "/data/data/com.termux/files/usr/lib/python3.14/site-packages/telebot/util.py", line 98, in run
    task(*args, **kwargs)
    ~~~~^^^^^^^^^^^^^^^^^
  File "/data/data/com.termux/files/usr/lib/python3.14/site-packages/telebot/__init__.py", line 691, in __retrieve_updates
    updates = self.get_updates(offset=(self.last_update_id + 1),
                               allowed_updates=allowed_updates,
                               timeout=timeout, long_polling_timeout=long_polling_timeout)
  File "/data/data/com.termux/files/usr/lib/python3.14/site-packages/telebot/__init__.py", line 663, in get_updates
    json_updates = apihelper.get_updates(
        self.token, offset=offset, limit=limit, timeout=timeout, allowed_updates=allowed_updates,
        long_polling_timeout=long_polling_timeout)
  File "/data/data/com.termux/files/usr/lib/python3.14/site-packages/telebot/apihelper.py", line 382, in get_updates
    return _make_request(token, method_url, params=payload)
  File "/data/data/com.termux/files/usr/lib/python3.14/site-packages/telebot/apihelper.py", line 162, in _make_request
    result = _get_req_session().request(
        method, request_url, params=params, files=files,
        timeout=(connect_timeout, read_timeout), proxies=proxy)
  File "/data/data/com.termux/files/usr/lib/python3.14/site-packages/requests/sessions.py", line 651, in request
    resp = self.send(prep, **send_kwargs)
  File "/data/data/com.termux/files/usr/lib/python3.14/site-packages/requests/sessions.py", line 784, in send
    r = adapter.send(request, **kwargs)
  File "/data/data/com.termux/files/usr/lib/python3.14/site-packages/requests/adapters.py", line 729, in send
    raise ConnectionError(e, request=request)
requests.exceptions.ConnectionError: HTTPSConnectionPool(host='api.telegram.org', port=443): Max retries exceeded with url: /bot8815900502:***********************************/getUpdates?offset=424131578&timeout=20 (Caused by NewConnectionError("HTTPSConnection(host='api.telegram.org', port=443): Failed to establish a new connection: [Errno 101] Network is unreachable"))
"
2026-09-27 08:51:18,559 (__init__.py:1154 TelegramBotPoll) ERROR - TeleBot: "Infinity polling exception: HTTPSConnectionPool(host='api.telegram.org', port=443): Max retries exceeded with url: /bot8815900502:***********************************/getUpdates?offset=424131578&timeout=20 (Caused by NewConnectionError("HTTPSConnection(host='api.telegram.org', port=443): Failed to establish a new connection: [Errno 101] Network is unreachable"))"
2026-09-27 08:51:18,596 (__init__.py:1156 TelegramBotPoll) ERROR - TeleBot: "Exception traceback:
Traceback (most recent call last):
  File "/data/data/com.termux/files/usr/lib/python3.14/site-packages/urllib3/connection.py", line 239, in _new_conn
    sock = connection.create_connection(
        (self._dns_host, self.port),
    ...<2 lines>...
        socket_options=self.socket_options,
    )
  File "/data/data/com.termux/files/usr/lib/python3.14/site-packages/urllib3/util/connection.py", line 85, in create_connection
    raise err
  File "/data/data/com.termux/files/usr/lib/python3.14/site-packages/urllib3/util/connection.py", line 73, in create_connection
    sock.connect(sa)
    ~~~~~~~~~~~~^^^^
OSError: [Errno 101] Network is unreachable

The above exception was the direct cause of the following exception:

Traceback (most recent call last):
  File "/data/data/com.termux/files/usr/lib/python3.14/site-packages/urllib3/connectionpool.py", line 793, in urlopen
    response = self._make_request(
        conn,
    ...<10 lines>...
        **response_kw,
    )
  File "/data/data/com.termux/files/usr/lib/python3.14/site-packages/urllib3/connectionpool.py", line 494, in _make_request
    raise new_e
  File "/data/data/com.termux/files/usr/lib/python3.14/site-packages/urllib3/connectionpool.py", line 470, in _make_request
    self._validate_conn(conn)
    ~~~~~~~~~~~~~~~~~~~^^^^^^
  File "/data/data/com.termux/files/usr/lib/python3.14/site-packages/urllib3/connectionpool.py", line 1125, in _validate_conn
    conn.connect()
    ~~~~~~~~~~~~^^
  File "/data/data/com.termux/files/usr/lib/python3.14/site-packages/urllib3/connection.py", line 827, in connect
    self.sock = sock = self._new_conn()
                       ~~~~~~~~~~~~~~^^
  File "/data/data/com.termux/files/usr/lib/python3.14/site-packages/urllib3/connection.py", line 254, in _new_conn
    raise NewConnectionError(
        self, f"Failed to establish a new connection: {e}"
    ) from e
urllib3.exceptions.NewConnectionError: HTTPSConnection(host='api.telegram.org', port=443): Failed to establish a new connection: [Errno 101] Network is unreachable

The above exception was the direct cause of the following exception:

Traceback (most recent call last):
  File "/data/data/com.termux/files/usr/lib/python3.14/site-packages/requests/adapters.py", line 696, in send
    resp = conn.urlopen(
        method=request.method,
    ...<9 lines>...
        chunked=chunked,
    )
  File "/data/data/com.termux/files/usr/lib/python3.14/site-packages/urllib3/connectionpool.py", line 847, in urlopen
    retries = retries.increment(
        method, url, error=new_e, _pool=self, _stacktrace=sys.exc_info()[2]
    )
  File "/data/data/com.termux/files/usr/lib/python3.14/site-packages/urllib3/util/retry.py", line 555, in increment
    raise MaxRetryError(_pool, url, reason) from reason  # type: ignore[arg-type]
    ^^^^^^^^^^^^^^^^^^^^^^^^^^^^^^^^^^^^^^^^^^^^^^^^^^^
urllib3.exceptions.MaxRetryError: HTTPSConnectionPool(host='api.telegram.org', port=443): Max retries exceeded with url: /bot8815900502:***********************************/getUpdates?offset=424131578&timeout=20 (Caused by NewConnectionError("HTTPSConnection(host='api.telegram.org', port=443): Failed to establish a new connection: [Errno 101] Network is unreachable"))

During handling of the above exception, another exception occurred:

Traceback (most recent call last):
  File "/data/data/com.termux/files/usr/lib/python3.14/site-packages/telebot/__init__.py", line 1149, in infinity_polling
    self.polling(non_stop=True, timeout=timeout, long_polling_timeout=long_polling_timeout,
    ~~~~~~~~~~~~^^^^^^^^^^^^^^^^^^^^^^^^^^^^^^^^^^^^^^^^^^^^^^^^^^^^^^^^^^^^^^^^^^^^^^^^^^^
                 logger_level=logger_level, allowed_updates=allowed_updates, restart_on_change=False,
                 ^^^^^^^^^^^^^^^^^^^^^^^^^^^^^^^^^^^^^^^^^^^^^^^^^^^^^^^^^^^^^^^^^^^^^^^^^^^^^^^^^^^^
                 *args, **kwargs)
                 ^^^^^^^^^^^^^^^^
  File "/data/data/com.termux/files/usr/lib/python3.14/site-packages/telebot/__init__.py", line 1237, in polling
    self.__threaded_polling(non_stop=non_stop, interval=interval, timeout=timeout, long_polling_timeout=long_polling_timeout,
    ~~~~~~~~~~~~~~~~~~~~~~~^^^^^^^^^^^^^^^^^^^^^^^^^^^^^^^^^^^^^^^^^^^^^^^^^^^^^^^^^^^^^^^^^^^^^^^^^^^^^^^^^^^^^^^^^^^^^^^^^^
                            logger_level=logger_level, allowed_updates=allowed_updates)
                            ^^^^^^^^^^^^^^^^^^^^^^^^^^^^^^^^^^^^^^^^^^^^^^^^^^^^^^^^^^^
  File "/data/data/com.termux/files/usr/lib/python3.14/site-packages/telebot/__init__.py", line 1312, in __threaded_polling
    raise e
  File "/data/data/com.termux/files/usr/lib/python3.14/site-packages/telebot/__init__.py", line 1273, in __threaded_polling
    polling_thread.raise_exceptions()
    ~~~~~~~~~~~~~~~~~~~~~~~~~~~~~~~^^
  File "/data/data/com.termux/files/usr/lib/python3.14/site-packages/telebot/util.py", line 116, in raise_exceptions
    raise self.exception_info
  File "/data/data/com.termux/files/usr/lib/python3.14/site-packages/telebot/util.py", line 98, in run
    task(*args, **kwargs)
    ~~~~^^^^^^^^^^^^^^^^^
  File "/data/data/com.termux/files/usr/lib/python3.14/site-packages/telebot/__init__.py", line 691, in __retrieve_updates
    updates = self.get_updates(offset=(self.last_update_id + 1),
                               allowed_updates=allowed_updates,
                               timeout=timeout, long_polling_timeout=long_polling_timeout)
  File "/data/data/com.termux/files/usr/lib/python3.14/site-packages/telebot/__init__.py", line 663, in get_updates
    json_updates = apihelper.get_updates(
        self.token, offset=offset, limit=limit, timeout=timeout, allowed_updates=allowed_updates,
        long_polling_timeout=long_polling_timeout)
  File "/data/data/com.termux/files/usr/lib/python3.14/site-packages/telebot/apihelper.py", line 382, in get_updates
    return _make_request(token, method_url, params=payload)
  File "/data/data/com.termux/files/usr/lib/python3.14/site-packages/telebot/apihelper.py", line 162, in _make_request
    result = _get_req_session().request(
        method, request_url, params=params, files=files,
        timeout=(connect_timeout, read_timeout), proxies=proxy)
  File "/data/data/com.termux/files/usr/lib/python3.14/site-packages/requests/sessions.py", line 651, in request
    resp = self.send(prep, **send_kwargs)
  File "/data/data/com.termux/files/usr/lib/python3.14/site-packages/requests/sessions.py", line 784, in send
    r = adapter.send(request, **kwargs)
  File "/data/data/com.termux/files/usr/lib/python3.14/site-packages/requests/adapters.py", line 729, in send
    raise ConnectionError(e, request=request)
requests.exceptions.ConnectionError: HTTPSConnectionPool(host='api.telegram.org', port=443): Max retries exceeded with url: /bot8815900502:***********************************/getUpdates?offset=424131578&timeout=20 (Caused by NewConnectionError("HTTPSConnection(host='api.telegram.org', port=443): Failed to establish a new connection: [Errno 101] Network is unreachable"))
"
2026-09-27 08:51:41,655 (__init__.py:1154 TelegramBotPoll) ERROR - TeleBot: "Infinity polling exception: HTTPSConnectionPool(host='api.telegram.org', port=443): Max retries exceeded with url: /bot8815900502:***********************************/getUpdates?offset=424131578&timeout=20 (Caused by NewConnectionError("HTTPSConnection(host='api.telegram.org', port=443): Failed to establish a new connection: [Errno 101] Network is unreachable"))"
2026-09-27 08:51:41,689 (__init__.py:1156 TelegramBotPoll) ERROR - TeleBot: "Exception traceback:
Traceback (most recent call last):
  File "/data/data/com.termux/files/usr/lib/python3.14/site-packages/urllib3/connection.py", line 239, in _new_conn
    sock = connection.create_connection(
        (self._dns_host, self.port),
    ...<2 lines>...
        socket_options=self.socket_options,
    )
  File "/data/data/com.termux/files/usr/lib/python3.14/site-packages/urllib3/util/connection.py", line 85, in create_connection
    raise err
  File "/data/data/com.termux/files/usr/lib/python3.14/site-packages/urllib3/util/connection.py", line 73, in create_connection
    sock.connect(sa)
    ~~~~~~~~~~~~^^^^
OSError: [Errno 101] Network is unreachable

The above exception was the direct cause of the following exception:

Traceback (most recent call last):
  File "/data/data/com.termux/files/usr/lib/python3.14/site-packages/urllib3/connectionpool.py", line 793, in urlopen
    response = self._make_request(
        conn,
    ...<10 lines>...
        **response_kw,
    )
  File "/data/data/com.termux/files/usr/lib/python3.14/site-packages/urllib3/connectionpool.py", line 494, in _make_request
    raise new_e
  File "/data/data/com.termux/files/usr/lib/python3.14/site-packages/urllib3/connectionpool.py", line 470, in _make_request
    self._validate_conn(conn)
    ~~~~~~~~~~~~~~~~~~~^^^^^^
  File "/data/data/com.termux/files/usr/lib/python3.14/site-packages/urllib3/connectionpool.py", line 1125, in _validate_conn
    conn.connect()
    ~~~~~~~~~~~~^^
  File "/data/data/com.termux/files/usr/lib/python3.14/site-packages/urllib3/connection.py", line 827, in connect
    self.sock = sock = self._new_conn()
                       ~~~~~~~~~~~~~~^^
  File "/data/data/com.termux/files/usr/lib/python3.14/site-packages/urllib3/connection.py", line 254, in _new_conn
    raise NewConnectionError(
        self, f"Failed to establish a new connection: {e}"
    ) from e
urllib3.exceptions.NewConnectionError: HTTPSConnection(host='api.telegram.org', port=443): Failed to establish a new connection: [Errno 101] Network is unreachable

The above exception was the direct cause of the following exception:

Traceback (most recent call last):
  File "/data/data/com.termux/files/usr/lib/python3.14/site-packages/requests/adapters.py", line 696, in send
    resp = conn.urlopen(
        method=request.method,
    ...<9 lines>...
        chunked=chunked,
    )
  File "/data/data/com.termux/files/usr/lib/python3.14/site-packages/urllib3/connectionpool.py", line 847, in urlopen
    retries = retries.increment(
        method, url, error=new_e, _pool=self, _stacktrace=sys.exc_info()[2]
    )
  File "/data/data/com.termux/files/usr/lib/python3.14/site-packages/urllib3/util/retry.py", line 555, in increment
    raise MaxRetryError(_pool, url, reason) from reason  # type: ignore[arg-type]
    ^^^^^^^^^^^^^^^^^^^^^^^^^^^^^^^^^^^^^^^^^^^^^^^^^^^
urllib3.exceptions.MaxRetryError: HTTPSConnectionPool(host='api.telegram.org', port=443): Max retries exceeded with url: /bot8815900502:***********************************/getUpdates?offset=424131578&timeout=20 (Caused by NewConnectionError("HTTPSConnection(host='api.telegram.org', port=443): Failed to establish a new connection: [Errno 101] Network is unreachable"))

During handling of the above exception, another exception occurred:

Traceback (most recent call last):
  File "/data/data/com.termux/files/usr/lib/python3.14/site-packages/telebot/__init__.py", line 1149, in infinity_polling
    self.polling(non_stop=True, timeout=timeout, long_polling_timeout=long_polling_timeout,
    ~~~~~~~~~~~~^^^^^^^^^^^^^^^^^^^^^^^^^^^^^^^^^^^^^^^^^^^^^^^^^^^^^^^^^^^^^^^^^^^^^^^^^^^
                 logger_level=logger_level, allowed_updates=allowed_updates, restart_on_change=False,
                 ^^^^^^^^^^^^^^^^^^^^^^^^^^^^^^^^^^^^^^^^^^^^^^^^^^^^^^^^^^^^^^^^^^^^^^^^^^^^^^^^^^^^
                 *args, **kwargs)
                 ^^^^^^^^^^^^^^^^
  File "/data/data/com.termux/files/usr/lib/python3.14/site-packages/telebot/__init__.py", line 1237, in polling
    self.__threaded_polling(non_stop=non_stop, interval=interval, timeout=timeout, long_polling_timeout=long_polling_timeout,
    ~~~~~~~~~~~~~~~~~~~~~~~^^^^^^^^^^^^^^^^^^^^^^^^^^^^^^^^^^^^^^^^^^^^^^^^^^^^^^^^^^^^^^^^^^^^^^^^^^^^^^^^^^^^^^^^^^^^^^^^^^
                            logger_level=logger_level, allowed_updates=allowed_updates)
                            ^^^^^^^^^^^^^^^^^^^^^^^^^^^^^^^^^^^^^^^^^^^^^^^^^^^^^^^^^^^
  File "/data/data/com.termux/files/usr/lib/python3.14/site-packages/telebot/__init__.py", line 1312, in __threaded_polling
    raise e
  File "/data/data/com.termux/files/usr/lib/python3.14/site-packages/telebot/__init__.py", line 1273, in __threaded_polling
    polling_thread.raise_exceptions()
    ~~~~~~~~~~~~~~~~~~~~~~~~~~~~~~~^^
  File "/data/data/com.termux/files/usr/lib/python3.14/site-packages/telebot/util.py", line 116, in raise_exceptions
    raise self.exception_info
  File "/data/data/com.termux/files/usr/lib/python3.14/site-packages/telebot/util.py", line 98, in run
    task(*args, **kwargs)
    ~~~~^^^^^^^^^^^^^^^^^
  File "/data/data/com.termux/files/usr/lib/python3.14/site-packages/telebot/__init__.py", line 691, in __retrieve_updates
    updates = self.get_updates(offset=(self.last_update_id + 1),
                               allowed_updates=allowed_updates,
                               timeout=timeout, long_polling_timeout=long_polling_timeout)
  File "/data/data/com.termux/files/usr/lib/python3.14/site-packages/telebot/__init__.py", line 663, in get_updates
    json_updates = apihelper.get_updates(
        self.token, offset=offset, limit=limit, timeout=timeout, allowed_updates=allowed_updates,
        long_polling_timeout=long_polling_timeout)
  File "/data/data/com.termux/files/usr/lib/python3.14/site-packages/telebot/apihelper.py", line 382, in get_updates
    return _make_request(token, method_url, params=payload)
  File "/data/data/com.termux/files/usr/lib/python3.14/site-packages/telebot/apihelper.py", line 162, in _make_request
    result = _get_req_session().request(
        method, request_url, params=params, files=files,
        timeout=(connect_timeout, read_timeout), proxies=proxy)
  File "/data/data/com.termux/files/usr/lib/python3.14/site-packages/requests/sessions.py", line 651, in request
    resp = self.send(prep, **send_kwargs)
  File "/data/data/com.termux/files/usr/lib/python3.14/site-packages/requests/sessions.py", line 784, in send
    r = adapter.send(request, **kwargs)
  File "/data/data/com.termux/files/usr/lib/python3.14/site-packages/requests/adapters.py", line 729, in send
    raise ConnectionError(e, request=request)
requests.exceptions.ConnectionError: HTTPSConnectionPool(host='api.telegram.org', port=443): Max retries exceeded with url: /bot8815900502:***********************************/getUpdates?offset=424131578&timeout=20 (Caused by NewConnectionError("HTTPSConnection(host='api.telegram.org', port=443): Failed to establish a new connection: [Errno 101] Network is unreachable"))
"
2026-09-27 08:52:04,734 (__init__.py:1154 TelegramBotPoll) ERROR - TeleBot: "Infinity polling exception: HTTPSConnectionPool(host='api.telegram.org', port=443): Max retries exceeded with url: /bot8815900502:***********************************/getUpdates?offset=424131578&timeout=20 (Caused by NewConnectionError("HTTPSConnection(host='api.telegram.org', port=443): Failed to establish a new connection: [Errno 101] Network is unreachable"))"
2026-09-27 08:52:04,759 (__init__.py:1156 TelegramBotPoll) ERROR - TeleBot: "Exception traceback:
Traceback (most recent call last):
  File "/data/data/com.termux/files/usr/lib/python3.14/site-packages/urllib3/connection.py", line 239, in _new_conn
    sock = connection.create_connection(
        (self._dns_host, self.port),
    ...<2 lines>...
        socket_options=self.socket_options,
    )
  File "/data/data/com.termux/files/usr/lib/python3.14/site-packages/urllib3/util/connection.py", line 85, in create_connection
    raise err
  File "/data/data/com.termux/files/usr/lib/python3.14/site-packages/urllib3/util/connection.py", line 73, in create_connection
    sock.connect(sa)
    ~~~~~~~~~~~~^^^^
OSError: [Errno 101] Network is unreachable

The above exception was the direct cause of the following exception:

Traceback (most recent call last):
  File "/data/data/com.termux/files/usr/lib/python3.14/site-packages/urllib3/connectionpool.py", line 793, in urlopen
    response = self._make_request(
        conn,
    ...<10 lines>...
        **response_kw,
    )
  File "/data/data/com.termux/files/usr/lib/python3.14/site-packages/urllib3/connectionpool.py", line 494, in _make_request
    raise new_e
  File "/data/data/com.termux/files/usr/lib/python3.14/site-packages/urllib3/connectionpool.py", line 470, in _make_request
    self._validate_conn(conn)
    ~~~~~~~~~~~~~~~~~~~^^^^^^
  File "/data/data/com.termux/files/usr/lib/python3.14/site-packages/urllib3/connectionpool.py", line 1125, in _validate_conn
    conn.connect()
    ~~~~~~~~~~~~^^
  File "/data/data/com.termux/files/usr/lib/python3.14/site-packages/urllib3/connection.py", line 827, in connect
    self.sock = sock = self._new_conn()
                       ~~~~~~~~~~~~~~^^
  File "/data/data/com.termux/files/usr/lib/python3.14/site-packages/urllib3/connection.py", line 254, in _new_conn
    raise NewConnectionError(
        self, f"Failed to establish a new connection: {e}"
    ) from e
urllib3.exceptions.NewConnectionError: HTTPSConnection(host='api.telegram.org', port=443): Failed to establish a new connection: [Errno 101] Network is unreachable

The above exception was the direct cause of the following exception:

Traceback (most recent call last):
  File "/data/data/com.termux/files/usr/lib/python3.14/site-packages/requests/adapters.py", line 696, in send
    resp = conn.urlopen(
        method=request.method,
    ...<9 lines>...
        chunked=chunked,
    )
  File "/data/data/com.termux/files/usr/lib/python3.14/site-packages/urllib3/connectionpool.py", line 847, in urlopen
    retries = retries.increment(
        method, url, error=new_e, _pool=self, _stacktrace=sys.exc_info()[2]
    )
  File "/data/data/com.termux/files/usr/lib/python3.14/site-packages/urllib3/util/retry.py", line 555, in increment
    raise MaxRetryError(_pool, url, reason) from reason  # type: ignore[arg-type]
    ^^^^^^^^^^^^^^^^^^^^^^^^^^^^^^^^^^^^^^^^^^^^^^^^^^^
urllib3.exceptions.MaxRetryError: HTTPSConnectionPool(host='api.telegram.org', port=443): Max retries exceeded with url: /bot8815900502:***********************************/getUpdates?offset=424131578&timeout=20 (Caused by NewConnectionError("HTTPSConnection(host='api.telegram.org', port=443): Failed to establish a new connection: [Errno 101] Network is unreachable"))

During handling of the above exception, another exception occurred:

Traceback (most recent call last):
  File "/data/data/com.termux/files/usr/lib/python3.14/site-packages/telebot/__init__.py", line 1149, in infinity_polling
    self.polling(non_stop=True, timeout=timeout, long_polling_timeout=long_polling_timeout,
    ~~~~~~~~~~~~^^^^^^^^^^^^^^^^^^^^^^^^^^^^^^^^^^^^^^^^^^^^^^^^^^^^^^^^^^^^^^^^^^^^^^^^^^^
                 logger_level=logger_level, allowed_updates=allowed_updates, restart_on_change=False,
                 ^^^^^^^^^^^^^^^^^^^^^^^^^^^^^^^^^^^^^^^^^^^^^^^^^^^^^^^^^^^^^^^^^^^^^^^^^^^^^^^^^^^^
                 *args, **kwargs)
                 ^^^^^^^^^^^^^^^^
  File "/data/data/com.termux/files/usr/lib/python3.14/site-packages/telebot/__init__.py", line 1237, in polling
    self.__threaded_polling(non_stop=non_stop, interval=interval, timeout=timeout, long_polling_timeout=long_polling_timeout,
    ~~~~~~~~~~~~~~~~~~~~~~~^^^^^^^^^^^^^^^^^^^^^^^^^^^^^^^^^^^^^^^^^^^^^^^^^^^^^^^^^^^^^^^^^^^^^^^^^^^^^^^^^^^^^^^^^^^^^^^^^^
                            logger_level=logger_level, allowed_updates=allowed_updates)
                            ^^^^^^^^^^^^^^^^^^^^^^^^^^^^^^^^^^^^^^^^^^^^^^^^^^^^^^^^^^^
  File "/data/data/com.termux/files/usr/lib/python3.14/site-packages/telebot/__init__.py", line 1312, in __threaded_polling
    raise e
  File "/data/data/com.termux/files/usr/lib/python3.14/site-packages/telebot/__init__.py", line 1273, in __threaded_polling
    polling_thread.raise_exceptions()
    ~~~~~~~~~~~~~~~~~~~~~~~~~~~~~~~^^
  File "/data/data/com.termux/files/usr/lib/python3.14/site-packages/telebot/util.py", line 116, in raise_exceptions
    raise self.exception_info
  File "/data/data/com.termux/files/usr/lib/python3.14/site-packages/telebot/util.py", line 98, in run
    task(*args, **kwargs)
    ~~~~^^^^^^^^^^^^^^^^^
  File "/data/data/com.termux/files/usr/lib/python3.14/site-packages/telebot/__init__.py", line 691, in __retrieve_updates
    updates = self.get_updates(offset=(self.last_update_id + 1),
                               allowed_updates=allowed_updates,
                               timeout=timeout, long_polling_timeout=long_polling_timeout)
  File "/data/data/com.termux/files/usr/lib/python3.14/site-packages/telebot/__init__.py", line 663, in get_updates
    json_updates = apihelper.get_updates(
        self.token, offset=offset, limit=limit, timeout=timeout, allowed_updates=allowed_updates,
        long_polling_timeout=long_polling_timeout)
  File "/data/data/com.termux/files/usr/lib/python3.14/site-packages/telebot/apihelper.py", line 382, in get_updates
    return _make_request(token, method_url, params=payload)
  File "/data/data/com.termux/files/usr/lib/python3.14/site-packages/telebot/apihelper.py", line 162, in _make_request
    result = _get_req_session().request(
        method, request_url, params=params, files=files,
        timeout=(connect_timeout, read_timeout), proxies=proxy)
  File "/data/data/com.termux/files/usr/lib/python3.14/site-packages/requests/sessions.py", line 651, in request
    resp = self.send(prep, **send_kwargs)
  File "/data/data/com.termux/files/usr/lib/python3.14/site-packages/requests/sessions.py", line 784, in send
    r = adapter.send(request, **kwargs)
  File "/data/data/com.termux/files/usr/lib/python3.14/site-packages/requests/adapters.py", line 729, in send
    raise ConnectionError(e, request=request)
requests.exceptions.ConnectionError: HTTPSConnectionPool(host='api.telegram.org', port=443): Max retries exceeded with url: /bot8815900502:***********************************/getUpdates?offset=424131578&timeout=20 (Caused by NewConnectionError("HTTPSConnection(host='api.telegram.org', port=443): Failed to establish a new connection: [Errno 101] Network is unreachable"))
"
2026-09-27 08:52:27,862 (__init__.py:1154 TelegramBotPoll) ERROR - TeleBot: "Infinity polling exception: HTTPSConnectionPool(host='api.telegram.org', port=443): Max retries exceeded with url: /bot8815900502:***********************************/getUpdates?offset=424131578&timeout=20 (Caused by NewConnectionError("HTTPSConnection(host='api.telegram.org', port=443): Failed to establish a new connection: [Errno 101] Network is unreachable"))"
2026-09-27 08:52:27,889 (__init__.py:1156 TelegramBotPoll) ERROR - TeleBot: "Exception traceback:
Traceback (most recent call last):
  File "/data/data/com.termux/files/usr/lib/python3.14/site-packages/urllib3/connection.py", line 239, in _new_conn
    sock = connection.create_connection(
        (self._dns_host, self.port),
    ...<2 lines>...
        socket_options=self.socket_options,
    )
  File "/data/data/com.termux/files/usr/lib/python3.14/site-packages/urllib3/util/connection.py", line 85, in create_connection
    raise err
  File "/data/data/com.termux/files/usr/lib/python3.14/site-packages/urllib3/util/connection.py", line 73, in create_connection
    sock.connect(sa)
    ~~~~~~~~~~~~^^^^
OSError: [Errno 101] Network is unreachable

The above exception was the direct cause of the following exception:

Traceback (most recent call last):
  File "/data/data/com.termux/files/usr/lib/python3.14/site-packages/urllib3/connectionpool.py", line 793, in urlopen
    response = self._make_request(
        conn,
    ...<10 lines>...
        **response_kw,
    )
  File "/data/data/com.termux/files/usr/lib/python3.14/site-packages/urllib3/connectionpool.py", line 494, in _make_request
    raise new_e
  File "/data/data/com.termux/files/usr/lib/python3.14/site-packages/urllib3/connectionpool.py", line 470, in _make_request
    self._validate_conn(conn)
    ~~~~~~~~~~~~~~~~~~~^^^^^^
  File "/data/data/com.termux/files/usr/lib/python3.14/site-packages/urllib3/connectionpool.py", line 1125, in _validate_conn
    conn.connect()
    ~~~~~~~~~~~~^^
  File "/data/data/com.termux/files/usr/lib/python3.14/site-packages/urllib3/connection.py", line 827, in connect
    self.sock = sock = self._new_conn()
                       ~~~~~~~~~~~~~~^^
  File "/data/data/com.termux/files/usr/lib/python3.14/site-packages/urllib3/connection.py", line 254, in _new_conn
    raise NewConnectionError(
        self, f"Failed to establish a new connection: {e}"
    ) from e
urllib3.exceptions.NewConnectionError: HTTPSConnection(host='api.telegram.org', port=443): Failed to establish a new connection: [Errno 101] Network is unreachable

The above exception was the direct cause of the following exception:

Traceback (most recent call last):
  File "/data/data/com.termux/files/usr/lib/python3.14/site-packages/requests/adapters.py", line 696, in send
    resp = conn.urlopen(
        method=request.method,
    ...<9 lines>...
        chunked=chunked,
    )
  File "/data/data/com.termux/files/usr/lib/python3.14/site-packages/urllib3/connectionpool.py", line 847, in urlopen
    retries = retries.increment(
        method, url, error=new_e, _pool=self, _stacktrace=sys.exc_info()[2]
    )
  File "/data/data/com.termux/files/usr/lib/python3.14/site-packages/urllib3/util/retry.py", line 555, in increment
    raise MaxRetryError(_pool, url, reason) from reason  # type: ignore[arg-type]
    ^^^^^^^^^^^^^^^^^^^^^^^^^^^^^^^^^^^^^^^^^^^^^^^^^^^
urllib3.exceptions.MaxRetryError: HTTPSConnectionPool(host='api.telegram.org', port=443): Max retries exceeded with url: /bot8815900502:***********************************/getUpdates?offset=424131578&timeout=20 (Caused by NewConnectionError("HTTPSConnection(host='api.telegram.org', port=443): Failed to establish a new connection: [Errno 101] Network is unreachable"))

During handling of the above exception, another exception occurred:

Traceback (most recent call last):
  File "/data/data/com.termux/files/usr/lib/python3.14/site-packages/telebot/__init__.py", line 1149, in infinity_polling
    self.polling(non_stop=True, timeout=timeout, long_polling_timeout=long_polling_timeout,
    ~~~~~~~~~~~~^^^^^^^^^^^^^^^^^^^^^^^^^^^^^^^^^^^^^^^^^^^^^^^^^^^^^^^^^^^^^^^^^^^^^^^^^^^
                 logger_level=logger_level, allowed_updates=allowed_updates, restart_on_change=False,
                 ^^^^^^^^^^^^^^^^^^^^^^^^^^^^^^^^^^^^^^^^^^^^^^^^^^^^^^^^^^^^^^^^^^^^^^^^^^^^^^^^^^^^
                 *args, **kwargs)
                 ^^^^^^^^^^^^^^^^
  File "/data/data/com.termux/files/usr/lib/python3.14/site-packages/telebot/__init__.py", line 1237, in polling
    self.__threaded_polling(non_stop=non_stop, interval=interval, timeout=timeout, long_polling_timeout=long_polling_timeout,
    ~~~~~~~~~~~~~~~~~~~~~~~^^^^^^^^^^^^^^^^^^^^^^^^^^^^^^^^^^^^^^^^^^^^^^^^^^^^^^^^^^^^^^^^^^^^^^^^^^^^^^^^^^^^^^^^^^^^^^^^^^
                            logger_level=logger_level, allowed_updates=allowed_updates)
                            ^^^^^^^^^^^^^^^^^^^^^^^^^^^^^^^^^^^^^^^^^^^^^^^^^^^^^^^^^^^
  File "/data/data/com.termux/files/usr/lib/python3.14/site-packages/telebot/__init__.py", line 1312, in __threaded_polling
    raise e
  File "/data/data/com.termux/files/usr/lib/python3.14/site-packages/telebot/__init__.py", line 1273, in __threaded_polling
    polling_thread.raise_exceptions()
    ~~~~~~~~~~~~~~~~~~~~~~~~~~~~~~~^^
  File "/data/data/com.termux/files/usr/lib/python3.14/site-packages/telebot/util.py", line 116, in raise_exceptions
    raise self.exception_info
  File "/data/data/com.termux/files/usr/lib/python3.14/site-packages/telebot/util.py", line 98, in run
    task(*args, **kwargs)
    ~~~~^^^^^^^^^^^^^^^^^
  File "/data/data/com.termux/files/usr/lib/python3.14/site-packages/telebot/__init__.py", line 691, in __retrieve_updates
    updates = self.get_updates(offset=(self.last_update_id + 1),
                               allowed_updates=allowed_updates,
                               timeout=timeout, long_polling_timeout=long_polling_timeout)
  File "/data/data/com.termux/files/usr/lib/python3.14/site-packages/telebot/__init__.py", line 663, in get_updates
    json_updates = apihelper.get_updates(
        self.token, offset=offset, limit=limit, timeout=timeout, allowed_updates=allowed_updates,
        long_polling_timeout=long_polling_timeout)
  File "/data/data/com.termux/files/usr/lib/python3.14/site-packages/telebot/apihelper.py", line 382, in get_updates
    return _make_request(token, method_url, params=payload)
  File "/data/data/com.termux/files/usr/lib/python3.14/site-packages/telebot/apihelper.py", line 162, in _make_request
    result = _get_req_session().request(
        method, request_url, params=params, files=files,
        timeout=(connect_timeout, read_timeout), proxies=proxy)
  File "/data/data/com.termux/files/usr/lib/python3.14/site-packages/requests/sessions.py", line 651, in request
    resp = self.send(prep, **send_kwargs)
  File "/data/data/com.termux/files/usr/lib/python3.14/site-packages/requests/sessions.py", line 784, in send
    r = adapter.send(request, **kwargs)
  File "/data/data/com.termux/files/usr/lib/python3.14/site-packages/requests/adapters.py", line 729, in send
    raise ConnectionError(e, request=request)
requests.exceptions.ConnectionError: HTTPSConnectionPool(host='api.telegram.org', port=443): Max retries exceeded with url: /bot8815900502:***********************************/getUpdates?offset=424131578&timeout=20 (Caused by NewConnectionError("HTTPSConnection(host='api.telegram.org', port=443): Failed to establish a new connection: [Errno 101] Network is unreachable"))
"
2026-09-27 08:52:50,947 (__init__.py:1154 TelegramBotPoll) ERROR - TeleBot: "Infinity polling exception: HTTPSConnectionPool(host='api.telegram.org', port=443): Max retries exceeded with url: /bot8815900502:***********************************/getUpdates?offset=424131578&timeout=20 (Caused by NewConnectionError("HTTPSConnection(host='api.telegram.org', port=443): Failed to establish a new connection: [Errno 101] Network is unreachable"))"
2026-09-27 08:52:50,977 (__init__.py:1156 TelegramBotPoll) ERROR - TeleBot: "Exception traceback:
Traceback (most recent call last):
  File "/data/data/com.termux/files/usr/lib/python3.14/site-packages/urllib3/connection.py", line 239, in _new_conn
    sock = connection.create_connection(
        (self._dns_host, self.port),
    ...<2 lines>...
        socket_options=self.socket_options,
    )
  File "/data/data/com.termux/files/usr/lib/python3.14/site-packages/urllib3/util/connection.py", line 85, in create_connection
    raise err
  File "/data/data/com.termux/files/usr/lib/python3.14/site-packages/urllib3/util/connection.py", line 73, in create_connection
    sock.connect(sa)
    ~~~~~~~~~~~~^^^^
OSError: [Errno 101] Network is unreachable

The above exception was the direct cause of the following exception:

Traceback (most recent call last):
  File "/data/data/com.termux/files/usr/lib/python3.14/site-packages/urllib3/connectionpool.py", line 793, in urlopen
    response = self._make_request(
        conn,
    ...<10 lines>...
        **response_kw,
    )
  File "/data/data/com.termux/files/usr/lib/python3.14/site-packages/urllib3/connectionpool.py", line 494, in _make_request
    raise new_e
  File "/data/data/com.termux/files/usr/lib/python3.14/site-packages/urllib3/connectionpool.py", line 470, in _make_request
    self._validate_conn(conn)
    ~~~~~~~~~~~~~~~~~~~^^^^^^
  File "/data/data/com.termux/files/usr/lib/python3.14/site-packages/urllib3/connectionpool.py", line 1125, in _validate_conn
    conn.connect()
    ~~~~~~~~~~~~^^
  File "/data/data/com.termux/files/usr/lib/python3.14/site-packages/urllib3/connection.py", line 827, in connect
    self.sock = sock = self._new_conn()
                       ~~~~~~~~~~~~~~^^
  File "/data/data/com.termux/files/usr/lib/python3.14/site-packages/urllib3/connection.py", line 254, in _new_conn
    raise NewConnectionError(
        self, f"Failed to establish a new connection: {e}"
    ) from e
urllib3.exceptions.NewConnectionError: HTTPSConnection(host='api.telegram.org', port=443): Failed to establish a new connection: [Errno 101] Network is unreachable

The above exception was the direct cause of the following exception:

Traceback (most recent call last):
  File "/data/data/com.termux/files/usr/lib/python3.14/site-packages/requests/adapters.py", line 696, in send
    resp = conn.urlopen(
        method=request.method,
    ...<9 lines>...
        chunked=chunked,
    )
  File "/data/data/com.termux/files/usr/lib/python3.14/site-packages/urllib3/connectionpool.py", line 847, in urlopen
    retries = retries.increment(
        method, url, error=new_e, _pool=self, _stacktrace=sys.exc_info()[2]
    )
  File "/data/data/com.termux/files/usr/lib/python3.14/site-packages/urllib3/util/retry.py", line 555, in increment
    raise MaxRetryError(_pool, url, reason) from reason  # type: ignore[arg-type]
    ^^^^^^^^^^^^^^^^^^^^^^^^^^^^^^^^^^^^^^^^^^^^^^^^^^^
urllib3.exceptions.MaxRetryError: HTTPSConnectionPool(host='api.telegram.org', port=443): Max retries exceeded with url: /bot8815900502:***********************************/getUpdates?offset=424131578&timeout=20 (Caused by NewConnectionError("HTTPSConnection(host='api.telegram.org', port=443): Failed to establish a new connection: [Errno 101] Network is unreachable"))

During handling of the above exception, another exception occurred:

Traceback (most recent call last):
  File "/data/data/com.termux/files/usr/lib/python3.14/site-packages/telebot/__init__.py", line 1149, in infinity_polling
    self.polling(non_stop=True, timeout=timeout, long_polling_timeout=long_polling_timeout,
    ~~~~~~~~~~~~^^^^^^^^^^^^^^^^^^^^^^^^^^^^^^^^^^^^^^^^^^^^^^^^^^^^^^^^^^^^^^^^^^^^^^^^^^^
                 logger_level=logger_level, allowed_updates=allowed_updates, restart_on_change=False,
                 ^^^^^^^^^^^^^^^^^^^^^^^^^^^^^^^^^^^^^^^^^^^^^^^^^^^^^^^^^^^^^^^^^^^^^^^^^^^^^^^^^^^^
                 *args, **kwargs)
                 ^^^^^^^^^^^^^^^^
  File "/data/data/com.termux/files/usr/lib/python3.14/site-packages/telebot/__init__.py", line 1237, in polling
    self.__threaded_polling(non_stop=non_stop, interval=interval, timeout=timeout, long_polling_timeout=long_polling_timeout,
    ~~~~~~~~~~~~~~~~~~~~~~~^^^^^^^^^^^^^^^^^^^^^^^^^^^^^^^^^^^^^^^^^^^^^^^^^^^^^^^^^^^^^^^^^^^^^^^^^^^^^^^^^^^^^^^^^^^^^^^^^^
                            logger_level=logger_level, allowed_updates=allowed_updates)
                            ^^^^^^^^^^^^^^^^^^^^^^^^^^^^^^^^^^^^^^^^^^^^^^^^^^^^^^^^^^^
  File "/data/data/com.termux/files/usr/lib/python3.14/site-packages/telebot/__init__.py", line 1312, in __threaded_polling
    raise e
  File "/data/data/com.termux/files/usr/lib/python3.14/site-packages/telebot/__init__.py", line 1273, in __threaded_polling
    polling_thread.raise_exceptions()
    ~~~~~~~~~~~~~~~~~~~~~~~~~~~~~~~^^
  File "/data/data/com.termux/files/usr/lib/python3.14/site-packages/telebot/util.py", line 116, in raise_exceptions
    raise self.exception_info
  File "/data/data/com.termux/files/usr/lib/python3.14/site-packages/telebot/util.py", line 98, in run
    task(*args, **kwargs)
    ~~~~^^^^^^^^^^^^^^^^^
  File "/data/data/com.termux/files/usr/lib/python3.14/site-packages/telebot/__init__.py", line 691, in __retrieve_updates
    updates = self.get_updates(offset=(self.last_update_id + 1),
                               allowed_updates=allowed_updates,
                               timeout=timeout, long_polling_timeout=long_polling_timeout)
  File "/data/data/com.termux/files/usr/lib/python3.14/site-packages/telebot/__init__.py", line 663, in get_updates
    json_updates = apihelper.get_updates(
        self.token, offset=offset, limit=limit, timeout=timeout, allowed_updates=allowed_updates,
        long_polling_timeout=long_polling_timeout)
  File "/data/data/com.termux/files/usr/lib/python3.14/site-packages/telebot/apihelper.py", line 382, in get_updates
    return _make_request(token, method_url, params=payload)
  File "/data/data/com.termux/files/usr/lib/python3.14/site-packages/telebot/apihelper.py", line 162, in _make_request
    result = _get_req_session().request(
        method, request_url, params=params, files=files,
        timeout=(connect_timeout, read_timeout), proxies=proxy)
  File "/data/data/com.termux/files/usr/lib/python3.14/site-packages/requests/sessions.py", line 651, in request
    resp = self.send(prep, **send_kwargs)
  File "/data/data/com.termux/files/usr/lib/python3.14/site-packages/requests/sessions.py", line 784, in send
    r = adapter.send(request, **kwargs)
  File "/data/data/com.termux/files/usr/lib/python3.14/site-packages/requests/adapters.py", line 729, in send
    raise ConnectionError(e, request=request)
requests.exceptions.ConnectionError: HTTPSConnectionPool(host='api.telegram.org', port=443): Max retries exceeded with url: /bot8815900502:***********************************/getUpdates?offset=424131578&timeout=20 (Caused by NewConnectionError("HTTPSConnection(host='api.telegram.org', port=443): Failed to establish a new connection: [Errno 101] Network is unreachable"))
"
2026-09-27 08:53:14,025 (__init__.py:1154 TelegramBotPoll) ERROR - TeleBot: "Infinity polling exception: HTTPSConnectionPool(host='api.telegram.org', port=443): Max retries exceeded with url: /bot8815900502:***********************************/getUpdates?offset=424131578&timeout=20 (Caused by NewConnectionError("HTTPSConnection(host='api.telegram.org', port=443): Failed to establish a new connection: [Errno 101] Network is unreachable"))"
2026-09-27 08:53:14,052 (__init__.py:1156 TelegramBotPoll) ERROR - TeleBot: "Exception traceback:
Traceback (most recent call last):
  File "/data/data/com.termux/files/usr/lib/python3.14/site-packages/urllib3/connection.py", line 239, in _new_conn
    sock = connection.create_connection(
        (self._dns_host, self.port),
    ...<2 lines>...
        socket_options=self.socket_options,
    )
  File "/data/data/com.termux/files/usr/lib/python3.14/site-packages/urllib3/util/connection.py", line 85, in create_connection
    raise err
  File "/data/data/com.termux/files/usr/lib/python3.14/site-packages/urllib3/util/connection.py", line 73, in create_connection
    sock.connect(sa)
    ~~~~~~~~~~~~^^^^
OSError: [Errno 101] Network is unreachable

The above exception was the direct cause of the following exception:

Traceback (most recent call last):
  File "/data/data/com.termux/files/usr/lib/python3.14/site-packages/urllib3/connectionpool.py", line 793, in urlopen
    response = self._make_request(
        conn,
    ...<10 lines>...
        **response_kw,
    )
  File "/data/data/com.termux/files/usr/lib/python3.14/site-packages/urllib3/connectionpool.py", line 494, in _make_request
    raise new_e
  File "/data/data/com.termux/files/usr/lib/python3.14/site-packages/urllib3/connectionpool.py", line 470, in _make_request
    self._validate_conn(conn)
    ~~~~~~~~~~~~~~~~~~~^^^^^^
  File "/data/data/com.termux/files/usr/lib/python3.14/site-packages/urllib3/connectionpool.py", line 1125, in _validate_conn
    conn.connect()
    ~~~~~~~~~~~~^^
  File "/data/data/com.termux/files/usr/lib/python3.14/site-packages/urllib3/connection.py", line 827, in connect
    self.sock = sock = self._new_conn()
                       ~~~~~~~~~~~~~~^^
  File "/data/data/com.termux/files/usr/lib/python3.14/site-packages/urllib3/connection.py", line 254, in _new_conn
    raise NewConnectionError(
        self, f"Failed to establish a new connection: {e}"
    ) from e
urllib3.exceptions.NewConnectionError: HTTPSConnection(host='api.telegram.org', port=443): Failed to establish a new connection: [Errno 101] Network is unreachable

The above exception was the direct cause of the following exception:

Traceback (most recent call last):
  File "/data/data/com.termux/files/usr/lib/python3.14/site-packages/requests/adapters.py", line 696, in send
    resp = conn.urlopen(
        method=request.method,
    ...<9 lines>...
        chunked=chunked,
    )
  File "/data/data/com.termux/files/usr/lib/python3.14/site-packages/urllib3/connectionpool.py", line 847, in urlopen
    retries = retries.increment(
        method, url, error=new_e, _pool=self, _stacktrace=sys.exc_info()[2]
    )
  File "/data/data/com.termux/files/usr/lib/python3.14/site-packages/urllib3/util/retry.py", line 555, in increment
    raise MaxRetryError(_pool, url, reason) from reason  # type: ignore[arg-type]
    ^^^^^^^^^^^^^^^^^^^^^^^^^^^^^^^^^^^^^^^^^^^^^^^^^^^
urllib3.exceptions.MaxRetryError: HTTPSConnectionPool(host='api.telegram.org', port=443): Max retries exceeded with url: /bot8815900502:***********************************/getUpdates?offset=424131578&timeout=20 (Caused by NewConnectionError("HTTPSConnection(host='api.telegram.org', port=443): Failed to establish a new connection: [Errno 101] Network is unreachable"))

During handling of the above exception, another exception occurred:

Traceback (most recent call last):
  File "/data/data/com.termux/files/usr/lib/python3.14/site-packages/telebot/__init__.py", line 1149, in infinity_polling
    self.polling(non_stop=True, timeout=timeout, long_polling_timeout=long_polling_timeout,
    ~~~~~~~~~~~~^^^^^^^^^^^^^^^^^^^^^^^^^^^^^^^^^^^^^^^^^^^^^^^^^^^^^^^^^^^^^^^^^^^^^^^^^^^
                 logger_level=logger_level, allowed_updates=allowed_updates, restart_on_change=False,
                 ^^^^^^^^^^^^^^^^^^^^^^^^^^^^^^^^^^^^^^^^^^^^^^^^^^^^^^^^^^^^^^^^^^^^^^^^^^^^^^^^^^^^
                 *args, **kwargs)
                 ^^^^^^^^^^^^^^^^
  File "/data/data/com.termux/files/usr/lib/python3.14/site-packages/telebot/__init__.py", line 1237, in polling
    self.__threaded_polling(non_stop=non_stop, interval=interval, timeout=timeout, long_polling_timeout=long_polling_timeout,
    ~~~~~~~~~~~~~~~~~~~~~~~^^^^^^^^^^^^^^^^^^^^^^^^^^^^^^^^^^^^^^^^^^^^^^^^^^^^^^^^^^^^^^^^^^^^^^^^^^^^^^^^^^^^^^^^^^^^^^^^^^
                            logger_level=logger_level, allowed_updates=allowed_updates)
                            ^^^^^^^^^^^^^^^^^^^^^^^^^^^^^^^^^^^^^^^^^^^^^^^^^^^^^^^^^^^
  File "/data/data/com.termux/files/usr/lib/python3.14/site-packages/telebot/__init__.py", line 1312, in __threaded_polling
    raise e
  File "/data/data/com.termux/files/usr/lib/python3.14/site-packages/telebot/__init__.py", line 1273, in __threaded_polling
    polling_thread.raise_exceptions()
    ~~~~~~~~~~~~~~~~~~~~~~~~~~~~~~~^^
  File "/data/data/com.termux/files/usr/lib/python3.14/site-packages/telebot/util.py", line 116, in raise_exceptions
    raise self.exception_info
  File "/data/data/com.termux/files/usr/lib/python3.14/site-packages/telebot/util.py", line 98, in run
    task(*args, **kwargs)
    ~~~~^^^^^^^^^^^^^^^^^
  File "/data/data/com.termux/files/usr/lib/python3.14/site-packages/telebot/__init__.py", line 691, in __retrieve_updates
    updates = self.get_updates(offset=(self.last_update_id + 1),
                               allowed_updates=allowed_updates,
                               timeout=timeout, long_polling_timeout=long_polling_timeout)
  File "/data/data/com.termux/files/usr/lib/python3.14/site-packages/telebot/__init__.py", line 663, in get_updates
    json_updates = apihelper.get_updates(
        self.token, offset=offset, limit=limit, timeout=timeout, allowed_updates=allowed_updates,
        long_polling_timeout=long_polling_timeout)
  File "/data/data/com.termux/files/usr/lib/python3.14/site-packages/telebot/apihelper.py", line 382, in get_updates
    return _make_request(token, method_url, params=payload)
  File "/data/data/com.termux/files/usr/lib/python3.14/site-packages/telebot/apihelper.py", line 162, in _make_request
    result = _get_req_session().request(
        method, request_url, params=params, files=files,
        timeout=(connect_timeout, read_timeout), proxies=proxy)
  File "/data/data/com.termux/files/usr/lib/python3.14/site-packages/requests/sessions.py", line 651, in request
    resp = self.send(prep, **send_kwargs)
  File "/data/data/com.termux/files/usr/lib/python3.14/site-packages/requests/sessions.py", line 784, in send
    r = adapter.send(request, **kwargs)
  File "/data/data/com.termux/files/usr/lib/python3.14/site-packages/requests/adapters.py", line 729, in send
    raise ConnectionError(e, request=request)
requests.exceptions.ConnectionError: HTTPSConnectionPool(host='api.telegram.org', port=443): Max retries exceeded with url: /bot8815900502:***********************************/getUpdates?offset=424131578&timeout=20 (Caused by NewConnectionError("HTTPSConnection(host='api.telegram.org', port=443): Failed to establish a new connection: [Errno 101] Network is unreachable"))
"
2026-09-27 08:53:37,147 (__init__.py:1154 TelegramBotPoll) ERROR - TeleBot: "Infinity polling exception: HTTPSConnectionPool(host='api.telegram.org', port=443): Max retries exceeded with url: /bot8815900502:***********************************/getUpdates?offset=424131578&timeout=20 (Caused by NewConnectionError("HTTPSConnection(host='api.telegram.org', port=443): Failed to establish a new connection: [Errno 101] Network is unreachable"))"
2026-09-27 08:53:37,171 (__init__.py:1156 TelegramBotPoll) ERROR - TeleBot: "Exception traceback:
Traceback (most recent call last):
  File "/data/data/com.termux/files/usr/lib/python3.14/site-packages/urllib3/connection.py", line 239, in _new_conn
    sock = connection.create_connection(
        (self._dns_host, self.port),
    ...<2 lines>...
        socket_options=self.socket_options,
    )
  File "/data/data/com.termux/files/usr/lib/python3.14/site-packages/urllib3/util/connection.py", line 85, in create_connection
    raise err
  File "/data/data/com.termux/files/usr/lib/python3.14/site-packages/urllib3/util/connection.py", line 73, in create_connection
    sock.connect(sa)
    ~~~~~~~~~~~~^^^^
OSError: [Errno 101] Network is unreachable

The above exception was the direct cause of the following exception:

Traceback (most recent call last):
  File "/data/data/com.termux/files/usr/lib/python3.14/site-packages/urllib3/connectionpool.py", line 793, in urlopen
    response = self._make_request(
        conn,
    ...<10 lines>...
        **response_kw,
    )
  File "/data/data/com.termux/files/usr/lib/python3.14/site-packages/urllib3/connectionpool.py", line 494, in _make_request
    raise new_e
  File "/data/data/com.termux/files/usr/lib/python3.14/site-packages/urllib3/connectionpool.py", line 470, in _make_request
    self._validate_conn(conn)
    ~~~~~~~~~~~~~~~~~~~^^^^^^
  File "/data/data/com.termux/files/usr/lib/python3.14/site-packages/urllib3/connectionpool.py", line 1125, in _validate_conn
    conn.connect()
    ~~~~~~~~~~~~^^
  File "/data/data/com.termux/files/usr/lib/python3.14/site-packages/urllib3/connection.py", line 827, in connect
    self.sock = sock = self._new_conn()
                       ~~~~~~~~~~~~~~^^
  File "/data/data/com.termux/files/usr/lib/python3.14/site-packages/urllib3/connection.py", line 254, in _new_conn
    raise NewConnectionError(
        self, f"Failed to establish a new connection: {e}"
    ) from e
urllib3.exceptions.NewConnectionError: HTTPSConnection(host='api.telegram.org', port=443): Failed to establish a new connection: [Errno 101] Network is unreachable

The above exception was the direct cause of the following exception:

Traceback (most recent call last):
  File "/data/data/com.termux/files/usr/lib/python3.14/site-packages/requests/adapters.py", line 696, in send
    resp = conn.urlopen(
        method=request.method,
    ...<9 lines>...
        chunked=chunked,
    )
  File "/data/data/com.termux/files/usr/lib/python3.14/site-packages/urllib3/connectionpool.py", line 847, in urlopen
    retries = retries.increment(
        method, url, error=new_e, _pool=self, _stacktrace=sys.exc_info()[2]
    )
  File "/data/data/com.termux/files/usr/lib/python3.14/site-packages/urllib3/util/retry.py", line 555, in increment
    raise MaxRetryError(_pool, url, reason) from reason  # type: ignore[arg-type]
    ^^^^^^^^^^^^^^^^^^^^^^^^^^^^^^^^^^^^^^^^^^^^^^^^^^^
urllib3.exceptions.MaxRetryError: HTTPSConnectionPool(host='api.telegram.org', port=443): Max retries exceeded with url: /bot8815900502:***********************************/getUpdates?offset=424131578&timeout=20 (Caused by NewConnectionError("HTTPSConnection(host='api.telegram.org', port=443): Failed to establish a new connection: [Errno 101] Network is unreachable"))

During handling of the above exception, another exception occurred:

Traceback (most recent call last):
  File "/data/data/com.termux/files/usr/lib/python3.14/site-packages/telebot/__init__.py", line 1149, in infinity_polling
    self.polling(non_stop=True, timeout=timeout, long_polling_timeout=long_polling_timeout,
    ~~~~~~~~~~~~^^^^^^^^^^^^^^^^^^^^^^^^^^^^^^^^^^^^^^^^^^^^^^^^^^^^^^^^^^^^^^^^^^^^^^^^^^^
                 logger_level=logger_level, allowed_updates=allowed_updates, restart_on_change=False,
                 ^^^^^^^^^^^^^^^^^^^^^^^^^^^^^^^^^^^^^^^^^^^^^^^^^^^^^^^^^^^^^^^^^^^^^^^^^^^^^^^^^^^^
                 *args, **kwargs)
                 ^^^^^^^^^^^^^^^^
  File "/data/data/com.termux/files/usr/lib/python3.14/site-packages/telebot/__init__.py", line 1237, in polling
    self.__threaded_polling(non_stop=non_stop, interval=interval, timeout=timeout, long_polling_timeout=long_polling_timeout,
    ~~~~~~~~~~~~~~~~~~~~~~~^^^^^^^^^^^^^^^^^^^^^^^^^^^^^^^^^^^^^^^^^^^^^^^^^^^^^^^^^^^^^^^^^^^^^^^^^^^^^^^^^^^^^^^^^^^^^^^^^^
                            logger_level=logger_level, allowed_updates=allowed_updates)
                            ^^^^^^^^^^^^^^^^^^^^^^^^^^^^^^^^^^^^^^^^^^^^^^^^^^^^^^^^^^^
  File "/data/data/com.termux/files/usr/lib/python3.14/site-packages/telebot/__init__.py", line 1312, in __threaded_polling
    raise e
  File "/data/data/com.termux/files/usr/lib/python3.14/site-packages/telebot/__init__.py", line 1273, in __threaded_polling
    polling_thread.raise_exceptions()
    ~~~~~~~~~~~~~~~~~~~~~~~~~~~~~~~^^
  File "/data/data/com.termux/files/usr/lib/python3.14/site-packages/telebot/util.py", line 116, in raise_exceptions
    raise self.exception_info
  File "/data/data/com.termux/files/usr/lib/python3.14/site-packages/telebot/util.py", line 98, in run
    task(*args, **kwargs)
    ~~~~^^^^^^^^^^^^^^^^^
  File "/data/data/com.termux/files/usr/lib/python3.14/site-packages/telebot/__init__.py", line 691, in __retrieve_updates
    updates = self.get_updates(offset=(self.last_update_id + 1),
                               allowed_updates=allowed_updates,
                               timeout=timeout, long_polling_timeout=long_polling_timeout)
  File "/data/data/com.termux/files/usr/lib/python3.14/site-packages/telebot/__init__.py", line 663, in get_updates
    json_updates = apihelper.get_updates(
        self.token, offset=offset, limit=limit, timeout=timeout, allowed_updates=allowed_updates,
        long_polling_timeout=long_polling_timeout)
  File "/data/data/com.termux/files/usr/lib/python3.14/site-packages/telebot/apihelper.py", line 382, in get_updates
    return _make_request(token, method_url, params=payload)
  File "/data/data/com.termux/files/usr/lib/python3.14/site-packages/telebot/apihelper.py", line 162, in _make_request
    result = _get_req_session().request(
        method, request_url, params=params, files=files,
        timeout=(connect_timeout, read_timeout), proxies=proxy)
  File "/data/data/com.termux/files/usr/lib/python3.14/site-packages/requests/sessions.py", line 651, in request
    resp = self.send(prep, **send_kwargs)
  File "/data/data/com.termux/files/usr/lib/python3.14/site-packages/requests/sessions.py", line 784, in send
    r = adapter.send(request, **kwargs)
  File "/data/data/com.termux/files/usr/lib/python3.14/site-packages/requests/adapters.py", line 729, in send
    raise ConnectionError(e, request=request)
requests.exceptions.ConnectionError: HTTPSConnectionPool(host='api.telegram.org', port=443): Max retries exceeded with url: /bot8815900502:***********************************/getUpdates?offset=424131578&timeout=20 (Caused by NewConnectionError("HTTPSConnection(host='api.telegram.org', port=443): Failed to establish a new connection: [Errno 101] Network is unreachable"))
"
2026-09-27 08:54:00,217 (__init__.py:1154 TelegramBotPoll) ERROR - TeleBot: "Infinity polling exception: HTTPSConnectionPool(host='api.telegram.org', port=443): Max retries exceeded with url: /bot8815900502:***********************************/getUpdates?offset=424131578&timeout=20 (Caused by NewConnectionError("HTTPSConnection(host='api.telegram.org', port=443): Failed to establish a new connection: [Errno 101] Network is unreachable"))"
2026-09-27 08:54:00,254 (__init__.py:1156 TelegramBotPoll) ERROR - TeleBot: "Exception traceback:
Traceback (most recent call last):
  File "/data/data/com.termux/files/usr/lib/python3.14/site-packages/urllib3/connection.py", line 239, in _new_conn
    sock = connection.create_connection(
        (self._dns_host, self.port),
    ...<2 lines>...
        socket_options=self.socket_options,
    )
  File "/data/data/com.termux/files/usr/lib/python3.14/site-packages/urllib3/util/connection.py", line 85, in create_connection
    raise err
  File "/data/data/com.termux/files/usr/lib/python3.14/site-packages/urllib3/util/connection.py", line 73, in create_connection
    sock.connect(sa)
    ~~~~~~~~~~~~^^^^
OSError: [Errno 101] Network is unreachable

The above exception was the direct cause of the following exception:

Traceback (most recent call last):
  File "/data/data/com.termux/files/usr/lib/python3.14/site-packages/urllib3/connectionpool.py", line 793, in urlopen
    response = self._make_request(
        conn,
    ...<10 lines>...
        **response_kw,
    )
  File "/data/data/com.termux/files/usr/lib/python3.14/site-packages/urllib3/connectionpool.py", line 494, in _make_request
    raise new_e
  File "/data/data/com.termux/files/usr/lib/python3.14/site-packages/urllib3/connectionpool.py", line 470, in _make_request
    self._validate_conn(conn)
    ~~~~~~~~~~~~~~~~~~~^^^^^^
  File "/data/data/com.termux/files/usr/lib/python3.14/site-packages/urllib3/connectionpool.py", line 1125, in _validate_conn
    conn.connect()
    ~~~~~~~~~~~~^^
  File "/data/data/com.termux/files/usr/lib/python3.14/site-packages/urllib3/connection.py", line 827, in connect
    self.sock = sock = self._new_conn()
                       ~~~~~~~~~~~~~~^^
  File "/data/data/com.termux/files/usr/lib/python3.14/site-packages/urllib3/connection.py", line 254, in _new_conn
    raise NewConnectionError(
        self, f"Failed to establish a new connection: {e}"
    ) from e
urllib3.exceptions.NewConnectionError: HTTPSConnection(host='api.telegram.org', port=443): Failed to establish a new connection: [Errno 101] Network is unreachable

The above exception was the direct cause of the following exception:

Traceback (most recent call last):
  File "/data/data/com.termux/files/usr/lib/python3.14/site-packages/requests/adapters.py", line 696, in send
    resp = conn.urlopen(
        method=request.method,
    ...<9 lines>...
        chunked=chunked,
    )
  File "/data/data/com.termux/files/usr/lib/python3.14/site-packages/urllib3/connectionpool.py", line 847, in urlopen
    retries = retries.increment(
        method, url, error=new_e, _pool=self, _stacktrace=sys.exc_info()[2]
    )
  File "/data/data/com.termux/files/usr/lib/python3.14/site-packages/urllib3/util/retry.py", line 555, in increment
    raise MaxRetryError(_pool, url, reason) from reason  # type: ignore[arg-type]
    ^^^^^^^^^^^^^^^^^^^^^^^^^^^^^^^^^^^^^^^^^^^^^^^^^^^
urllib3.exceptions.MaxRetryError: HTTPSConnectionPool(host='api.telegram.org', port=443): Max retries exceeded with url: /bot8815900502:***********************************/getUpdates?offset=424131578&timeout=20 (Caused by NewConnectionError("HTTPSConnection(host='api.telegram.org', port=443): Failed to establish a new connection: [Errno 101] Network is unreachable"))

During handling of the above exception, another exception occurred:

Traceback (most recent call last):
  File "/data/data/com.termux/files/usr/lib/python3.14/site-packages/telebot/__init__.py", line 1149, in infinity_polling
    self.polling(non_stop=True, timeout=timeout, long_polling_timeout=long_polling_timeout,
    ~~~~~~~~~~~~^^^^^^^^^^^^^^^^^^^^^^^^^^^^^^^^^^^^^^^^^^^^^^^^^^^^^^^^^^^^^^^^^^^^^^^^^^^
                 logger_level=logger_level, allowed_updates=allowed_updates, restart_on_change=False,
                 ^^^^^^^^^^^^^^^^^^^^^^^^^^^^^^^^^^^^^^^^^^^^^^^^^^^^^^^^^^^^^^^^^^^^^^^^^^^^^^^^^^^^
                 *args, **kwargs)
                 ^^^^^^^^^^^^^^^^
  File "/data/data/com.termux/files/usr/lib/python3.14/site-packages/telebot/__init__.py", line 1237, in polling
    self.__threaded_polling(non_stop=non_stop, interval=interval, timeout=timeout, long_polling_timeout=long_polling_timeout,
    ~~~~~~~~~~~~~~~~~~~~~~~^^^^^^^^^^^^^^^^^^^^^^^^^^^^^^^^^^^^^^^^^^^^^^^^^^^^^^^^^^^^^^^^^^^^^^^^^^^^^^^^^^^^^^^^^^^^^^^^^^
                            logger_level=logger_level, allowed_updates=allowed_updates)
                            ^^^^^^^^^^^^^^^^^^^^^^^^^^^^^^^^^^^^^^^^^^^^^^^^^^^^^^^^^^^
  File "/data/data/com.termux/files/usr/lib/python3.14/site-packages/telebot/__init__.py", line 1312, in __threaded_polling
    raise e
  File "/data/data/com.termux/files/usr/lib/python3.14/site-packages/telebot/__init__.py", line 1273, in __threaded_polling
    polling_thread.raise_exceptions()
    ~~~~~~~~~~~~~~~~~~~~~~~~~~~~~~~^^
  File "/data/data/com.termux/files/usr/lib/python3.14/site-packages/telebot/util.py", line 116, in raise_exceptions
    raise self.exception_info
  File "/data/data/com.termux/files/usr/lib/python3.14/site-packages/telebot/util.py", line 98, in run
    task(*args, **kwargs)
    ~~~~^^^^^^^^^^^^^^^^^
  File "/data/data/com.termux/files/usr/lib/python3.14/site-packages/telebot/__init__.py", line 691, in __retrieve_updates
    updates = self.get_updates(offset=(self.last_update_id + 1),
                               allowed_updates=allowed_updates,
                               timeout=timeout, long_polling_timeout=long_polling_timeout)
  File "/data/data/com.termux/files/usr/lib/python3.14/site-packages/telebot/__init__.py", line 663, in get_updates
    json_updates = apihelper.get_updates(
        self.token, offset=offset, limit=limit, timeout=timeout, allowed_updates=allowed_updates,
        long_polling_timeout=long_polling_timeout)
  File "/data/data/com.termux/files/usr/lib/python3.14/site-packages/telebot/apihelper.py", line 382, in get_updates
    return _make_request(token, method_url, params=payload)
  File "/data/data/com.termux/files/usr/lib/python3.14/site-packages/telebot/apihelper.py", line 162, in _make_request
    result = _get_req_session().request(
        method, request_url, params=params, files=files,
        timeout=(connect_timeout, read_timeout), proxies=proxy)
  File "/data/data/com.termux/files/usr/lib/python3.14/site-packages/requests/sessions.py", line 651, in request
    resp = self.send(prep, **send_kwargs)
  File "/data/data/com.termux/files/usr/lib/python3.14/site-packages/requests/sessions.py", line 784, in send
    r = adapter.send(request, **kwargs)
  File "/data/data/com.termux/files/usr/lib/python3.14/site-packages/requests/adapters.py", line 729, in send
    raise ConnectionError(e, request=request)
requests.exceptions.ConnectionError: HTTPSConnectionPool(host='api.telegram.org', port=443): Max retries exceeded with url: /bot8815900502:***********************************/getUpdates?offset=424131578&timeout=20 (Caused by NewConnectionError("HTTPSConnection(host='api.telegram.org', port=443): Failed to establish a new connection: [Errno 101] Network is unreachable"))
"
2026-09-27 08:54:23,300 (__init__.py:1154 TelegramBotPoll) ERROR - TeleBot: "Infinity polling exception: HTTPSConnectionPool(host='api.telegram.org', port=443): Max retries exceeded with url: /bot8815900502:***********************************/getUpdates?offset=424131578&timeout=20 (Caused by NewConnectionError("HTTPSConnection(host='api.telegram.org', port=443): Failed to establish a new connection: [Errno 101] Network is unreachable"))"
2026-09-27 08:54:23,332 (__init__.py:1156 TelegramBotPoll) ERROR - TeleBot: "Exception traceback:
Traceback (most recent call last):
  File "/data/data/com.termux/files/usr/lib/python3.14/site-packages/urllib3/connection.py", line 239, in _new_conn
    sock = connection.create_connection(
        (self._dns_host, self.port),
    ...<2 lines>...
        socket_options=self.socket_options,
    )
  File "/data/data/com.termux/files/usr/lib/python3.14/site-packages/urllib3/util/connection.py", line 85, in create_connection
    raise err
  File "/data/data/com.termux/files/usr/lib/python3.14/site-packages/urllib3/util/connection.py", line 73, in create_connection
    sock.connect(sa)
    ~~~~~~~~~~~~^^^^
OSError: [Errno 101] Network is unreachable

The above exception was the direct cause of the following exception:

Traceback (most recent call last):
  File "/data/data/com.termux/files/usr/lib/python3.14/site-packages/urllib3/connectionpool.py", line 793, in urlopen
    response = self._make_request(
        conn,
    ...<10 lines>...
        **response_kw,
    )
  File "/data/data/com.termux/files/usr/lib/python3.14/site-packages/urllib3/connectionpool.py", line 494, in _make_request
    raise new_e
  File "/data/data/com.termux/files/usr/lib/python3.14/site-packages/urllib3/connectionpool.py", line 470, in _make_request
    self._validate_conn(conn)
    ~~~~~~~~~~~~~~~~~~~^^^^^^
  File "/data/data/com.termux/files/usr/lib/python3.14/site-packages/urllib3/connectionpool.py", line 1125, in _validate_conn
    conn.connect()
    ~~~~~~~~~~~~^^
  File "/data/data/com.termux/files/usr/lib/python3.14/site-packages/urllib3/connection.py", line 827, in connect
    self.sock = sock = self._new_conn()
                       ~~~~~~~~~~~~~~^^
  File "/data/data/com.termux/files/usr/lib/python3.14/site-packages/urllib3/connection.py", line 254, in _new_conn
    raise NewConnectionError(
        self, f"Failed to establish a new connection: {e}"
    ) from e
urllib3.exceptions.NewConnectionError: HTTPSConnection(host='api.telegram.org', port=443): Failed to establish a new connection: [Errno 101] Network is unreachable

The above exception was the direct cause of the following exception:

Traceback (most recent call last):
  File "/data/data/com.termux/files/usr/lib/python3.14/site-packages/requests/adapters.py", line 696, in send
    resp = conn.urlopen(
        method=request.method,
    ...<9 lines>...
        chunked=chunked,
    )
  File "/data/data/com.termux/files/usr/lib/python3.14/site-packages/urllib3/connectionpool.py", line 847, in urlopen
    retries = retries.increment(
        method, url, error=new_e, _pool=self, _stacktrace=sys.exc_info()[2]
    )
  File "/data/data/com.termux/files/usr/lib/python3.14/site-packages/urllib3/util/retry.py", line 555, in increment
    raise MaxRetryError(_pool, url, reason) from reason  # type: ignore[arg-type]
    ^^^^^^^^^^^^^^^^^^^^^^^^^^^^^^^^^^^^^^^^^^^^^^^^^^^
urllib3.exceptions.MaxRetryError: HTTPSConnectionPool(host='api.telegram.org', port=443): Max retries exceeded with url: /bot8815900502:***********************************/getUpdates?offset=424131578&timeout=20 (Caused by NewConnectionError("HTTPSConnection(host='api.telegram.org', port=443): Failed to establish a new connection: [Errno 101] Network is unreachable"))

During handling of the above exception, another exception occurred:

Traceback (most recent call last):
  File "/data/data/com.termux/files/usr/lib/python3.14/site-packages/telebot/__init__.py", line 1149, in infinity_polling
    self.polling(non_stop=True, timeout=timeout, long_polling_timeout=long_polling_timeout,
    ~~~~~~~~~~~~^^^^^^^^^^^^^^^^^^^^^^^^^^^^^^^^^^^^^^^^^^^^^^^^^^^^^^^^^^^^^^^^^^^^^^^^^^^
                 logger_level=logger_level, allowed_updates=allowed_updates, restart_on_change=False,
                 ^^^^^^^^^^^^^^^^^^^^^^^^^^^^^^^^^^^^^^^^^^^^^^^^^^^^^^^^^^^^^^^^^^^^^^^^^^^^^^^^^^^^
                 *args, **kwargs)
                 ^^^^^^^^^^^^^^^^
  File "/data/data/com.termux/files/usr/lib/python3.14/site-packages/telebot/__init__.py", line 1237, in polling
    self.__threaded_polling(non_stop=non_stop, interval=interval, timeout=timeout, long_polling_timeout=long_polling_timeout,
    ~~~~~~~~~~~~~~~~~~~~~~~^^^^^^^^^^^^^^^^^^^^^^^^^^^^^^^^^^^^^^^^^^^^^^^^^^^^^^^^^^^^^^^^^^^^^^^^^^^^^^^^^^^^^^^^^^^^^^^^^^
                            logger_level=logger_level, allowed_updates=allowed_updates)
                            ^^^^^^^^^^^^^^^^^^^^^^^^^^^^^^^^^^^^^^^^^^^^^^^^^^^^^^^^^^^
  File "/data/data/com.termux/files/usr/lib/python3.14/site-packages/telebot/__init__.py", line 1312, in __threaded_polling
    raise e
  File "/data/data/com.termux/files/usr/lib/python3.14/site-packages/telebot/__init__.py", line 1273, in __threaded_polling
    polling_thread.raise_exceptions()
    ~~~~~~~~~~~~~~~~~~~~~~~~~~~~~~~^^
  File "/data/data/com.termux/files/usr/lib/python3.14/site-packages/telebot/util.py", line 116, in raise_exceptions
    raise self.exception_info
  File "/data/data/com.termux/files/usr/lib/python3.14/site-packages/telebot/util.py", line 98, in run
    task(*args, **kwargs)
    ~~~~^^^^^^^^^^^^^^^^^
  File "/data/data/com.termux/files/usr/lib/python3.14/site-packages/telebot/__init__.py", line 691, in __retrieve_updates
    updates = self.get_updates(offset=(self.last_update_id + 1),
                               allowed_updates=allowed_updates,
                               timeout=timeout, long_polling_timeout=long_polling_timeout)
  File "/data/data/com.termux/files/usr/lib/python3.14/site-packages/telebot/__init__.py", line 663, in get_updates
    json_updates = apihelper.get_updates(
        self.token, offset=offset, limit=limit, timeout=timeout, allowed_updates=allowed_updates,
        long_polling_timeout=long_polling_timeout)
  File "/data/data/com.termux/files/usr/lib/python3.14/site-packages/telebot/apihelper.py", line 382, in get_updates
    return _make_request(token, method_url, params=payload)
  File "/data/data/com.termux/files/usr/lib/python3.14/site-packages/telebot/apihelper.py", line 162, in _make_request
    result = _get_req_session().request(
        method, request_url, params=params, files=files,
        timeout=(connect_timeout, read_timeout), proxies=proxy)
  File "/data/data/com.termux/files/usr/lib/python3.14/site-packages/requests/sessions.py", line 651, in request
    resp = self.send(prep, **send_kwargs)
  File "/data/data/com.termux/files/usr/lib/python3.14/site-packages/requests/sessions.py", line 784, in send
    r = adapter.send(request, **kwargs)
  File "/data/data/com.termux/files/usr/lib/python3.14/site-packages/requests/adapters.py", line 729, in send
    raise ConnectionError(e, request=request)
requests.exceptions.ConnectionError: HTTPSConnectionPool(host='api.telegram.org', port=443): Max retries exceeded with url: /bot8815900502:***********************************/getUpdates?offset=424131578&timeout=20 (Caused by NewConnectionError("HTTPSConnection(host='api.telegram.org', port=443): Failed to establish a new connection: [Errno 101] Network is unreachable"))
"
2026-09-27 08:54:46,417 (__init__.py:1154 TelegramBotPoll) ERROR - TeleBot: "Infinity polling exception: HTTPSConnectionPool(host='api.telegram.org', port=443): Max retries exceeded with url: /bot8815900502:***********************************/getUpdates?offset=424131578&timeout=20 (Caused by NewConnectionError("HTTPSConnection(host='api.telegram.org', port=443): Failed to establish a new connection: [Errno 101] Network is unreachable"))"
2026-09-27 08:54:46,454 (__init__.py:1156 TelegramBotPoll) ERROR - TeleBot: "Exception traceback:
Traceback (most recent call last):
  File "/data/data/com.termux/files/usr/lib/python3.14/site-packages/urllib3/connection.py", line 239, in _new_conn
    sock = connection.create_connection(
        (self._dns_host, self.port),
    ...<2 lines>...
        socket_options=self.socket_options,
    )
  File "/data/data/com.termux/files/usr/lib/python3.14/site-packages/urllib3/util/connection.py", line 85, in create_connection
    raise err
  File "/data/data/com.termux/files/usr/lib/python3.14/site-packages/urllib3/util/connection.py", line 73, in create_connection
    sock.connect(sa)
    ~~~~~~~~~~~~^^^^
OSError: [Errno 101] Network is unreachable

The above exception was the direct cause of the following exception:

Traceback (most recent call last):
  File "/data/data/com.termux/files/usr/lib/python3.14/site-packages/urllib3/connectionpool.py", line 793, in urlopen
    response = self._make_request(
        conn,
    ...<10 lines>...
        **response_kw,
    )
  File "/data/data/com.termux/files/usr/lib/python3.14/site-packages/urllib3/connectionpool.py", line 494, in _make_request
    raise new_e
  File "/data/data/com.termux/files/usr/lib/python3.14/site-packages/urllib3/connectionpool.py", line 470, in _make_request
    self._validate_conn(conn)
    ~~~~~~~~~~~~~~~~~~~^^^^^^
  File "/data/data/com.termux/files/usr/lib/python3.14/site-packages/urllib3/connectionpool.py", line 1125, in _validate_conn
    conn.connect()
    ~~~~~~~~~~~~^^
  File "/data/data/com.termux/files/usr/lib/python3.14/site-packages/urllib3/connection.py", line 827, in connect
    self.sock = sock = self._new_conn()
                       ~~~~~~~~~~~~~~^^
  File "/data/data/com.termux/files/usr/lib/python3.14/site-packages/urllib3/connection.py", line 254, in _new_conn
    raise NewConnectionError(
        self, f"Failed to establish a new connection: {e}"
    ) from e
urllib3.exceptions.NewConnectionError: HTTPSConnection(host='api.telegram.org', port=443): Failed to establish a new connection: [Errno 101] Network is unreachable

The above exception was the direct cause of the following exception:

Traceback (most recent call last):
  File "/data/data/com.termux/files/usr/lib/python3.14/site-packages/requests/adapters.py", line 696, in send
    resp = conn.urlopen(
        method=request.method,
    ...<9 lines>...
        chunked=chunked,
    )
  File "/data/data/com.termux/files/usr/lib/python3.14/site-packages/urllib3/connectionpool.py", line 847, in urlopen
    retries = retries.increment(
        method, url, error=new_e, _pool=self, _stacktrace=sys.exc_info()[2]
    )
  File "/data/data/com.termux/files/usr/lib/python3.14/site-packages/urllib3/util/retry.py", line 555, in increment
    raise MaxRetryError(_pool, url, reason) from reason  # type: ignore[arg-type]
    ^^^^^^^^^^^^^^^^^^^^^^^^^^^^^^^^^^^^^^^^^^^^^^^^^^^
urllib3.exceptions.MaxRetryError: HTTPSConnectionPool(host='api.telegram.org', port=443): Max retries exceeded with url: /bot8815900502:***********************************/getUpdates?offset=424131578&timeout=20 (Caused by NewConnectionError("HTTPSConnection(host='api.telegram.org', port=443): Failed to establish a new connection: [Errno 101] Network is unreachable"))

During handling of the above exception, another exception occurred:

Traceback (most recent call last):
  File "/data/data/com.termux/files/usr/lib/python3.14/site-packages/telebot/__init__.py", line 1149, in infinity_polling
    self.polling(non_stop=True, timeout=timeout, long_polling_timeout=long_polling_timeout,
    ~~~~~~~~~~~~^^^^^^^^^^^^^^^^^^^^^^^^^^^^^^^^^^^^^^^^^^^^^^^^^^^^^^^^^^^^^^^^^^^^^^^^^^^
                 logger_level=logger_level, allowed_updates=allowed_updates, restart_on_change=False,
                 ^^^^^^^^^^^^^^^^^^^^^^^^^^^^^^^^^^^^^^^^^^^^^^^^^^^^^^^^^^^^^^^^^^^^^^^^^^^^^^^^^^^^
                 *args, **kwargs)
                 ^^^^^^^^^^^^^^^^
  File "/data/data/com.termux/files/usr/lib/python3.14/site-packages/telebot/__init__.py", line 1237, in polling
    self.__threaded_polling(non_stop=non_stop, interval=interval, timeout=timeout, long_polling_timeout=long_polling_timeout,
    ~~~~~~~~~~~~~~~~~~~~~~~^^^^^^^^^^^^^^^^^^^^^^^^^^^^^^^^^^^^^^^^^^^^^^^^^^^^^^^^^^^^^^^^^^^^^^^^^^^^^^^^^^^^^^^^^^^^^^^^^^
                            logger_level=logger_level, allowed_updates=allowed_updates)
                            ^^^^^^^^^^^^^^^^^^^^^^^^^^^^^^^^^^^^^^^^^^^^^^^^^^^^^^^^^^^
  File "/data/data/com.termux/files/usr/lib/python3.14/site-packages/telebot/__init__.py", line 1312, in __threaded_polling
    raise e
  File "/data/data/com.termux/files/usr/lib/python3.14/site-packages/telebot/__init__.py", line 1273, in __threaded_polling
    polling_thread.raise_exceptions()
    ~~~~~~~~~~~~~~~~~~~~~~~~~~~~~~~^^
  File "/data/data/com.termux/files/usr/lib/python3.14/site-packages/telebot/util.py", line 116, in raise_exceptions
    raise self.exception_info
  File "/data/data/com.termux/files/usr/lib/python3.14/site-packages/telebot/util.py", line 98, in run
    task(*args, **kwargs)
    ~~~~^^^^^^^^^^^^^^^^^
  File "/data/data/com.termux/files/usr/lib/python3.14/site-packages/telebot/__init__.py", line 691, in __retrieve_updates
    updates = self.get_updates(offset=(self.last_update_id + 1),
                               allowed_updates=allowed_updates,
                               timeout=timeout, long_polling_timeout=long_polling_timeout)
  File "/data/data/com.termux/files/usr/lib/python3.14/site-packages/telebot/__init__.py", line 663, in get_updates
    json_updates = apihelper.get_updates(
        self.token, offset=offset, limit=limit, timeout=timeout, allowed_updates=allowed_updates,
        long_polling_timeout=long_polling_timeout)
  File "/data/data/com.termux/files/usr/lib/python3.14/site-packages/telebot/apihelper.py", line 382, in get_updates
    return _make_request(token, method_url, params=payload)
  File "/data/data/com.termux/files/usr/lib/python3.14/site-packages/telebot/apihelper.py", line 162, in _make_request
    result = _get_req_session().request(
        method, request_url, params=params, files=files,
        timeout=(connect_timeout, read_timeout), proxies=proxy)
  File "/data/data/com.termux/files/usr/lib/python3.14/site-packages/requests/sessions.py", line 651, in request
    resp = self.send(prep, **send_kwargs)
  File "/data/data/com.termux/files/usr/lib/python3.14/site-packages/requests/sessions.py", line 784, in send
    r = adapter.send(request, **kwargs)
  File "/data/data/com.termux/files/usr/lib/python3.14/site-packages/requests/adapters.py", line 729, in send
    raise ConnectionError(e, request=request)
requests.exceptions.ConnectionError: HTTPSConnectionPool(host='api.telegram.org', port=443): Max retries exceeded with url: /bot8815900502:***********************************/getUpdates?offset=424131578&timeout=20 (Caused by NewConnectionError("HTTPSConnection(host='api.telegram.org', port=443): Failed to establish a new connection: [Errno 101] Network is unreachable"))
"
2026-09-27 08:55:09,502 (__init__.py:1154 TelegramBotPoll) ERROR - TeleBot: "Infinity polling exception: HTTPSConnectionPool(host='api.telegram.org', port=443): Max retries exceeded with url: /bot8815900502:***********************************/getUpdates?offset=424131578&timeout=20 (Caused by NewConnectionError("HTTPSConnection(host='api.telegram.org', port=443): Failed to establish a new connection: [Errno 101] Network is unreachable"))"
2026-09-27 08:55:09,542 (__init__.py:1156 TelegramBotPoll) ERROR - TeleBot: "Exception traceback:
Traceback (most recent call last):
  File "/data/data/com.termux/files/usr/lib/python3.14/site-packages/urllib3/connection.py", line 239, in _new_conn
    sock = connection.create_connection(
        (self._dns_host, self.port),
    ...<2 lines>...
        socket_options=self.socket_options,
    )
  File "/data/data/com.termux/files/usr/lib/python3.14/site-packages/urllib3/util/connection.py", line 85, in create_connection
    raise err
  File "/data/data/com.termux/files/usr/lib/python3.14/site-packages/urllib3/util/connection.py", line 73, in create_connection
    sock.connect(sa)
    ~~~~~~~~~~~~^^^^
OSError: [Errno 101] Network is unreachable

The above exception was the direct cause of the following exception:

Traceback (most recent call last):
  File "/data/data/com.termux/files/usr/lib/python3.14/site-packages/urllib3/connectionpool.py", line 793, in urlopen
    response = self._make_request(
        conn,
    ...<10 lines>...
        **response_kw,
    )
  File "/data/data/com.termux/files/usr/lib/python3.14/site-packages/urllib3/connectionpool.py", line 494, in _make_request
    raise new_e
  File "/data/data/com.termux/files/usr/lib/python3.14/site-packages/urllib3/connectionpool.py", line 470, in _make_request
    self._validate_conn(conn)
    ~~~~~~~~~~~~~~~~~~~^^^^^^
  File "/data/data/com.termux/files/usr/lib/python3.14/site-packages/urllib3/connectionpool.py", line 1125, in _validate_conn
    conn.connect()
    ~~~~~~~~~~~~^^
  File "/data/data/com.termux/files/usr/lib/python3.14/site-packages/urllib3/connection.py", line 827, in connect
    self.sock = sock = self._new_conn()
                       ~~~~~~~~~~~~~~^^
  File "/data/data/com.termux/files/usr/lib/python3.14/site-packages/urllib3/connection.py", line 254, in _new_conn
    raise NewConnectionError(
        self, f"Failed to establish a new connection: {e}"
    ) from e
urllib3.exceptions.NewConnectionError: HTTPSConnection(host='api.telegram.org', port=443): Failed to establish a new connection: [Errno 101] Network is unreachable

The above exception was the direct cause of the following exception:

Traceback (most recent call last):
  File "/data/data/com.termux/files/usr/lib/python3.14/site-packages/requests/adapters.py", line 696, in send
    resp = conn.urlopen(
        method=request.method,
    ...<9 lines>...
        chunked=chunked,
    )
  File "/data/data/com.termux/files/usr/lib/python3.14/site-packages/urllib3/connectionpool.py", line 847, in urlopen
    retries = retries.increment(
        method, url, error=new_e, _pool=self, _stacktrace=sys.exc_info()[2]
    )
  File "/data/data/com.termux/files/usr/lib/python3.14/site-packages/urllib3/util/retry.py", line 555, in increment
    raise MaxRetryError(_pool, url, reason) from reason  # type: ignore[arg-type]
    ^^^^^^^^^^^^^^^^^^^^^^^^^^^^^^^^^^^^^^^^^^^^^^^^^^^
urllib3.exceptions.MaxRetryError: HTTPSConnectionPool(host='api.telegram.org', port=443): Max retries exceeded with url: /bot8815900502:***********************************/getUpdates?offset=424131578&timeout=20 (Caused by NewConnectionError("HTTPSConnection(host='api.telegram.org', port=443): Failed to establish a new connection: [Errno 101] Network is unreachable"))

During handling of the above exception, another exception occurred:

Traceback (most recent call last):
  File "/data/data/com.termux/files/usr/lib/python3.14/site-packages/telebot/__init__.py", line 1149, in infinity_polling
    self.polling(non_stop=True, timeout=timeout, long_polling_timeout=long_polling_timeout,
    ~~~~~~~~~~~~^^^^^^^^^^^^^^^^^^^^^^^^^^^^^^^^^^^^^^^^^^^^^^^^^^^^^^^^^^^^^^^^^^^^^^^^^^^
                 logger_level=logger_level, allowed_updates=allowed_updates, restart_on_change=False,
                 ^^^^^^^^^^^^^^^^^^^^^^^^^^^^^^^^^^^^^^^^^^^^^^^^^^^^^^^^^^^^^^^^^^^^^^^^^^^^^^^^^^^^
                 *args, **kwargs)
                 ^^^^^^^^^^^^^^^^
  File "/data/data/com.termux/files/usr/lib/python3.14/site-packages/telebot/__init__.py", line 1237, in polling
    self.__threaded_polling(non_stop=non_stop, interval=interval, timeout=timeout, long_polling_timeout=long_polling_timeout,
    ~~~~~~~~~~~~~~~~~~~~~~~^^^^^^^^^^^^^^^^^^^^^^^^^^^^^^^^^^^^^^^^^^^^^^^^^^^^^^^^^^^^^^^^^^^^^^^^^^^^^^^^^^^^^^^^^^^^^^^^^^
                            logger_level=logger_level, allowed_updates=allowed_updates)
                            ^^^^^^^^^^^^^^^^^^^^^^^^^^^^^^^^^^^^^^^^^^^^^^^^^^^^^^^^^^^
  File "/data/data/com.termux/files/usr/lib/python3.14/site-packages/telebot/__init__.py", line 1312, in __threaded_polling
    raise e
  File "/data/data/com.termux/files/usr/lib/python3.14/site-packages/telebot/__init__.py", line 1273, in __threaded_polling
    polling_thread.raise_exceptions()
    ~~~~~~~~~~~~~~~~~~~~~~~~~~~~~~~^^
  File "/data/data/com.termux/files/usr/lib/python3.14/site-packages/telebot/util.py", line 116, in raise_exceptions
    raise self.exception_info
  File "/data/data/com.termux/files/usr/lib/python3.14/site-packages/telebot/util.py", line 98, in run
    task(*args, **kwargs)
    ~~~~^^^^^^^^^^^^^^^^^
  File "/data/data/com.termux/files/usr/lib/python3.14/site-packages/telebot/__init__.py", line 691, in __retrieve_updates
    updates = self.get_updates(offset=(self.last_update_id + 1),
                               allowed_updates=allowed_updates,
                               timeout=timeout, long_polling_timeout=long_polling_timeout)
  File "/data/data/com.termux/files/usr/lib/python3.14/site-packages/telebot/__init__.py", line 663, in get_updates
    json_updates = apihelper.get_updates(
        self.token, offset=offset, limit=limit, timeout=timeout, allowed_updates=allowed_updates,
        long_polling_timeout=long_polling_timeout)
  File "/data/data/com.termux/files/usr/lib/python3.14/site-packages/telebot/apihelper.py", line 382, in get_updates
    return _make_request(token, method_url, params=payload)
  File "/data/data/com.termux/files/usr/lib/python3.14/site-packages/telebot/apihelper.py", line 162, in _make_request
    result = _get_req_session().request(
        method, request_url, params=params, files=files,
        timeout=(connect_timeout, read_timeout), proxies=proxy)
  File "/data/data/com.termux/files/usr/lib/python3.14/site-packages/requests/sessions.py", line 651, in request
    resp = self.send(prep, **send_kwargs)
  File "/data/data/com.termux/files/usr/lib/python3.14/site-packages/requests/sessions.py", line 784, in send
    r = adapter.send(request, **kwargs)
  File "/data/data/com.termux/files/usr/lib/python3.14/site-packages/requests/adapters.py", line 729, in send
    raise ConnectionError(e, request=request)
requests.exceptions.ConnectionError: HTTPSConnectionPool(host='api.telegram.org', port=443): Max retries exceeded with url: /bot8815900502:***********************************/getUpdates?offset=424131578&timeout=20 (Caused by NewConnectionError("HTTPSConnection(host='api.telegram.org', port=443): Failed to establish a new connection: [Errno 101] Network is unreachable"))
"
2026-09-27 08:55:32,640 (__init__.py:1154 TelegramBotPoll) ERROR - TeleBot: "Infinity polling exception: HTTPSConnectionPool(host='api.telegram.org', port=443): Max retries exceeded with url: /bot8815900502:***********************************/getUpdates?offset=424131578&timeout=20 (Caused by NewConnectionError("HTTPSConnection(host='api.telegram.org', port=443): Failed to establish a new connection: [Errno 101] Network is unreachable"))"
2026-09-27 08:55:32,669 (__init__.py:1156 TelegramBotPoll) ERROR - TeleBot: "Exception traceback:
Traceback (most recent call last):
  File "/data/data/com.termux/files/usr/lib/python3.14/site-packages/urllib3/connection.py", line 239, in _new_conn
    sock = connection.create_connection(
        (self._dns_host, self.port),
    ...<2 lines>...
        socket_options=self.socket_options,
    )
  File "/data/data/com.termux/files/usr/lib/python3.14/site-packages/urllib3/util/connection.py", line 85, in create_connection
    raise err
  File "/data/data/com.termux/files/usr/lib/python3.14/site-packages/urllib3/util/connection.py", line 73, in create_connection
    sock.connect(sa)
    ~~~~~~~~~~~~^^^^
OSError: [Errno 101] Network is unreachable

The above exception was the direct cause of the following exception:

Traceback (most recent call last):
  File "/data/data/com.termux/files/usr/lib/python3.14/site-packages/urllib3/connectionpool.py", line 793, in urlopen
    response = self._make_request(
        conn,
    ...<10 lines>...
        **response_kw,
    )
  File "/data/data/com.termux/files/usr/lib/python3.14/site-packages/urllib3/connectionpool.py", line 494, in _make_request
    raise new_e
  File "/data/data/com.termux/files/usr/lib/python3.14/site-packages/urllib3/connectionpool.py", line 470, in _make_request
    self._validate_conn(conn)
    ~~~~~~~~~~~~~~~~~~~^^^^^^
  File "/data/data/com.termux/files/usr/lib/python3.14/site-packages/urllib3/connectionpool.py", line 1125, in _validate_conn
    conn.connect()
    ~~~~~~~~~~~~^^
  File "/data/data/com.termux/files/usr/lib/python3.14/site-packages/urllib3/connection.py", line 827, in connect
    self.sock = sock = self._new_conn()
                       ~~~~~~~~~~~~~~^^
  File "/data/data/com.termux/files/usr/lib/python3.14/site-packages/urllib3/connection.py", line 254, in _new_conn
    raise NewConnectionError(
        self, f"Failed to establish a new connection: {e}"
    ) from e
urllib3.exceptions.NewConnectionError: HTTPSConnection(host='api.telegram.org', port=443): Failed to establish a new connection: [Errno 101] Network is unreachable

The above exception was the direct cause of the following exception:

Traceback (most recent call last):
  File "/data/data/com.termux/files/usr/lib/python3.14/site-packages/requests/adapters.py", line 696, in send
    resp = conn.urlopen(
        method=request.method,
    ...<9 lines>...
        chunked=chunked,
    )
  File "/data/data/com.termux/files/usr/lib/python3.14/site-packages/urllib3/connectionpool.py", line 847, in urlopen
    retries = retries.increment(
        method, url, error=new_e, _pool=self, _stacktrace=sys.exc_info()[2]
    )
  File "/data/data/com.termux/files/usr/lib/python3.14/site-packages/urllib3/util/retry.py", line 555, in increment
    raise MaxRetryError(_pool, url, reason) from reason  # type: ignore[arg-type]
    ^^^^^^^^^^^^^^^^^^^^^^^^^^^^^^^^^^^^^^^^^^^^^^^^^^^
urllib3.exceptions.MaxRetryError: HTTPSConnectionPool(host='api.telegram.org', port=443): Max retries exceeded with url: /bot8815900502:***********************************/getUpdates?offset=424131578&timeout=20 (Caused by NewConnectionError("HTTPSConnection(host='api.telegram.org', port=443): Failed to establish a new connection: [Errno 101] Network is unreachable"))

During handling of the above exception, another exception occurred:

Traceback (most recent call last):
  File "/data/data/com.termux/files/usr/lib/python3.14/site-packages/telebot/__init__.py", line 1149, in infinity_polling
    self.polling(non_stop=True, timeout=timeout, long_polling_timeout=long_polling_timeout,
    ~~~~~~~~~~~~^^^^^^^^^^^^^^^^^^^^^^^^^^^^^^^^^^^^^^^^^^^^^^^^^^^^^^^^^^^^^^^^^^^^^^^^^^^
                 logger_level=logger_level, allowed_updates=allowed_updates, restart_on_change=False,
                 ^^^^^^^^^^^^^^^^^^^^^^^^^^^^^^^^^^^^^^^^^^^^^^^^^^^^^^^^^^^^^^^^^^^^^^^^^^^^^^^^^^^^
                 *args, **kwargs)
                 ^^^^^^^^^^^^^^^^
  File "/data/data/com.termux/files/usr/lib/python3.14/site-packages/telebot/__init__.py", line 1237, in polling
    self.__threaded_polling(non_stop=non_stop, interval=interval, timeout=timeout, long_polling_timeout=long_polling_timeout,
    ~~~~~~~~~~~~~~~~~~~~~~~^^^^^^^^^^^^^^^^^^^^^^^^^^^^^^^^^^^^^^^^^^^^^^^^^^^^^^^^^^^^^^^^^^^^^^^^^^^^^^^^^^^^^^^^^^^^^^^^^^
                            logger_level=logger_level, allowed_updates=allowed_updates)
                            ^^^^^^^^^^^^^^^^^^^^^^^^^^^^^^^^^^^^^^^^^^^^^^^^^^^^^^^^^^^
  File "/data/data/com.termux/files/usr/lib/python3.14/site-packages/telebot/__init__.py", line 1312, in __threaded_polling
    raise e
  File "/data/data/com.termux/files/usr/lib/python3.14/site-packages/telebot/__init__.py", line 1273, in __threaded_polling
    polling_thread.raise_exceptions()
    ~~~~~~~~~~~~~~~~~~~~~~~~~~~~~~~^^
  File "/data/data/com.termux/files/usr/lib/python3.14/site-packages/telebot/util.py", line 116, in raise_exceptions
    raise self.exception_info
  File "/data/data/com.termux/files/usr/lib/python3.14/site-packages/telebot/util.py", line 98, in run
    task(*args, **kwargs)
    ~~~~^^^^^^^^^^^^^^^^^
  File "/data/data/com.termux/files/usr/lib/python3.14/site-packages/telebot/__init__.py", line 691, in __retrieve_updates
    updates = self.get_updates(offset=(self.last_update_id + 1),
                               allowed_updates=allowed_updates,
                               timeout=timeout, long_polling_timeout=long_polling_timeout)
  File "/data/data/com.termux/files/usr/lib/python3.14/site-packages/telebot/__init__.py", line 663, in get_updates
    json_updates = apihelper.get_updates(
        self.token, offset=offset, limit=limit, timeout=timeout, allowed_updates=allowed_updates,
        long_polling_timeout=long_polling_timeout)
  File "/data/data/com.termux/files/usr/lib/python3.14/site-packages/telebot/apihelper.py", line 382, in get_updates
    return _make_request(token, method_url, params=payload)
  File "/data/data/com.termux/files/usr/lib/python3.14/site-packages/telebot/apihelper.py", line 162, in _make_request
    result = _get_req_session().request(
        method, request_url, params=params, files=files,
        timeout=(connect_timeout, read_timeout), proxies=proxy)
  File "/data/data/com.termux/files/usr/lib/python3.14/site-packages/requests/sessions.py", line 651, in request
    resp = self.send(prep, **send_kwargs)
  File "/data/data/com.termux/files/usr/lib/python3.14/site-packages/requests/sessions.py", line 784, in send
    r = adapter.send(request, **kwargs)
  File "/data/data/com.termux/files/usr/lib/python3.14/site-packages/requests/adapters.py", line 729, in send
    raise ConnectionError(e, request=request)
requests.exceptions.ConnectionError: HTTPSConnectionPool(host='api.telegram.org', port=443): Max retries exceeded with url: /bot8815900502:***********************************/getUpdates?offset=424131578&timeout=20 (Caused by NewConnectionError("HTTPSConnection(host='api.telegram.org', port=443): Failed to establish a new connection: [Errno 101] Network is unreachable"))
"
2026-09-27 08:55:55,841 (__init__.py:1154 TelegramBotPoll) ERROR - TeleBot: "Infinity polling exception: HTTPSConnectionPool(host='api.telegram.org', port=443): Max retries exceeded with url: /bot8815900502:***********************************/getUpdates?offset=424131578&timeout=20 (Caused by NewConnectionError("HTTPSConnection(host='api.telegram.org', port=443): Failed to establish a new connection: [Errno 101] Network is unreachable"))"
2026-09-27 08:55:55,879 (__init__.py:1156 TelegramBotPoll) ERROR - TeleBot: "Exception traceback:
Traceback (most recent call last):
  File "/data/data/com.termux/files/usr/lib/python3.14/site-packages/urllib3/connection.py", line 239, in _new_conn
    sock = connection.create_connection(
        (self._dns_host, self.port),
    ...<2 lines>...
        socket_options=self.socket_options,
    )
  File "/data/data/com.termux/files/usr/lib/python3.14/site-packages/urllib3/util/connection.py", line 85, in create_connection
    raise err
  File "/data/data/com.termux/files/usr/lib/python3.14/site-packages/urllib3/util/connection.py", line 73, in create_connection
    sock.connect(sa)
    ~~~~~~~~~~~~^^^^
OSError: [Errno 101] Network is unreachable

The above exception was the direct cause of the following exception:

Traceback (most recent call last):
  File "/data/data/com.termux/files/usr/lib/python3.14/site-packages/urllib3/connectionpool.py", line 793, in urlopen
    response = self._make_request(
        conn,
    ...<10 lines>...
        **response_kw,
    )
  File "/data/data/com.termux/files/usr/lib/python3.14/site-packages/urllib3/connectionpool.py", line 494, in _make_request
    raise new_e
  File "/data/data/com.termux/files/usr/lib/python3.14/site-packages/urllib3/connectionpool.py", line 470, in _make_request
    self._validate_conn(conn)
    ~~~~~~~~~~~~~~~~~~~^^^^^^
  File "/data/data/com.termux/files/usr/lib/python3.14/site-packages/urllib3/connectionpool.py", line 1125, in _validate_conn
    conn.connect()
    ~~~~~~~~~~~~^^
  File "/data/data/com.termux/files/usr/lib/python3.14/site-packages/urllib3/connection.py", line 827, in connect
    self.sock = sock = self._new_conn()
                       ~~~~~~~~~~~~~~^^
  File "/data/data/com.termux/files/usr/lib/python3.14/site-packages/urllib3/connection.py", line 254, in _new_conn
    raise NewConnectionError(
        self, f"Failed to establish a new connection: {e}"
    ) from e
urllib3.exceptions.NewConnectionError: HTTPSConnection(host='api.telegram.org', port=443): Failed to establish a new connection: [Errno 101] Network is unreachable

The above exception was the direct cause of the following exception:

Traceback (most recent call last):
  File "/data/data/com.termux/files/usr/lib/python3.14/site-packages/requests/adapters.py", line 696, in send
    resp = conn.urlopen(
        method=request.method,
    ...<9 lines>...
        chunked=chunked,
    )
  File "/data/data/com.termux/files/usr/lib/python3.14/site-packages/urllib3/connectionpool.py", line 847, in urlopen
    retries = retries.increment(
        method, url, error=new_e, _pool=self, _stacktrace=sys.exc_info()[2]
    )
  File "/data/data/com.termux/files/usr/lib/python3.14/site-packages/urllib3/util/retry.py", line 555, in increment
    raise MaxRetryError(_pool, url, reason) from reason  # type: ignore[arg-type]
    ^^^^^^^^^^^^^^^^^^^^^^^^^^^^^^^^^^^^^^^^^^^^^^^^^^^
urllib3.exceptions.MaxRetryError: HTTPSConnectionPool(host='api.telegram.org', port=443): Max retries exceeded with url: /bot8815900502:***********************************/getUpdates?offset=424131578&timeout=20 (Caused by NewConnectionError("HTTPSConnection(host='api.telegram.org', port=443): Failed to establish a new connection: [Errno 101] Network is unreachable"))

During handling of the above exception, another exception occurred:

Traceback (most recent call last):
  File "/data/data/com.termux/files/usr/lib/python3.14/site-packages/telebot/__init__.py", line 1149, in infinity_polling
    self.polling(non_stop=True, timeout=timeout, long_polling_timeout=long_polling_timeout,
    ~~~~~~~~~~~~^^^^^^^^^^^^^^^^^^^^^^^^^^^^^^^^^^^^^^^^^^^^^^^^^^^^^^^^^^^^^^^^^^^^^^^^^^^
                 logger_level=logger_level, allowed_updates=allowed_updates, restart_on_change=False,
                 ^^^^^^^^^^^^^^^^^^^^^^^^^^^^^^^^^^^^^^^^^^^^^^^^^^^^^^^^^^^^^^^^^^^^^^^^^^^^^^^^^^^^
                 *args, **kwargs)
                 ^^^^^^^^^^^^^^^^
  File "/data/data/com.termux/files/usr/lib/python3.14/site-packages/telebot/__init__.py", line 1237, in polling
    self.__threaded_polling(non_stop=non_stop, interval=interval, timeout=timeout, long_polling_timeout=long_polling_timeout,
    ~~~~~~~~~~~~~~~~~~~~~~~^^^^^^^^^^^^^^^^^^^^^^^^^^^^^^^^^^^^^^^^^^^^^^^^^^^^^^^^^^^^^^^^^^^^^^^^^^^^^^^^^^^^^^^^^^^^^^^^^^
                            logger_level=logger_level, allowed_updates=allowed_updates)
                            ^^^^^^^^^^^^^^^^^^^^^^^^^^^^^^^^^^^^^^^^^^^^^^^^^^^^^^^^^^^
  File "/data/data/com.termux/files/usr/lib/python3.14/site-packages/telebot/__init__.py", line 1312, in __threaded_polling
    raise e
  File "/data/data/com.termux/files/usr/lib/python3.14/site-packages/telebot/__init__.py", line 1273, in __threaded_polling
    polling_thread.raise_exceptions()
    ~~~~~~~~~~~~~~~~~~~~~~~~~~~~~~~^^
  File "/data/data/com.termux/files/usr/lib/python3.14/site-packages/telebot/util.py", line 116, in raise_exceptions
    raise self.exception_info
  File "/data/data/com.termux/files/usr/lib/python3.14/site-packages/telebot/util.py", line 98, in run
    task(*args, **kwargs)
    ~~~~^^^^^^^^^^^^^^^^^
  File "/data/data/com.termux/files/usr/lib/python3.14/site-packages/telebot/__init__.py", line 691, in __retrieve_updates
    updates = self.get_updates(offset=(self.last_update_id + 1),
                               allowed_updates=allowed_updates,
                               timeout=timeout, long_polling_timeout=long_polling_timeout)
  File "/data/data/com.termux/files/usr/lib/python3.14/site-packages/telebot/__init__.py", line 663, in get_updates
    json_updates = apihelper.get_updates(
        self.token, offset=offset, limit=limit, timeout=timeout, allowed_updates=allowed_updates,
        long_polling_timeout=long_polling_timeout)
  File "/data/data/com.termux/files/usr/lib/python3.14/site-packages/telebot/apihelper.py", line 382, in get_updates
    return _make_request(token, method_url, params=payload)
  File "/data/data/com.termux/files/usr/lib/python3.14/site-packages/telebot/apihelper.py", line 162, in _make_request
    result = _get_req_session().request(
        method, request_url, params=params, files=files,
        timeout=(connect_timeout, read_timeout), proxies=proxy)
  File "/data/data/com.termux/files/usr/lib/python3.14/site-packages/requests/sessions.py", line 651, in request
    resp = self.send(prep, **send_kwargs)
  File "/data/data/com.termux/files/usr/lib/python3.14/site-packages/requests/sessions.py", line 784, in send
    r = adapter.send(request, **kwargs)
  File "/data/data/com.termux/files/usr/lib/python3.14/site-packages/requests/adapters.py", line 729, in send
    raise ConnectionError(e, request=request)
requests.exceptions.ConnectionError: HTTPSConnectionPool(host='api.telegram.org', port=443): Max retries exceeded with url: /bot8815900502:***********************************/getUpdates?offset=424131578&timeout=20 (Caused by NewConnectionError("HTTPSConnection(host='api.telegram.org', port=443): Failed to establish a new connection: [Errno 101] Network is unreachable"))
"
2026-09-27 08:56:18,921 (__init__.py:1154 TelegramBotPoll) ERROR - TeleBot: "Infinity polling exception: HTTPSConnectionPool(host='api.telegram.org', port=443): Max retries exceeded with url: /bot8815900502:***********************************/getUpdates?offset=424131578&timeout=20 (Caused by NewConnectionError("HTTPSConnection(host='api.telegram.org', port=443): Failed to establish a new connection: [Errno 101] Network is unreachable"))"
2026-09-27 08:56:18,951 (__init__.py:1156 TelegramBotPoll) ERROR - TeleBot: "Exception traceback:
Traceback (most recent call last):
  File "/data/data/com.termux/files/usr/lib/python3.14/site-packages/urllib3/connection.py", line 239, in _new_conn
    sock = connection.create_connection(
        (self._dns_host, self.port),
    ...<2 lines>...
        socket_options=self.socket_options,
    )
  File "/data/data/com.termux/files/usr/lib/python3.14/site-packages/urllib3/util/connection.py", line 85, in create_connection
    raise err
  File "/data/data/com.termux/files/usr/lib/python3.14/site-packages/urllib3/util/connection.py", line 73, in create_connection
    sock.connect(sa)
    ~~~~~~~~~~~~^^^^
OSError: [Errno 101] Network is unreachable

The above exception was the direct cause of the following exception:

Traceback (most recent call last):
  File "/data/data/com.termux/files/usr/lib/python3.14/site-packages/urllib3/connectionpool.py", line 793, in urlopen
    response = self._make_request(
        conn,
    ...<10 lines>...
        **response_kw,
    )
  File "/data/data/com.termux/files/usr/lib/python3.14/site-packages/urllib3/connectionpool.py", line 494, in _make_request
    raise new_e
  File "/data/data/com.termux/files/usr/lib/python3.14/site-packages/urllib3/connectionpool.py", line 470, in _make_request
    self._validate_conn(conn)
    ~~~~~~~~~~~~~~~~~~~^^^^^^
  File "/data/data/com.termux/files/usr/lib/python3.14/site-packages/urllib3/connectionpool.py", line 1125, in _validate_conn
    conn.connect()
    ~~~~~~~~~~~~^^
  File "/data/data/com.termux/files/usr/lib/python3.14/site-packages/urllib3/connection.py", line 827, in connect
    self.sock = sock = self._new_conn()
                       ~~~~~~~~~~~~~~^^
  File "/data/data/com.termux/files/usr/lib/python3.14/site-packages/urllib3/connection.py", line 254, in _new_conn
    raise NewConnectionError(
        self, f"Failed to establish a new connection: {e}"
    ) from e
urllib3.exceptions.NewConnectionError: HTTPSConnection(host='api.telegram.org', port=443): Failed to establish a new connection: [Errno 101] Network is unreachable

The above exception was the direct cause of the following exception:

Traceback (most recent call last):
  File "/data/data/com.termux/files/usr/lib/python3.14/site-packages/requests/adapters.py", line 696, in send
    resp = conn.urlopen(
        method=request.method,
    ...<9 lines>...
        chunked=chunked,
    )
  File "/data/data/com.termux/files/usr/lib/python3.14/site-packages/urllib3/connectionpool.py", line 847, in urlopen
    retries = retries.increment(
        method, url, error=new_e, _pool=self, _stacktrace=sys.exc_info()[2]
    )
  File "/data/data/com.termux/files/usr/lib/python3.14/site-packages/urllib3/util/retry.py", line 555, in increment
    raise MaxRetryError(_pool, url, reason) from reason  # type: ignore[arg-type]
    ^^^^^^^^^^^^^^^^^^^^^^^^^^^^^^^^^^^^^^^^^^^^^^^^^^^
urllib3.exceptions.MaxRetryError: HTTPSConnectionPool(host='api.telegram.org', port=443): Max retries exceeded with url: /bot8815900502:***********************************/getUpdates?offset=424131578&timeout=20 (Caused by NewConnectionError("HTTPSConnection(host='api.telegram.org', port=443): Failed to establish a new connection: [Errno 101] Network is unreachable"))

During handling of the above exception, another exception occurred:

Traceback (most recent call last):
  File "/data/data/com.termux/files/usr/lib/python3.14/site-packages/telebot/__init__.py", line 1149, in infinity_polling
    self.polling(non_stop=True, timeout=timeout, long_polling_timeout=long_polling_timeout,
    ~~~~~~~~~~~~^^^^^^^^^^^^^^^^^^^^^^^^^^^^^^^^^^^^^^^^^^^^^^^^^^^^^^^^^^^^^^^^^^^^^^^^^^^
                 logger_level=logger_level, allowed_updates=allowed_updates, restart_on_change=False,
                 ^^^^^^^^^^^^^^^^^^^^^^^^^^^^^^^^^^^^^^^^^^^^^^^^^^^^^^^^^^^^^^^^^^^^^^^^^^^^^^^^^^^^
                 *args, **kwargs)
                 ^^^^^^^^^^^^^^^^
  File "/data/data/com.termux/files/usr/lib/python3.14/site-packages/telebot/__init__.py", line 1237, in polling
    self.__threaded_polling(non_stop=non_stop, interval=interval, timeout=timeout, long_polling_timeout=long_polling_timeout,
    ~~~~~~~~~~~~~~~~~~~~~~~^^^^^^^^^^^^^^^^^^^^^^^^^^^^^^^^^^^^^^^^^^^^^^^^^^^^^^^^^^^^^^^^^^^^^^^^^^^^^^^^^^^^^^^^^^^^^^^^^^
                            logger_level=logger_level, allowed_updates=allowed_updates)
                            ^^^^^^^^^^^^^^^^^^^^^^^^^^^^^^^^^^^^^^^^^^^^^^^^^^^^^^^^^^^
  File "/data/data/com.termux/files/usr/lib/python3.14/site-packages/telebot/__init__.py", line 1312, in __threaded_polling
    raise e
  File "/data/data/com.termux/files/usr/lib/python3.14/site-packages/telebot/__init__.py", line 1273, in __threaded_polling
    polling_thread.raise_exceptions()
    ~~~~~~~~~~~~~~~~~~~~~~~~~~~~~~~^^
  File "/data/data/com.termux/files/usr/lib/python3.14/site-packages/telebot/util.py", line 116, in raise_exceptions
    raise self.exception_info
  File "/data/data/com.termux/files/usr/lib/python3.14/site-packages/telebot/util.py", line 98, in run
    task(*args, **kwargs)
    ~~~~^^^^^^^^^^^^^^^^^
  File "/data/data/com.termux/files/usr/lib/python3.14/site-packages/telebot/__init__.py", line 691, in __retrieve_updates
    updates = self.get_updates(offset=(self.last_update_id + 1),
                               allowed_updates=allowed_updates,
                               timeout=timeout, long_polling_timeout=long_polling_timeout)
  File "/data/data/com.termux/files/usr/lib/python3.14/site-packages/telebot/__init__.py", line 663, in get_updates
    json_updates = apihelper.get_updates(
        self.token, offset=offset, limit=limit, timeout=timeout, allowed_updates=allowed_updates,
        long_polling_timeout=long_polling_timeout)
  File "/data/data/com.termux/files/usr/lib/python3.14/site-packages/telebot/apihelper.py", line 382, in get_updates
    return _make_request(token, method_url, params=payload)
  File "/data/data/com.termux/files/usr/lib/python3.14/site-packages/telebot/apihelper.py", line 162, in _make_request
    result = _get_req_session().request(
        method, request_url, params=params, files=files,
        timeout=(connect_timeout, read_timeout), proxies=proxy)
  File "/data/data/com.termux/files/usr/lib/python3.14/site-packages/requests/sessions.py", line 651, in request
    resp = self.send(prep, **send_kwargs)
  File "/data/data/com.termux/files/usr/lib/python3.14/site-packages/requests/sessions.py", line 784, in send
    r = adapter.send(request, **kwargs)
  File "/data/data/com.termux/files/usr/lib/python3.14/site-packages/requests/adapters.py", line 729, in send
    raise ConnectionError(e, request=request)
requests.exceptions.ConnectionError: HTTPSConnectionPool(host='api.telegram.org', port=443): Max retries exceeded with url: /bot8815900502:***********************************/getUpdates?offset=424131578&timeout=20 (Caused by NewConnectionError("HTTPSConnection(host='api.telegram.org', port=443): Failed to establish a new connection: [Errno 101] Network is unreachable"))
"
2026-09-27 08:56:42,001 (__init__.py:1154 TelegramBotPoll) ERROR - TeleBot: "Infinity polling exception: HTTPSConnectionPool(host='api.telegram.org', port=443): Max retries exceeded with url: /bot8815900502:***********************************/getUpdates?offset=424131578&timeout=20 (Caused by NewConnectionError("HTTPSConnection(host='api.telegram.org', port=443): Failed to establish a new connection: [Errno 101] Network is unreachable"))"
2026-09-27 08:56:42,038 (__init__.py:1156 TelegramBotPoll) ERROR - TeleBot: "Exception traceback:
Traceback (most recent call last):
  File "/data/data/com.termux/files/usr/lib/python3.14/site-packages/urllib3/connection.py", line 239, in _new_conn
    sock = connection.create_connection(
        (self._dns_host, self.port),
    ...<2 lines>...
        socket_options=self.socket_options,
    )
  File "/data/data/com.termux/files/usr/lib/python3.14/site-packages/urllib3/util/connection.py", line 85, in create_connection
    raise err
  File "/data/data/com.termux/files/usr/lib/python3.14/site-packages/urllib3/util/connection.py", line 73, in create_connection
    sock.connect(sa)
    ~~~~~~~~~~~~^^^^
OSError: [Errno 101] Network is unreachable

The above exception was the direct cause of the following exception:

Traceback (most recent call last):
  File "/data/data/com.termux/files/usr/lib/python3.14/site-packages/urllib3/connectionpool.py", line 793, in urlopen
    response = self._make_request(
        conn,
    ...<10 lines>...
        **response_kw,
    )
  File "/data/data/com.termux/files/usr/lib/python3.14/site-packages/urllib3/connectionpool.py", line 494, in _make_request
    raise new_e
  File "/data/data/com.termux/files/usr/lib/python3.14/site-packages/urllib3/connectionpool.py", line 470, in _make_request
    self._validate_conn(conn)
    ~~~~~~~~~~~~~~~~~~~^^^^^^
  File "/data/data/com.termux/files/usr/lib/python3.14/site-packages/urllib3/connectionpool.py", line 1125, in _validate_conn
    conn.connect()
    ~~~~~~~~~~~~^^
  File "/data/data/com.termux/files/usr/lib/python3.14/site-packages/urllib3/connection.py", line 827, in connect
    self.sock = sock = self._new_conn()
                       ~~~~~~~~~~~~~~^^
  File "/data/data/com.termux/files/usr/lib/python3.14/site-packages/urllib3/connection.py", line 254, in _new_conn
    raise NewConnectionError(
        self, f"Failed to establish a new connection: {e}"
    ) from e
urllib3.exceptions.NewConnectionError: HTTPSConnection(host='api.telegram.org', port=443): Failed to establish a new connection: [Errno 101] Network is unreachable

The above exception was the direct cause of the following exception:

Traceback (most recent call last):
  File "/data/data/com.termux/files/usr/lib/python3.14/site-packages/requests/adapters.py", line 696, in send
    resp = conn.urlopen(
        method=request.method,
    ...<9 lines>...
        chunked=chunked,
    )
  File "/data/data/com.termux/files/usr/lib/python3.14/site-packages/urllib3/connectionpool.py", line 847, in urlopen
    retries = retries.increment(
        method, url, error=new_e, _pool=self, _stacktrace=sys.exc_info()[2]
    )
  File "/data/data/com.termux/files/usr/lib/python3.14/site-packages/urllib3/util/retry.py", line 555, in increment
    raise MaxRetryError(_pool, url, reason) from reason  # type: ignore[arg-type]
    ^^^^^^^^^^^^^^^^^^^^^^^^^^^^^^^^^^^^^^^^^^^^^^^^^^^
urllib3.exceptions.MaxRetryError: HTTPSConnectionPool(host='api.telegram.org', port=443): Max retries exceeded with url: /bot8815900502:***********************************/getUpdates?offset=424131578&timeout=20 (Caused by NewConnectionError("HTTPSConnection(host='api.telegram.org', port=443): Failed to establish a new connection: [Errno 101] Network is unreachable"))

During handling of the above exception, another exception occurred:

Traceback (most recent call last):
  File "/data/data/com.termux/files/usr/lib/python3.14/site-packages/telebot/__init__.py", line 1149, in infinity_polling
    self.polling(non_stop=True, timeout=timeout, long_polling_timeout=long_polling_timeout,
    ~~~~~~~~~~~~^^^^^^^^^^^^^^^^^^^^^^^^^^^^^^^^^^^^^^^^^^^^^^^^^^^^^^^^^^^^^^^^^^^^^^^^^^^
                 logger_level=logger_level, allowed_updates=allowed_updates, restart_on_change=False,
                 ^^^^^^^^^^^^^^^^^^^^^^^^^^^^^^^^^^^^^^^^^^^^^^^^^^^^^^^^^^^^^^^^^^^^^^^^^^^^^^^^^^^^
                 *args, **kwargs)
                 ^^^^^^^^^^^^^^^^
  File "/data/data/com.termux/files/usr/lib/python3.14/site-packages/telebot/__init__.py", line 1237, in polling
    self.__threaded_polling(non_stop=non_stop, interval=interval, timeout=timeout, long_polling_timeout=long_polling_timeout,
    ~~~~~~~~~~~~~~~~~~~~~~~^^^^^^^^^^^^^^^^^^^^^^^^^^^^^^^^^^^^^^^^^^^^^^^^^^^^^^^^^^^^^^^^^^^^^^^^^^^^^^^^^^^^^^^^^^^^^^^^^^
                            logger_level=logger_level, allowed_updates=allowed_updates)
                            ^^^^^^^^^^^^^^^^^^^^^^^^^^^^^^^^^^^^^^^^^^^^^^^^^^^^^^^^^^^
  File "/data/data/com.termux/files/usr/lib/python3.14/site-packages/telebot/__init__.py", line 1312, in __threaded_polling
    raise e
  File "/data/data/com.termux/files/usr/lib/python3.14/site-packages/telebot/__init__.py", line 1273, in __threaded_polling
    polling_thread.raise_exceptions()
    ~~~~~~~~~~~~~~~~~~~~~~~~~~~~~~~^^
  File "/data/data/com.termux/files/usr/lib/python3.14/site-packages/telebot/util.py", line 116, in raise_exceptions
    raise self.exception_info
  File "/data/data/com.termux/files/usr/lib/python3.14/site-packages/telebot/util.py", line 98, in run
    task(*args, **kwargs)
    ~~~~^^^^^^^^^^^^^^^^^
  File "/data/data/com.termux/files/usr/lib/python3.14/site-packages/telebot/__init__.py", line 691, in __retrieve_updates
    updates = self.get_updates(offset=(self.last_update_id + 1),
                               allowed_updates=allowed_updates,
                               timeout=timeout, long_polling_timeout=long_polling_timeout)
  File "/data/data/com.termux/files/usr/lib/python3.14/site-packages/telebot/__init__.py", line 663, in get_updates
    json_updates = apihelper.get_updates(
        self.token, offset=offset, limit=limit, timeout=timeout, allowed_updates=allowed_updates,
        long_polling_timeout=long_polling_timeout)
  File "/data/data/com.termux/files/usr/lib/python3.14/site-packages/telebot/apihelper.py", line 382, in get_updates
    return _make_request(token, method_url, params=payload)
  File "/data/data/com.termux/files/usr/lib/python3.14/site-packages/telebot/apihelper.py", line 162, in _make_request
    result = _get_req_session().request(
        method, request_url, params=params, files=files,
        timeout=(connect_timeout, read_timeout), proxies=proxy)
  File "/data/data/com.termux/files/usr/lib/python3.14/site-packages/requests/sessions.py", line 651, in request
    resp = self.send(prep, **send_kwargs)
  File "/data/data/com.termux/files/usr/lib/python3.14/site-packages/requests/sessions.py", line 784, in send
    r = adapter.send(request, **kwargs)
  File "/data/data/com.termux/files/usr/lib/python3.14/site-packages/requests/adapters.py", line 729, in send
    raise ConnectionError(e, request=request)
requests.exceptions.ConnectionError: HTTPSConnectionPool(host='api.telegram.org', port=443): Max retries exceeded with url: /bot8815900502:***********************************/getUpdates?offset=424131578&timeout=20 (Caused by NewConnectionError("HTTPSConnection(host='api.telegram.org', port=443): Failed to establish a new connection: [Errno 101] Network is unreachable"))
"
2026-09-27 08:57:05,078 (__init__.py:1154 TelegramBotPoll) ERROR - TeleBot: "Infinity polling exception: HTTPSConnectionPool(host='api.telegram.org', port=443): Max retries exceeded with url: /bot8815900502:***********************************/getUpdates?offset=424131578&timeout=20 (Caused by NewConnectionError("HTTPSConnection(host='api.telegram.org', port=443): Failed to establish a new connection: [Errno 101] Network is unreachable"))"
2026-09-27 08:57:05,106 (__init__.py:1156 TelegramBotPoll) ERROR - TeleBot: "Exception traceback:
Traceback (most recent call last):
  File "/data/data/com.termux/files/usr/lib/python3.14/site-packages/urllib3/connection.py", line 239, in _new_conn
    sock = connection.create_connection(
        (self._dns_host, self.port),
    ...<2 lines>...
        socket_options=self.socket_options,
    )
  File "/data/data/com.termux/files/usr/lib/python3.14/site-packages/urllib3/util/connection.py", line 85, in create_connection
    raise err
  File "/data/data/com.termux/files/usr/lib/python3.14/site-packages/urllib3/util/connection.py", line 73, in create_connection
    sock.connect(sa)
    ~~~~~~~~~~~~^^^^
OSError: [Errno 101] Network is unreachable

The above exception was the direct cause of the following exception:

Traceback (most recent call last):
  File "/data/data/com.termux/files/usr/lib/python3.14/site-packages/urllib3/connectionpool.py", line 793, in urlopen
    response = self._make_request(
        conn,
    ...<10 lines>...
        **response_kw,
    )
  File "/data/data/com.termux/files/usr/lib/python3.14/site-packages/urllib3/connectionpool.py", line 494, in _make_request
    raise new_e
  File "/data/data/com.termux/files/usr/lib/python3.14/site-packages/urllib3/connectionpool.py", line 470, in _make_request
    self._validate_conn(conn)
    ~~~~~~~~~~~~~~~~~~~^^^^^^
  File "/data/data/com.termux/files/usr/lib/python3.14/site-packages/urllib3/connectionpool.py", line 1125, in _validate_conn
    conn.connect()
    ~~~~~~~~~~~~^^
  File "/data/data/com.termux/files/usr/lib/python3.14/site-packages/urllib3/connection.py", line 827, in connect
    self.sock = sock = self._new_conn()
                       ~~~~~~~~~~~~~~^^
  File "/data/data/com.termux/files/usr/lib/python3.14/site-packages/urllib3/connection.py", line 254, in _new_conn
    raise NewConnectionError(
        self, f"Failed to establish a new connection: {e}"
    ) from e
urllib3.exceptions.NewConnectionError: HTTPSConnection(host='api.telegram.org', port=443): Failed to establish a new connection: [Errno 101] Network is unreachable

The above exception was the direct cause of the following exception:

Traceback (most recent call last):
  File "/data/data/com.termux/files/usr/lib/python3.14/site-packages/requests/adapters.py", line 696, in send
    resp = conn.urlopen(
        method=request.method,
    ...<9 lines>...
        chunked=chunked,
    )
  File "/data/data/com.termux/files/usr/lib/python3.14/site-packages/urllib3/connectionpool.py", line 847, in urlopen
    retries = retries.increment(
        method, url, error=new_e, _pool=self, _stacktrace=sys.exc_info()[2]
    )
  File "/data/data/com.termux/files/usr/lib/python3.14/site-packages/urllib3/util/retry.py", line 555, in increment
    raise MaxRetryError(_pool, url, reason) from reason  # type: ignore[arg-type]
    ^^^^^^^^^^^^^^^^^^^^^^^^^^^^^^^^^^^^^^^^^^^^^^^^^^^
urllib3.exceptions.MaxRetryError: HTTPSConnectionPool(host='api.telegram.org', port=443): Max retries exceeded with url: /bot8815900502:***********************************/getUpdates?offset=424131578&timeout=20 (Caused by NewConnectionError("HTTPSConnection(host='api.telegram.org', port=443): Failed to establish a new connection: [Errno 101] Network is unreachable"))

During handling of the above exception, another exception occurred:

Traceback (most recent call last):
  File "/data/data/com.termux/files/usr/lib/python3.14/site-packages/telebot/__init__.py", line 1149, in infinity_polling
    self.polling(non_stop=True, timeout=timeout, long_polling_timeout=long_polling_timeout,
    ~~~~~~~~~~~~^^^^^^^^^^^^^^^^^^^^^^^^^^^^^^^^^^^^^^^^^^^^^^^^^^^^^^^^^^^^^^^^^^^^^^^^^^^
                 logger_level=logger_level, allowed_updates=allowed_updates, restart_on_change=False,
                 ^^^^^^^^^^^^^^^^^^^^^^^^^^^^^^^^^^^^^^^^^^^^^^^^^^^^^^^^^^^^^^^^^^^^^^^^^^^^^^^^^^^^
                 *args, **kwargs)
                 ^^^^^^^^^^^^^^^^
  File "/data/data/com.termux/files/usr/lib/python3.14/site-packages/telebot/__init__.py", line 1237, in polling
    self.__threaded_polling(non_stop=non_stop, interval=interval, timeout=timeout, long_polling_timeout=long_polling_timeout,
    ~~~~~~~~~~~~~~~~~~~~~~~^^^^^^^^^^^^^^^^^^^^^^^^^^^^^^^^^^^^^^^^^^^^^^^^^^^^^^^^^^^^^^^^^^^^^^^^^^^^^^^^^^^^^^^^^^^^^^^^^^
                            logger_level=logger_level, allowed_updates=allowed_updates)
                            ^^^^^^^^^^^^^^^^^^^^^^^^^^^^^^^^^^^^^^^^^^^^^^^^^^^^^^^^^^^
  File "/data/data/com.termux/files/usr/lib/python3.14/site-packages/telebot/__init__.py", line 1312, in __threaded_polling
    raise e
  File "/data/data/com.termux/files/usr/lib/python3.14/site-packages/telebot/__init__.py", line 1273, in __threaded_polling
    polling_thread.raise_exceptions()
    ~~~~~~~~~~~~~~~~~~~~~~~~~~~~~~~^^
  File "/data/data/com.termux/files/usr/lib/python3.14/site-packages/telebot/util.py", line 116, in raise_exceptions
    raise self.exception_info
  File "/data/data/com.termux/files/usr/lib/python3.14/site-packages/telebot/util.py", line 98, in run
    task(*args, **kwargs)
    ~~~~^^^^^^^^^^^^^^^^^
  File "/data/data/com.termux/files/usr/lib/python3.14/site-packages/telebot/__init__.py", line 691, in __retrieve_updates
    updates = self.get_updates(offset=(self.last_update_id + 1),
                               allowed_updates=allowed_updates,
                               timeout=timeout, long_polling_timeout=long_polling_timeout)
  File "/data/data/com.termux/files/usr/lib/python3.14/site-packages/telebot/__init__.py", line 663, in get_updates
    json_updates = apihelper.get_updates(
        self.token, offset=offset, limit=limit, timeout=timeout, allowed_updates=allowed_updates,
        long_polling_timeout=long_polling_timeout)
  File "/data/data/com.termux/files/usr/lib/python3.14/site-packages/telebot/apihelper.py", line 382, in get_updates
    return _make_request(token, method_url, params=payload)
  File "/data/data/com.termux/files/usr/lib/python3.14/site-packages/telebot/apihelper.py", line 162, in _make_request
    result = _get_req_session().request(
        method, request_url, params=params, files=files,
        timeout=(connect_timeout, read_timeout), proxies=proxy)
  File "/data/data/com.termux/files/usr/lib/python3.14/site-packages/requests/sessions.py", line 651, in request
    resp = self.send(prep, **send_kwargs)
  File "/data/data/com.termux/files/usr/lib/python3.14/site-packages/requests/sessions.py", line 784, in send
    r = adapter.send(request, **kwargs)
  File "/data/data/com.termux/files/usr/lib/python3.14/site-packages/requests/adapters.py", line 729, in send
    raise ConnectionError(e, request=request)
requests.exceptions.ConnectionError: HTTPSConnectionPool(host='api.telegram.org', port=443): Max retries exceeded with url: /bot8815900502:***********************************/getUpdates?offset=424131578&timeout=20 (Caused by NewConnectionError("HTTPSConnection(host='api.telegram.org', port=443): Failed to establish a new connection: [Errno 101] Network is unreachable"))
"
2026-09-27 08:57:28,147 (__init__.py:1154 TelegramBotPoll) ERROR - TeleBot: "Infinity polling exception: HTTPSConnectionPool(host='api.telegram.org', port=443): Max retries exceeded with url: /bot8815900502:***********************************/getUpdates?offset=424131578&timeout=20 (Caused by NewConnectionError("HTTPSConnection(host='api.telegram.org', port=443): Failed to establish a new connection: [Errno 101] Network is unreachable"))"
2026-09-27 08:57:28,176 (__init__.py:1156 TelegramBotPoll) ERROR - TeleBot: "Exception traceback:
Traceback (most recent call last):
  File "/data/data/com.termux/files/usr/lib/python3.14/site-packages/urllib3/connection.py", line 239, in _new_conn
    sock = connection.create_connection(
        (self._dns_host, self.port),
    ...<2 lines>...
        socket_options=self.socket_options,
    )
  File "/data/data/com.termux/files/usr/lib/python3.14/site-packages/urllib3/util/connection.py", line 85, in create_connection
    raise err
  File "/data/data/com.termux/files/usr/lib/python3.14/site-packages/urllib3/util/connection.py", line 73, in create_connection
    sock.connect(sa)
    ~~~~~~~~~~~~^^^^
OSError: [Errno 101] Network is unreachable

The above exception was the direct cause of the following exception:

Traceback (most recent call last):
  File "/data/data/com.termux/files/usr/lib/python3.14/site-packages/urllib3/connectionpool.py", line 793, in urlopen
    response = self._make_request(
        conn,
    ...<10 lines>...
        **response_kw,
    )
  File "/data/data/com.termux/files/usr/lib/python3.14/site-packages/urllib3/connectionpool.py", line 494, in _make_request
    raise new_e
  File "/data/data/com.termux/files/usr/lib/python3.14/site-packages/urllib3/connectionpool.py", line 470, in _make_request
    self._validate_conn(conn)
    ~~~~~~~~~~~~~~~~~~~^^^^^^
  File "/data/data/com.termux/files/usr/lib/python3.14/site-packages/urllib3/connectionpool.py", line 1125, in _validate_conn
    conn.connect()
    ~~~~~~~~~~~~^^
  File "/data/data/com.termux/files/usr/lib/python3.14/site-packages/urllib3/connection.py", line 827, in connect
    self.sock = sock = self._new_conn()
                       ~~~~~~~~~~~~~~^^
  File "/data/data/com.termux/files/usr/lib/python3.14/site-packages/urllib3/connection.py", line 254, in _new_conn
    raise NewConnectionError(
        self, f"Failed to establish a new connection: {e}"
    ) from e
urllib3.exceptions.NewConnectionError: HTTPSConnection(host='api.telegram.org', port=443): Failed to establish a new connection: [Errno 101] Network is unreachable

The above exception was the direct cause of the following exception:

Traceback (most recent call last):
  File "/data/data/com.termux/files/usr/lib/python3.14/site-packages/requests/adapters.py", line 696, in send
    resp = conn.urlopen(
        method=request.method,
    ...<9 lines>...
        chunked=chunked,
    )
  File "/data/data/com.termux/files/usr/lib/python3.14/site-packages/urllib3/connectionpool.py", line 847, in urlopen
    retries = retries.increment(
        method, url, error=new_e, _pool=self, _stacktrace=sys.exc_info()[2]
    )
  File "/data/data/com.termux/files/usr/lib/python3.14/site-packages/urllib3/util/retry.py", line 555, in increment
    raise MaxRetryError(_pool, url, reason) from reason  # type: ignore[arg-type]
    ^^^^^^^^^^^^^^^^^^^^^^^^^^^^^^^^^^^^^^^^^^^^^^^^^^^
urllib3.exceptions.MaxRetryError: HTTPSConnectionPool(host='api.telegram.org', port=443): Max retries exceeded with url: /bot8815900502:***********************************/getUpdates?offset=424131578&timeout=20 (Caused by NewConnectionError("HTTPSConnection(host='api.telegram.org', port=443): Failed to establish a new connection: [Errno 101] Network is unreachable"))

During handling of the above exception, another exception occurred:

Traceback (most recent call last):
  File "/data/data/com.termux/files/usr/lib/python3.14/site-packages/telebot/__init__.py", line 1149, in infinity_polling
    self.polling(non_stop=True, timeout=timeout, long_polling_timeout=long_polling_timeout,
    ~~~~~~~~~~~~^^^^^^^^^^^^^^^^^^^^^^^^^^^^^^^^^^^^^^^^^^^^^^^^^^^^^^^^^^^^^^^^^^^^^^^^^^^
                 logger_level=logger_level, allowed_updates=allowed_updates, restart_on_change=False,
                 ^^^^^^^^^^^^^^^^^^^^^^^^^^^^^^^^^^^^^^^^^^^^^^^^^^^^^^^^^^^^^^^^^^^^^^^^^^^^^^^^^^^^
                 *args, **kwargs)
                 ^^^^^^^^^^^^^^^^
  File "/data/data/com.termux/files/usr/lib/python3.14/site-packages/telebot/__init__.py", line 1237, in polling
    self.__threaded_polling(non_stop=non_stop, interval=interval, timeout=timeout, long_polling_timeout=long_polling_timeout,
    ~~~~~~~~~~~~~~~~~~~~~~~^^^^^^^^^^^^^^^^^^^^^^^^^^^^^^^^^^^^^^^^^^^^^^^^^^^^^^^^^^^^^^^^^^^^^^^^^^^^^^^^^^^^^^^^^^^^^^^^^^
                            logger_level=logger_level, allowed_updates=allowed_updates)
                            ^^^^^^^^^^^^^^^^^^^^^^^^^^^^^^^^^^^^^^^^^^^^^^^^^^^^^^^^^^^
  File "/data/data/com.termux/files/usr/lib/python3.14/site-packages/telebot/__init__.py", line 1312, in __threaded_polling
    raise e
  File "/data/data/com.termux/files/usr/lib/python3.14/site-packages/telebot/__init__.py", line 1273, in __threaded_polling
    polling_thread.raise_exceptions()
    ~~~~~~~~~~~~~~~~~~~~~~~~~~~~~~~^^
  File "/data/data/com.termux/files/usr/lib/python3.14/site-packages/telebot/util.py", line 116, in raise_exceptions
    raise self.exception_info
  File "/data/data/com.termux/files/usr/lib/python3.14/site-packages/telebot/util.py", line 98, in run
    task(*args, **kwargs)
    ~~~~^^^^^^^^^^^^^^^^^
  File "/data/data/com.termux/files/usr/lib/python3.14/site-packages/telebot/__init__.py", line 691, in __retrieve_updates
    updates = self.get_updates(offset=(self.last_update_id + 1),
                               allowed_updates=allowed_updates,
                               timeout=timeout, long_polling_timeout=long_polling_timeout)
  File "/data/data/com.termux/files/usr/lib/python3.14/site-packages/telebot/__init__.py", line 663, in get_updates
    json_updates = apihelper.get_updates(
        self.token, offset=offset, limit=limit, timeout=timeout, allowed_updates=allowed_updates,
        long_polling_timeout=long_polling_timeout)
  File "/data/data/com.termux/files/usr/lib/python3.14/site-packages/telebot/apihelper.py", line 382, in get_updates
    return _make_request(token, method_url, params=payload)
  File "/data/data/com.termux/files/usr/lib/python3.14/site-packages/telebot/apihelper.py", line 162, in _make_request
    result = _get_req_session().request(
        method, request_url, params=params, files=files,
        timeout=(connect_timeout, read_timeout), proxies=proxy)
  File "/data/data/com.termux/files/usr/lib/python3.14/site-packages/requests/sessions.py", line 651, in request
    resp = self.send(prep, **send_kwargs)
  File "/data/data/com.termux/files/usr/lib/python3.14/site-packages/requests/sessions.py", line 784, in send
    r = adapter.send(request, **kwargs)
  File "/data/data/com.termux/files/usr/lib/python3.14/site-packages/requests/adapters.py", line 729, in send
    raise ConnectionError(e, request=request)
requests.exceptions.ConnectionError: HTTPSConnectionPool(host='api.telegram.org', port=443): Max retries exceeded with url: /bot8815900502:***********************************/getUpdates?offset=424131578&timeout=20 (Caused by NewConnectionError("HTTPSConnection(host='api.telegram.org', port=443): Failed to establish a new connection: [Errno 101] Network is unreachable"))
"
2026-09-27 08:57:51,219 (__init__.py:1154 TelegramBotPoll) ERROR - TeleBot: "Infinity polling exception: HTTPSConnectionPool(host='api.telegram.org', port=443): Max retries exceeded with url: /bot8815900502:***********************************/getUpdates?offset=424131578&timeout=20 (Caused by NewConnectionError("HTTPSConnection(host='api.telegram.org', port=443): Failed to establish a new connection: [Errno 101] Network is unreachable"))"
2026-09-27 08:57:51,244 (__init__.py:1156 TelegramBotPoll) ERROR - TeleBot: "Exception traceback:
Traceback (most recent call last):
  File "/data/data/com.termux/files/usr/lib/python3.14/site-packages/urllib3/connection.py", line 239, in _new_conn
    sock = connection.create_connection(
        (self._dns_host, self.port),
    ...<2 lines>...
        socket_options=self.socket_options,
    )
  File "/data/data/com.termux/files/usr/lib/python3.14/site-packages/urllib3/util/connection.py", line 85, in create_connection
    raise err
  File "/data/data/com.termux/files/usr/lib/python3.14/site-packages/urllib3/util/connection.py", line 73, in create_connection
    sock.connect(sa)
    ~~~~~~~~~~~~^^^^
OSError: [Errno 101] Network is unreachable

The above exception was the direct cause of the following exception:

Traceback (most recent call last):
  File "/data/data/com.termux/files/usr/lib/python3.14/site-packages/urllib3/connectionpool.py", line 793, in urlopen
    response = self._make_request(
        conn,
    ...<10 lines>...
        **response_kw,
    )
  File "/data/data/com.termux/files/usr/lib/python3.14/site-packages/urllib3/connectionpool.py", line 494, in _make_request
    raise new_e
  File "/data/data/com.termux/files/usr/lib/python3.14/site-packages/urllib3/connectionpool.py", line 470, in _make_request
    self._validate_conn(conn)
    ~~~~~~~~~~~~~~~~~~~^^^^^^
  File "/data/data/com.termux/files/usr/lib/python3.14/site-packages/urllib3/connectionpool.py", line 1125, in _validate_conn
    conn.connect()
    ~~~~~~~~~~~~^^
  File "/data/data/com.termux/files/usr/lib/python3.14/site-packages/urllib3/connection.py", line 827, in connect
    self.sock = sock = self._new_conn()
                       ~~~~~~~~~~~~~~^^
  File "/data/data/com.termux/files/usr/lib/python3.14/site-packages/urllib3/connection.py", line 254, in _new_conn
    raise NewConnectionError(
        self, f"Failed to establish a new connection: {e}"
    ) from e
urllib3.exceptions.NewConnectionError: HTTPSConnection(host='api.telegram.org', port=443): Failed to establish a new connection: [Errno 101] Network is unreachable

The above exception was the direct cause of the following exception:

Traceback (most recent call last):
  File "/data/data/com.termux/files/usr/lib/python3.14/site-packages/requests/adapters.py", line 696, in send
    resp = conn.urlopen(
        method=request.method,
    ...<9 lines>...
        chunked=chunked,
    )
  File "/data/data/com.termux/files/usr/lib/python3.14/site-packages/urllib3/connectionpool.py", line 847, in urlopen
    retries = retries.increment(
        method, url, error=new_e, _pool=self, _stacktrace=sys.exc_info()[2]
    )
  File "/data/data/com.termux/files/usr/lib/python3.14/site-packages/urllib3/util/retry.py", line 555, in increment
    raise MaxRetryError(_pool, url, reason) from reason  # type: ignore[arg-type]
    ^^^^^^^^^^^^^^^^^^^^^^^^^^^^^^^^^^^^^^^^^^^^^^^^^^^
urllib3.exceptions.MaxRetryError: HTTPSConnectionPool(host='api.telegram.org', port=443): Max retries exceeded with url: /bot8815900502:***********************************/getUpdates?offset=424131578&timeout=20 (Caused by NewConnectionError("HTTPSConnection(host='api.telegram.org', port=443): Failed to establish a new connection: [Errno 101] Network is unreachable"))

During handling of the above exception, another exception occurred:

Traceback (most recent call last):
  File "/data/data/com.termux/files/usr/lib/python3.14/site-packages/telebot/__init__.py", line 1149, in infinity_polling
    self.polling(non_stop=True, timeout=timeout, long_polling_timeout=long_polling_timeout,
    ~~~~~~~~~~~~^^^^^^^^^^^^^^^^^^^^^^^^^^^^^^^^^^^^^^^^^^^^^^^^^^^^^^^^^^^^^^^^^^^^^^^^^^^
                 logger_level=logger_level, allowed_updates=allowed_updates, restart_on_change=False,
                 ^^^^^^^^^^^^^^^^^^^^^^^^^^^^^^^^^^^^^^^^^^^^^^^^^^^^^^^^^^^^^^^^^^^^^^^^^^^^^^^^^^^^
                 *args, **kwargs)
                 ^^^^^^^^^^^^^^^^
  File "/data/data/com.termux/files/usr/lib/python3.14/site-packages/telebot/__init__.py", line 1237, in polling
    self.__threaded_polling(non_stop=non_stop, interval=interval, timeout=timeout, long_polling_timeout=long_polling_timeout,
    ~~~~~~~~~~~~~~~~~~~~~~~^^^^^^^^^^^^^^^^^^^^^^^^^^^^^^^^^^^^^^^^^^^^^^^^^^^^^^^^^^^^^^^^^^^^^^^^^^^^^^^^^^^^^^^^^^^^^^^^^^
                            logger_level=logger_level, allowed_updates=allowed_updates)
                            ^^^^^^^^^^^^^^^^^^^^^^^^^^^^^^^^^^^^^^^^^^^^^^^^^^^^^^^^^^^
  File "/data/data/com.termux/files/usr/lib/python3.14/site-packages/telebot/__init__.py", line 1312, in __threaded_polling
    raise e
  File "/data/data/com.termux/files/usr/lib/python3.14/site-packages/telebot/__init__.py", line 1273, in __threaded_polling
    polling_thread.raise_exceptions()
    ~~~~~~~~~~~~~~~~~~~~~~~~~~~~~~~^^
  File "/data/data/com.termux/files/usr/lib/python3.14/site-packages/telebot/util.py", line 116, in raise_exceptions
    raise self.exception_info
  File "/data/data/com.termux/files/usr/lib/python3.14/site-packages/telebot/util.py", line 98, in run
    task(*args, **kwargs)
    ~~~~^^^^^^^^^^^^^^^^^
  File "/data/data/com.termux/files/usr/lib/python3.14/site-packages/telebot/__init__.py", line 691, in __retrieve_updates
    updates = self.get_updates(offset=(self.last_update_id + 1),
                               allowed_updates=allowed_updates,
                               timeout=timeout, long_polling_timeout=long_polling_timeout)
  File "/data/data/com.termux/files/usr/lib/python3.14/site-packages/telebot/__init__.py", line 663, in get_updates
    json_updates = apihelper.get_updates(
        self.token, offset=offset, limit=limit, timeout=timeout, allowed_updates=allowed_updates,
        long_polling_timeout=long_polling_timeout)
  File "/data/data/com.termux/files/usr/lib/python3.14/site-packages/telebot/apihelper.py", line 382, in get_updates
    return _make_request(token, method_url, params=payload)
  File "/data/data/com.termux/files/usr/lib/python3.14/site-packages/telebot/apihelper.py", line 162, in _make_request
    result = _get_req_session().request(
        method, request_url, params=params, files=files,
        timeout=(connect_timeout, read_timeout), proxies=proxy)
  File "/data/data/com.termux/files/usr/lib/python3.14/site-packages/requests/sessions.py", line 651, in request
    resp = self.send(prep, **send_kwargs)
  File "/data/data/com.termux/files/usr/lib/python3.14/site-packages/requests/sessions.py", line 784, in send
    r = adapter.send(request, **kwargs)
  File "/data/data/com.termux/files/usr/lib/python3.14/site-packages/requests/adapters.py", line 729, in send
    raise ConnectionError(e, request=request)
requests.exceptions.ConnectionError: HTTPSConnectionPool(host='api.telegram.org', port=443): Max retries exceeded with url: /bot8815900502:***********************************/getUpdates?offset=424131578&timeout=20 (Caused by NewConnectionError("HTTPSConnection(host='api.telegram.org', port=443): Failed to establish a new connection: [Errno 101] Network is unreachable"))
"
2026-09-27 08:58:14,300 (__init__.py:1154 TelegramBotPoll) ERROR - TeleBot: "Infinity polling exception: HTTPSConnectionPool(host='api.telegram.org', port=443): Max retries exceeded with url: /bot8815900502:***********************************/getUpdates?offset=424131578&timeout=20 (Caused by NewConnectionError("HTTPSConnection(host='api.telegram.org', port=443): Failed to establish a new connection: [Errno 101] Network is unreachable"))"
2026-09-27 08:58:14,332 (__init__.py:1156 TelegramBotPoll) ERROR - TeleBot: "Exception traceback:
Traceback (most recent call last):
  File "/data/data/com.termux/files/usr/lib/python3.14/site-packages/urllib3/connection.py", line 239, in _new_conn
    sock = connection.create_connection(
        (self._dns_host, self.port),
    ...<2 lines>...
        socket_options=self.socket_options,
    )
  File "/data/data/com.termux/files/usr/lib/python3.14/site-packages/urllib3/util/connection.py", line 85, in create_connection
    raise err
  File "/data/data/com.termux/files/usr/lib/python3.14/site-packages/urllib3/util/connection.py", line 73, in create_connection
    sock.connect(sa)
    ~~~~~~~~~~~~^^^^
OSError: [Errno 101] Network is unreachable

The above exception was the direct cause of the following exception:

Traceback (most recent call last):
  File "/data/data/com.termux/files/usr/lib/python3.14/site-packages/urllib3/connectionpool.py", line 793, in urlopen
    response = self._make_request(
        conn,
    ...<10 lines>...
        **response_kw,
    )
  File "/data/data/com.termux/files/usr/lib/python3.14/site-packages/urllib3/connectionpool.py", line 494, in _make_request
    raise new_e
  File "/data/data/com.termux/files/usr/lib/python3.14/site-packages/urllib3/connectionpool.py", line 470, in _make_request
    self._validate_conn(conn)
    ~~~~~~~~~~~~~~~~~~~^^^^^^
  File "/data/data/com.termux/files/usr/lib/python3.14/site-packages/urllib3/connectionpool.py", line 1125, in _validate_conn
    conn.connect()
    ~~~~~~~~~~~~^^
  File "/data/data/com.termux/files/usr/lib/python3.14/site-packages/urllib3/connection.py", line 827, in connect
    self.sock = sock = self._new_conn()
                       ~~~~~~~~~~~~~~^^
  File "/data/data/com.termux/files/usr/lib/python3.14/site-packages/urllib3/connection.py", line 254, in _new_conn
    raise NewConnectionError(
        self, f"Failed to establish a new connection: {e}"
    ) from e
urllib3.exceptions.NewConnectionError: HTTPSConnection(host='api.telegram.org', port=443): Failed to establish a new connection: [Errno 101] Network is unreachable

The above exception was the direct cause of the following exception:

Traceback (most recent call last):
  File "/data/data/com.termux/files/usr/lib/python3.14/site-packages/requests/adapters.py", line 696, in send
    resp = conn.urlopen(
        method=request.method,
    ...<9 lines>...
        chunked=chunked,
    )
  File "/data/data/com.termux/files/usr/lib/python3.14/site-packages/urllib3/connectionpool.py", line 847, in urlopen
    retries = retries.increment(
        method, url, error=new_e, _pool=self, _stacktrace=sys.exc_info()[2]
    )
  File "/data/data/com.termux/files/usr/lib/python3.14/site-packages/urllib3/util/retry.py", line 555, in increment
    raise MaxRetryError(_pool, url, reason) from reason  # type: ignore[arg-type]
    ^^^^^^^^^^^^^^^^^^^^^^^^^^^^^^^^^^^^^^^^^^^^^^^^^^^
urllib3.exceptions.MaxRetryError: HTTPSConnectionPool(host='api.telegram.org', port=443): Max retries exceeded with url: /bot8815900502:***********************************/getUpdates?offset=424131578&timeout=20 (Caused by NewConnectionError("HTTPSConnection(host='api.telegram.org', port=443): Failed to establish a new connection: [Errno 101] Network is unreachable"))

During handling of the above exception, another exception occurred:

Traceback (most recent call last):
  File "/data/data/com.termux/files/usr/lib/python3.14/site-packages/telebot/__init__.py", line 1149, in infinity_polling
    self.polling(non_stop=True, timeout=timeout, long_polling_timeout=long_polling_timeout,
    ~~~~~~~~~~~~^^^^^^^^^^^^^^^^^^^^^^^^^^^^^^^^^^^^^^^^^^^^^^^^^^^^^^^^^^^^^^^^^^^^^^^^^^^
                 logger_level=logger_level, allowed_updates=allowed_updates, restart_on_change=False,
                 ^^^^^^^^^^^^^^^^^^^^^^^^^^^^^^^^^^^^^^^^^^^^^^^^^^^^^^^^^^^^^^^^^^^^^^^^^^^^^^^^^^^^
                 *args, **kwargs)
                 ^^^^^^^^^^^^^^^^
  File "/data/data/com.termux/files/usr/lib/python3.14/site-packages/telebot/__init__.py", line 1237, in polling
    self.__threaded_polling(non_stop=non_stop, interval=interval, timeout=timeout, long_polling_timeout=long_polling_timeout,
    ~~~~~~~~~~~~~~~~~~~~~~~^^^^^^^^^^^^^^^^^^^^^^^^^^^^^^^^^^^^^^^^^^^^^^^^^^^^^^^^^^^^^^^^^^^^^^^^^^^^^^^^^^^^^^^^^^^^^^^^^^
                            logger_level=logger_level, allowed_updates=allowed_updates)
                            ^^^^^^^^^^^^^^^^^^^^^^^^^^^^^^^^^^^^^^^^^^^^^^^^^^^^^^^^^^^
  File "/data/data/com.termux/files/usr/lib/python3.14/site-packages/telebot/__init__.py", line 1312, in __threaded_polling
    raise e
  File "/data/data/com.termux/files/usr/lib/python3.14/site-packages/telebot/__init__.py", line 1273, in __threaded_polling
    polling_thread.raise_exceptions()
    ~~~~~~~~~~~~~~~~~~~~~~~~~~~~~~~^^
  File "/data/data/com.termux/files/usr/lib/python3.14/site-packages/telebot/util.py", line 116, in raise_exceptions
    raise self.exception_info
  File "/data/data/com.termux/files/usr/lib/python3.14/site-packages/telebot/util.py", line 98, in run
    task(*args, **kwargs)
    ~~~~^^^^^^^^^^^^^^^^^
  File "/data/data/com.termux/files/usr/lib/python3.14/site-packages/telebot/__init__.py", line 691, in __retrieve_updates
    updates = self.get_updates(offset=(self.last_update_id + 1),
                               allowed_updates=allowed_updates,
                               timeout=timeout, long_polling_timeout=long_polling_timeout)
  File "/data/data/com.termux/files/usr/lib/python3.14/site-packages/telebot/__init__.py", line 663, in get_updates
    json_updates = apihelper.get_updates(
        self.token, offset=offset, limit=limit, timeout=timeout, allowed_updates=allowed_updates,
        long_polling_timeout=long_polling_timeout)
  File "/data/data/com.termux/files/usr/lib/python3.14/site-packages/telebot/apihelper.py", line 382, in get_updates
    return _make_request(token, method_url, params=payload)
  File "/data/data/com.termux/files/usr/lib/python3.14/site-packages/telebot/apihelper.py", line 162, in _make_request
    result = _get_req_session().request(
        method, request_url, params=params, files=files,
        timeout=(connect_timeout, read_timeout), proxies=proxy)
  File "/data/data/com.termux/files/usr/lib/python3.14/site-packages/requests/sessions.py", line 651, in request
    resp = self.send(prep, **send_kwargs)
  File "/data/data/com.termux/files/usr/lib/python3.14/site-packages/requests/sessions.py", line 784, in send
    r = adapter.send(request, **kwargs)
  File "/data/data/com.termux/files/usr/lib/python3.14/site-packages/requests/adapters.py", line 729, in send
    raise ConnectionError(e, request=request)
requests.exceptions.ConnectionError: HTTPSConnectionPool(host='api.telegram.org', port=443): Max retries exceeded with url: /bot8815900502:***********************************/getUpdates?offset=424131578&timeout=20 (Caused by NewConnectionError("HTTPSConnection(host='api.telegram.org', port=443): Failed to establish a new connection: [Errno 101] Network is unreachable"))
"
2026-09-27 08:58:37,488 (__init__.py:1154 TelegramBotPoll) ERROR - TeleBot: "Infinity polling exception: HTTPSConnectionPool(host='api.telegram.org', port=443): Max retries exceeded with url: /bot8815900502:***********************************/getUpdates?offset=424131578&timeout=20 (Caused by NewConnectionError("HTTPSConnection(host='api.telegram.org', port=443): Failed to establish a new connection: [Errno 101] Network is unreachable"))"
2026-09-27 08:58:37,527 (__init__.py:1156 TelegramBotPoll) ERROR - TeleBot: "Exception traceback:
Traceback (most recent call last):
  File "/data/data/com.termux/files/usr/lib/python3.14/site-packages/urllib3/connection.py", line 239, in _new_conn
    sock = connection.create_connection(
        (self._dns_host, self.port),
    ...<2 lines>...
        socket_options=self.socket_options,
    )
  File "/data/data/com.termux/files/usr/lib/python3.14/site-packages/urllib3/util/connection.py", line 85, in create_connection
    raise err
  File "/data/data/com.termux/files/usr/lib/python3.14/site-packages/urllib3/util/connection.py", line 73, in create_connection
    sock.connect(sa)
    ~~~~~~~~~~~~^^^^
OSError: [Errno 101] Network is unreachable

The above exception was the direct cause of the following exception:

Traceback (most recent call last):
  File "/data/data/com.termux/files/usr/lib/python3.14/site-packages/urllib3/connectionpool.py", line 793, in urlopen
    response = self._make_request(
        conn,
    ...<10 lines>...
        **response_kw,
    )
  File "/data/data/com.termux/files/usr/lib/python3.14/site-packages/urllib3/connectionpool.py", line 494, in _make_request
    raise new_e
  File "/data/data/com.termux/files/usr/lib/python3.14/site-packages/urllib3/connectionpool.py", line 470, in _make_request
    self._validate_conn(conn)
    ~~~~~~~~~~~~~~~~~~~^^^^^^
  File "/data/data/com.termux/files/usr/lib/python3.14/site-packages/urllib3/connectionpool.py", line 1125, in _validate_conn
    conn.connect()
    ~~~~~~~~~~~~^^
  File "/data/data/com.termux/files/usr/lib/python3.14/site-packages/urllib3/connection.py", line 827, in connect
    self.sock = sock = self._new_conn()
                       ~~~~~~~~~~~~~~^^
  File "/data/data/com.termux/files/usr/lib/python3.14/site-packages/urllib3/connection.py", line 254, in _new_conn
    raise NewConnectionError(
        self, f"Failed to establish a new connection: {e}"
    ) from e
urllib3.exceptions.NewConnectionError: HTTPSConnection(host='api.telegram.org', port=443): Failed to establish a new connection: [Errno 101] Network is unreachable

The above exception was the direct cause of the following exception:

Traceback (most recent call last):
  File "/data/data/com.termux/files/usr/lib/python3.14/site-packages/requests/adapters.py", line 696, in send
    resp = conn.urlopen(
        method=request.method,
    ...<9 lines>...
        chunked=chunked,
    )
  File "/data/data/com.termux/files/usr/lib/python3.14/site-packages/urllib3/connectionpool.py", line 847, in urlopen
    retries = retries.increment(
        method, url, error=new_e, _pool=self, _stacktrace=sys.exc_info()[2]
    )
  File "/data/data/com.termux/files/usr/lib/python3.14/site-packages/urllib3/util/retry.py", line 555, in increment
    raise MaxRetryError(_pool, url, reason) from reason  # type: ignore[arg-type]
    ^^^^^^^^^^^^^^^^^^^^^^^^^^^^^^^^^^^^^^^^^^^^^^^^^^^
urllib3.exceptions.MaxRetryError: HTTPSConnectionPool(host='api.telegram.org', port=443): Max retries exceeded with url: /bot8815900502:***********************************/getUpdates?offset=424131578&timeout=20 (Caused by NewConnectionError("HTTPSConnection(host='api.telegram.org', port=443): Failed to establish a new connection: [Errno 101] Network is unreachable"))

During handling of the above exception, another exception occurred:

Traceback (most recent call last):
  File "/data/data/com.termux/files/usr/lib/python3.14/site-packages/telebot/__init__.py", line 1149, in infinity_polling
    self.polling(non_stop=True, timeout=timeout, long_polling_timeout=long_polling_timeout,
    ~~~~~~~~~~~~^^^^^^^^^^^^^^^^^^^^^^^^^^^^^^^^^^^^^^^^^^^^^^^^^^^^^^^^^^^^^^^^^^^^^^^^^^^
                 logger_level=logger_level, allowed_updates=allowed_updates, restart_on_change=False,
                 ^^^^^^^^^^^^^^^^^^^^^^^^^^^^^^^^^^^^^^^^^^^^^^^^^^^^^^^^^^^^^^^^^^^^^^^^^^^^^^^^^^^^
                 *args, **kwargs)
                 ^^^^^^^^^^^^^^^^
  File "/data/data/com.termux/files/usr/lib/python3.14/site-packages/telebot/__init__.py", line 1237, in polling
    self.__threaded_polling(non_stop=non_stop, interval=interval, timeout=timeout, long_polling_timeout=long_polling_timeout,
    ~~~~~~~~~~~~~~~~~~~~~~~^^^^^^^^^^^^^^^^^^^^^^^^^^^^^^^^^^^^^^^^^^^^^^^^^^^^^^^^^^^^^^^^^^^^^^^^^^^^^^^^^^^^^^^^^^^^^^^^^^
                            logger_level=logger_level, allowed_updates=allowed_updates)
                            ^^^^^^^^^^^^^^^^^^^^^^^^^^^^^^^^^^^^^^^^^^^^^^^^^^^^^^^^^^^
  File "/data/data/com.termux/files/usr/lib/python3.14/site-packages/telebot/__init__.py", line 1312, in __threaded_polling
    raise e
  File "/data/data/com.termux/files/usr/lib/python3.14/site-packages/telebot/__init__.py", line 1273, in __threaded_polling
    polling_thread.raise_exceptions()
    ~~~~~~~~~~~~~~~~~~~~~~~~~~~~~~~^^
  File "/data/data/com.termux/files/usr/lib/python3.14/site-packages/telebot/util.py", line 116, in raise_exceptions
    raise self.exception_info
  File "/data/data/com.termux/files/usr/lib/python3.14/site-packages/telebot/util.py", line 98, in run
    task(*args, **kwargs)
    ~~~~^^^^^^^^^^^^^^^^^
  File "/data/data/com.termux/files/usr/lib/python3.14/site-packages/telebot/__init__.py", line 691, in __retrieve_updates
    updates = self.get_updates(offset=(self.last_update_id + 1),
                               allowed_updates=allowed_updates,
                               timeout=timeout, long_polling_timeout=long_polling_timeout)
  File "/data/data/com.termux/files/usr/lib/python3.14/site-packages/telebot/__init__.py", line 663, in get_updates
    json_updates = apihelper.get_updates(
        self.token, offset=offset, limit=limit, timeout=timeout, allowed_updates=allowed_updates,
        long_polling_timeout=long_polling_timeout)
  File "/data/data/com.termux/files/usr/lib/python3.14/site-packages/telebot/apihelper.py", line 382, in get_updates
    return _make_request(token, method_url, params=payload)
  File "/data/data/com.termux/files/usr/lib/python3.14/site-packages/telebot/apihelper.py", line 162, in _make_request
    result = _get_req_session().request(
        method, request_url, params=params, files=files,
        timeout=(connect_timeout, read_timeout), proxies=proxy)
  File "/data/data/com.termux/files/usr/lib/python3.14/site-packages/requests/sessions.py", line 651, in request
    resp = self.send(prep, **send_kwargs)
  File "/data/data/com.termux/files/usr/lib/python3.14/site-packages/requests/sessions.py", line 784, in send
    r = adapter.send(request, **kwargs)
  File "/data/data/com.termux/files/usr/lib/python3.14/site-packages/requests/adapters.py", line 729, in send
    raise ConnectionError(e, request=request)
requests.exceptions.ConnectionError: HTTPSConnectionPool(host='api.telegram.org', port=443): Max retries exceeded with url: /bot8815900502:***********************************/getUpdates?offset=424131578&timeout=20 (Caused by NewConnectionError("HTTPSConnection(host='api.telegram.org', port=443): Failed to establish a new connection: [Errno 101] Network is unreachable"))
"
2026-09-27 08:59:00,575 (__init__.py:1154 TelegramBotPoll) ERROR - TeleBot: "Infinity polling exception: HTTPSConnectionPool(host='api.telegram.org', port=443): Max retries exceeded with url: /bot8815900502:***********************************/getUpdates?offset=424131578&timeout=20 (Caused by NewConnectionError("HTTPSConnection(host='api.telegram.org', port=443): Failed to establish a new connection: [Errno 101] Network is unreachable"))"
2026-09-27 08:59:00,609 (__init__.py:1156 TelegramBotPoll) ERROR - TeleBot: "Exception traceback:
Traceback (most recent call last):
  File "/data/data/com.termux/files/usr/lib/python3.14/site-packages/urllib3/connection.py", line 239, in _new_conn
    sock = connection.create_connection(
        (self._dns_host, self.port),
    ...<2 lines>...
        socket_options=self.socket_options,
    )
  File "/data/data/com.termux/files/usr/lib/python3.14/site-packages/urllib3/util/connection.py", line 85, in create_connection
    raise err
  File "/data/data/com.termux/files/usr/lib/python3.14/site-packages/urllib3/util/connection.py", line 73, in create_connection
    sock.connect(sa)
    ~~~~~~~~~~~~^^^^
OSError: [Errno 101] Network is unreachable

The above exception was the direct cause of the following exception:

Traceback (most recent call last):
  File "/data/data/com.termux/files/usr/lib/python3.14/site-packages/urllib3/connectionpool.py", line 793, in urlopen
    response = self._make_request(
        conn,
    ...<10 lines>...
        **response_kw,
    )
  File "/data/data/com.termux/files/usr/lib/python3.14/site-packages/urllib3/connectionpool.py", line 494, in _make_request
    raise new_e
  File "/data/data/com.termux/files/usr/lib/python3.14/site-packages/urllib3/connectionpool.py", line 470, in _make_request
    self._validate_conn(conn)
    ~~~~~~~~~~~~~~~~~~~^^^^^^
  File "/data/data/com.termux/files/usr/lib/python3.14/site-packages/urllib3/connectionpool.py", line 1125, in _validate_conn
    conn.connect()
    ~~~~~~~~~~~~^^
  File "/data/data/com.termux/files/usr/lib/python3.14/site-packages/urllib3/connection.py", line 827, in connect
    self.sock = sock = self._new_conn()
                       ~~~~~~~~~~~~~~^^
  File "/data/data/com.termux/files/usr/lib/python3.14/site-packages/urllib3/connection.py", line 254, in _new_conn
    raise NewConnectionError(
        self, f"Failed to establish a new connection: {e}"
    ) from e
urllib3.exceptions.NewConnectionError: HTTPSConnection(host='api.telegram.org', port=443): Failed to establish a new connection: [Errno 101] Network is unreachable

The above exception was the direct cause of the following exception:

Traceback (most recent call last):
  File "/data/data/com.termux/files/usr/lib/python3.14/site-packages/requests/adapters.py", line 696, in send
    resp = conn.urlopen(
        method=request.method,
    ...<9 lines>...
        chunked=chunked,
    )
  File "/data/data/com.termux/files/usr/lib/python3.14/site-packages/urllib3/connectionpool.py", line 847, in urlopen
    retries = retries.increment(
        method, url, error=new_e, _pool=self, _stacktrace=sys.exc_info()[2]
    )
  File "/data/data/com.termux/files/usr/lib/python3.14/site-packages/urllib3/util/retry.py", line 555, in increment
    raise MaxRetryError(_pool, url, reason) from reason  # type: ignore[arg-type]
    ^^^^^^^^^^^^^^^^^^^^^^^^^^^^^^^^^^^^^^^^^^^^^^^^^^^
urllib3.exceptions.MaxRetryError: HTTPSConnectionPool(host='api.telegram.org', port=443): Max retries exceeded with url: /bot8815900502:***********************************/getUpdates?offset=424131578&timeout=20 (Caused by NewConnectionError("HTTPSConnection(host='api.telegram.org', port=443): Failed to establish a new connection: [Errno 101] Network is unreachable"))

During handling of the above exception, another exception occurred:

Traceback (most recent call last):
  File "/data/data/com.termux/files/usr/lib/python3.14/site-packages/telebot/__init__.py", line 1149, in infinity_polling
    self.polling(non_stop=True, timeout=timeout, long_polling_timeout=long_polling_timeout,
    ~~~~~~~~~~~~^^^^^^^^^^^^^^^^^^^^^^^^^^^^^^^^^^^^^^^^^^^^^^^^^^^^^^^^^^^^^^^^^^^^^^^^^^^
                 logger_level=logger_level, allowed_updates=allowed_updates, restart_on_change=False,
                 ^^^^^^^^^^^^^^^^^^^^^^^^^^^^^^^^^^^^^^^^^^^^^^^^^^^^^^^^^^^^^^^^^^^^^^^^^^^^^^^^^^^^
                 *args, **kwargs)
                 ^^^^^^^^^^^^^^^^
  File "/data/data/com.termux/files/usr/lib/python3.14/site-packages/telebot/__init__.py", line 1237, in polling
    self.__threaded_polling(non_stop=non_stop, interval=interval, timeout=timeout, long_polling_timeout=long_polling_timeout,
    ~~~~~~~~~~~~~~~~~~~~~~~^^^^^^^^^^^^^^^^^^^^^^^^^^^^^^^^^^^^^^^^^^^^^^^^^^^^^^^^^^^^^^^^^^^^^^^^^^^^^^^^^^^^^^^^^^^^^^^^^^
                            logger_level=logger_level, allowed_updates=allowed_updates)
                            ^^^^^^^^^^^^^^^^^^^^^^^^^^^^^^^^^^^^^^^^^^^^^^^^^^^^^^^^^^^
  File "/data/data/com.termux/files/usr/lib/python3.14/site-packages/telebot/__init__.py", line 1312, in __threaded_polling
    raise e
  File "/data/data/com.termux/files/usr/lib/python3.14/site-packages/telebot/__init__.py", line 1273, in __threaded_polling
    polling_thread.raise_exceptions()
    ~~~~~~~~~~~~~~~~~~~~~~~~~~~~~~~^^
  File "/data/data/com.termux/files/usr/lib/python3.14/site-packages/telebot/util.py", line 116, in raise_exceptions
    raise self.exception_info
  File "/data/data/com.termux/files/usr/lib/python3.14/site-packages/telebot/util.py", line 98, in run
    task(*args, **kwargs)
    ~~~~^^^^^^^^^^^^^^^^^
  File "/data/data/com.termux/files/usr/lib/python3.14/site-packages/telebot/__init__.py", line 691, in __retrieve_updates
    updates = self.get_updates(offset=(self.last_update_id + 1),
                               allowed_updates=allowed_updates,
                               timeout=timeout, long_polling_timeout=long_polling_timeout)
  File "/data/data/com.termux/files/usr/lib/python3.14/site-packages/telebot/__init__.py", line 663, in get_updates
    json_updates = apihelper.get_updates(
        self.token, offset=offset, limit=limit, timeout=timeout, allowed_updates=allowed_updates,
        long_polling_timeout=long_polling_timeout)
  File "/data/data/com.termux/files/usr/lib/python3.14/site-packages/telebot/apihelper.py", line 382, in get_updates
    return _make_request(token, method_url, params=payload)
  File "/data/data/com.termux/files/usr/lib/python3.14/site-packages/telebot/apihelper.py", line 162, in _make_request
    result = _get_req_session().request(
        method, request_url, params=params, files=files,
        timeout=(connect_timeout, read_timeout), proxies=proxy)
  File "/data/data/com.termux/files/usr/lib/python3.14/site-packages/requests/sessions.py", line 651, in request
    resp = self.send(prep, **send_kwargs)
  File "/data/data/com.termux/files/usr/lib/python3.14/site-packages/requests/sessions.py", line 784, in send
    r = adapter.send(request, **kwargs)
  File "/data/data/com.termux/files/usr/lib/python3.14/site-packages/requests/adapters.py", line 729, in send
    raise ConnectionError(e, request=request)
requests.exceptions.ConnectionError: HTTPSConnectionPool(host='api.telegram.org', port=443): Max retries exceeded with url: /bot8815900502:***********************************/getUpdates?offset=424131578&timeout=20 (Caused by NewConnectionError("HTTPSConnection(host='api.telegram.org', port=443): Failed to establish a new connection: [Errno 101] Network is unreachable"))
"
2026-09-27 08:59:23,659 (__init__.py:1154 TelegramBotPoll) ERROR - TeleBot: "Infinity polling exception: HTTPSConnectionPool(host='api.telegram.org', port=443): Max retries exceeded with url: /bot8815900502:***********************************/getUpdates?offset=424131578&timeout=20 (Caused by NewConnectionError("HTTPSConnection(host='api.telegram.org', port=443): Failed to establish a new connection: [Errno 101] Network is unreachable"))"
2026-09-27 08:59:23,691 (__init__.py:1156 TelegramBotPoll) ERROR - TeleBot: "Exception traceback:
Traceback (most recent call last):
  File "/data/data/com.termux/files/usr/lib/python3.14/site-packages/urllib3/connection.py", line 239, in _new_conn
    sock = connection.create_connection(
        (self._dns_host, self.port),
    ...<2 lines>...
        socket_options=self.socket_options,
    )
  File "/data/data/com.termux/files/usr/lib/python3.14/site-packages/urllib3/util/connection.py", line 85, in create_connection
    raise err
  File "/data/data/com.termux/files/usr/lib/python3.14/site-packages/urllib3/util/connection.py", line 73, in create_connection
    sock.connect(sa)
    ~~~~~~~~~~~~^^^^
OSError: [Errno 101] Network is unreachable

The above exception was the direct cause of the following exception:

Traceback (most recent call last):
  File "/data/data/com.termux/files/usr/lib/python3.14/site-packages/urllib3/connectionpool.py", line 793, in urlopen
    response = self._make_request(
        conn,
    ...<10 lines>...
        **response_kw,
    )
  File "/data/data/com.termux/files/usr/lib/python3.14/site-packages/urllib3/connectionpool.py", line 494, in _make_request
    raise new_e
  File "/data/data/com.termux/files/usr/lib/python3.14/site-packages/urllib3/connectionpool.py", line 470, in _make_request
    self._validate_conn(conn)
    ~~~~~~~~~~~~~~~~~~~^^^^^^
  File "/data/data/com.termux/files/usr/lib/python3.14/site-packages/urllib3/connectionpool.py", line 1125, in _validate_conn
    conn.connect()
    ~~~~~~~~~~~~^^
  File "/data/data/com.termux/files/usr/lib/python3.14/site-packages/urllib3/connection.py", line 827, in connect
    self.sock = sock = self._new_conn()
                       ~~~~~~~~~~~~~~^^
  File "/data/data/com.termux/files/usr/lib/python3.14/site-packages/urllib3/connection.py", line 254, in _new_conn
    raise NewConnectionError(
        self, f"Failed to establish a new connection: {e}"
    ) from e
urllib3.exceptions.NewConnectionError: HTTPSConnection(host='api.telegram.org', port=443): Failed to establish a new connection: [Errno 101] Network is unreachable

The above exception was the direct cause of the following exception:

Traceback (most recent call last):
  File "/data/data/com.termux/files/usr/lib/python3.14/site-packages/requests/adapters.py", line 696, in send
    resp = conn.urlopen(
        method=request.method,
    ...<9 lines>...
        chunked=chunked,
    )
  File "/data/data/com.termux/files/usr/lib/python3.14/site-packages/urllib3/connectionpool.py", line 847, in urlopen
    retries = retries.increment(
        method, url, error=new_e, _pool=self, _stacktrace=sys.exc_info()[2]
    )
  File "/data/data/com.termux/files/usr/lib/python3.14/site-packages/urllib3/util/retry.py", line 555, in increment
    raise MaxRetryError(_pool, url, reason) from reason  # type: ignore[arg-type]
    ^^^^^^^^^^^^^^^^^^^^^^^^^^^^^^^^^^^^^^^^^^^^^^^^^^^
urllib3.exceptions.MaxRetryError: HTTPSConnectionPool(host='api.telegram.org', port=443): Max retries exceeded with url: /bot8815900502:***********************************/getUpdates?offset=424131578&timeout=20 (Caused by NewConnectionError("HTTPSConnection(host='api.telegram.org', port=443): Failed to establish a new connection: [Errno 101] Network is unreachable"))

During handling of the above exception, another exception occurred:

Traceback (most recent call last):
  File "/data/data/com.termux/files/usr/lib/python3.14/site-packages/telebot/__init__.py", line 1149, in infinity_polling
    self.polling(non_stop=True, timeout=timeout, long_polling_timeout=long_polling_timeout,
    ~~~~~~~~~~~~^^^^^^^^^^^^^^^^^^^^^^^^^^^^^^^^^^^^^^^^^^^^^^^^^^^^^^^^^^^^^^^^^^^^^^^^^^^
                 logger_level=logger_level, allowed_updates=allowed_updates, restart_on_change=False,
                 ^^^^^^^^^^^^^^^^^^^^^^^^^^^^^^^^^^^^^^^^^^^^^^^^^^^^^^^^^^^^^^^^^^^^^^^^^^^^^^^^^^^^
                 *args, **kwargs)
                 ^^^^^^^^^^^^^^^^
  File "/data/data/com.termux/files/usr/lib/python3.14/site-packages/telebot/__init__.py", line 1237, in polling
    self.__threaded_polling(non_stop=non_stop, interval=interval, timeout=timeout, long_polling_timeout=long_polling_timeout,
    ~~~~~~~~~~~~~~~~~~~~~~~^^^^^^^^^^^^^^^^^^^^^^^^^^^^^^^^^^^^^^^^^^^^^^^^^^^^^^^^^^^^^^^^^^^^^^^^^^^^^^^^^^^^^^^^^^^^^^^^^^
                            logger_level=logger_level, allowed_updates=allowed_updates)
                            ^^^^^^^^^^^^^^^^^^^^^^^^^^^^^^^^^^^^^^^^^^^^^^^^^^^^^^^^^^^
  File "/data/data/com.termux/files/usr/lib/python3.14/site-packages/telebot/__init__.py", line 1312, in __threaded_polling
    raise e
  File "/data/data/com.termux/files/usr/lib/python3.14/site-packages/telebot/__init__.py", line 1273, in __threaded_polling
    polling_thread.raise_exceptions()
    ~~~~~~~~~~~~~~~~~~~~~~~~~~~~~~~^^
  File "/data/data/com.termux/files/usr/lib/python3.14/site-packages/telebot/util.py", line 116, in raise_exceptions
    raise self.exception_info
  File "/data/data/com.termux/files/usr/lib/python3.14/site-packages/telebot/util.py", line 98, in run
    task(*args, **kwargs)
    ~~~~^^^^^^^^^^^^^^^^^
  File "/data/data/com.termux/files/usr/lib/python3.14/site-packages/telebot/__init__.py", line 691, in __retrieve_updates
    updates = self.get_updates(offset=(self.last_update_id + 1),
                               allowed_updates=allowed_updates,
                               timeout=timeout, long_polling_timeout=long_polling_timeout)
  File "/data/data/com.termux/files/usr/lib/python3.14/site-packages/telebot/__init__.py", line 663, in get_updates
    json_updates = apihelper.get_updates(
        self.token, offset=offset, limit=limit, timeout=timeout, allowed_updates=allowed_updates,
        long_polling_timeout=long_polling_timeout)
  File "/data/data/com.termux/files/usr/lib/python3.14/site-packages/telebot/apihelper.py", line 382, in get_updates
    return _make_request(token, method_url, params=payload)
  File "/data/data/com.termux/files/usr/lib/python3.14/site-packages/telebot/apihelper.py", line 162, in _make_request
    result = _get_req_session().request(
        method, request_url, params=params, files=files,
        timeout=(connect_timeout, read_timeout), proxies=proxy)
  File "/data/data/com.termux/files/usr/lib/python3.14/site-packages/requests/sessions.py", line 651, in request
    resp = self.send(prep, **send_kwargs)
  File "/data/data/com.termux/files/usr/lib/python3.14/site-packages/requests/sessions.py", line 784, in send
    r = adapter.send(request, **kwargs)
  File "/data/data/com.termux/files/usr/lib/python3.14/site-packages/requests/adapters.py", line 729, in send
    raise ConnectionError(e, request=request)
requests.exceptions.ConnectionError: HTTPSConnectionPool(host='api.telegram.org', port=443): Max retries exceeded with url: /bot8815900502:***********************************/getUpdates?offset=424131578&timeout=20 (Caused by NewConnectionError("HTTPSConnection(host='api.telegram.org', port=443): Failed to establish a new connection: [Errno 101] Network is unreachable"))
"
2026-09-27 08:59:43,863 (__init__.py:1154 TelegramBotPoll) ERROR - TeleBot: "Infinity polling exception: HTTPSConnectionPool(host='api.telegram.org', port=443): Max retries exceeded with url: /bot8815900502:***********************************/getUpdates?offset=424131578&timeout=20 (Caused by NewConnectionError("HTTPSConnection(host='api.telegram.org', port=443): Failed to establish a new connection: [Errno 101] Network is unreachable"))"
2026-09-27 08:59:43,894 (__init__.py:1156 TelegramBotPoll) ERROR - TeleBot: "Exception traceback:
Traceback (most recent call last):
  File "/data/data/com.termux/files/usr/lib/python3.14/site-packages/urllib3/connection.py", line 239, in _new_conn
    sock = connection.create_connection(
        (self._dns_host, self.port),
    ...<2 lines>...
        socket_options=self.socket_options,
    )
  File "/data/data/com.termux/files/usr/lib/python3.14/site-packages/urllib3/util/connection.py", line 85, in create_connection
    raise err
  File "/data/data/com.termux/files/usr/lib/python3.14/site-packages/urllib3/util/connection.py", line 73, in create_connection
    sock.connect(sa)
    ~~~~~~~~~~~~^^^^
OSError: [Errno 101] Network is unreachable

The above exception was the direct cause of the following exception:

Traceback (most recent call last):
  File "/data/data/com.termux/files/usr/lib/python3.14/site-packages/urllib3/connectionpool.py", line 793, in urlopen
    response = self._make_request(
        conn,
    ...<10 lines>...
        **response_kw,
    )
  File "/data/data/com.termux/files/usr/lib/python3.14/site-packages/urllib3/connectionpool.py", line 494, in _make_request
    raise new_e
  File "/data/data/com.termux/files/usr/lib/python3.14/site-packages/urllib3/connectionpool.py", line 470, in _make_request
    self._validate_conn(conn)
    ~~~~~~~~~~~~~~~~~~~^^^^^^
  File "/data/data/com.termux/files/usr/lib/python3.14/site-packages/urllib3/connectionpool.py", line 1125, in _validate_conn
    conn.connect()
    ~~~~~~~~~~~~^^
  File "/data/data/com.termux/files/usr/lib/python3.14/site-packages/urllib3/connection.py", line 827, in connect
    self.sock = sock = self._new_conn()
                       ~~~~~~~~~~~~~~^^
  File "/data/data/com.termux/files/usr/lib/python3.14/site-packages/urllib3/connection.py", line 254, in _new_conn
    raise NewConnectionError(
        self, f"Failed to establish a new connection: {e}"
    ) from e
urllib3.exceptions.NewConnectionError: HTTPSConnection(host='api.telegram.org', port=443): Failed to establish a new connection: [Errno 101] Network is unreachable

The above exception was the direct cause of the following exception:

Traceback (most recent call last):
  File "/data/data/com.termux/files/usr/lib/python3.14/site-packages/requests/adapters.py", line 696, in send
    resp = conn.urlopen(
        method=request.method,
    ...<9 lines>...
        chunked=chunked,
    )
  File "/data/data/com.termux/files/usr/lib/python3.14/site-packages/urllib3/connectionpool.py", line 847, in urlopen
    retries = retries.increment(
        method, url, error=new_e, _pool=self, _stacktrace=sys.exc_info()[2]
    )
  File "/data/data/com.termux/files/usr/lib/python3.14/site-packages/urllib3/util/retry.py", line 555, in increment
    raise MaxRetryError(_pool, url, reason) from reason  # type: ignore[arg-type]
    ^^^^^^^^^^^^^^^^^^^^^^^^^^^^^^^^^^^^^^^^^^^^^^^^^^^
urllib3.exceptions.MaxRetryError: HTTPSConnectionPool(host='api.telegram.org', port=443): Max retries exceeded with url: /bot8815900502:***********************************/getUpdates?offset=424131578&timeout=20 (Caused by NewConnectionError("HTTPSConnection(host='api.telegram.org', port=443): Failed to establish a new connection: [Errno 101] Network is unreachable"))

During handling of the above exception, another exception occurred:

Traceback (most recent call last):
  File "/data/data/com.termux/files/usr/lib/python3.14/site-packages/telebot/__init__.py", line 1149, in infinity_polling
    self.polling(non_stop=True, timeout=timeout, long_polling_timeout=long_polling_timeout,
    ~~~~~~~~~~~~^^^^^^^^^^^^^^^^^^^^^^^^^^^^^^^^^^^^^^^^^^^^^^^^^^^^^^^^^^^^^^^^^^^^^^^^^^^
                 logger_level=logger_level, allowed_updates=allowed_updates, restart_on_change=False,
                 ^^^^^^^^^^^^^^^^^^^^^^^^^^^^^^^^^^^^^^^^^^^^^^^^^^^^^^^^^^^^^^^^^^^^^^^^^^^^^^^^^^^^
                 *args, **kwargs)
                 ^^^^^^^^^^^^^^^^
  File "/data/data/com.termux/files/usr/lib/python3.14/site-packages/telebot/__init__.py", line 1237, in polling
    self.__threaded_polling(non_stop=non_stop, interval=interval, timeout=timeout, long_polling_timeout=long_polling_timeout,
    ~~~~~~~~~~~~~~~~~~~~~~~^^^^^^^^^^^^^^^^^^^^^^^^^^^^^^^^^^^^^^^^^^^^^^^^^^^^^^^^^^^^^^^^^^^^^^^^^^^^^^^^^^^^^^^^^^^^^^^^^^
                            logger_level=logger_level, allowed_updates=allowed_updates)
                            ^^^^^^^^^^^^^^^^^^^^^^^^^^^^^^^^^^^^^^^^^^^^^^^^^^^^^^^^^^^
  File "/data/data/com.termux/files/usr/lib/python3.14/site-packages/telebot/__init__.py", line 1312, in __threaded_polling
    raise e
  File "/data/data/com.termux/files/usr/lib/python3.14/site-packages/telebot/__init__.py", line 1273, in __threaded_polling
    polling_thread.raise_exceptions()
    ~~~~~~~~~~~~~~~~~~~~~~~~~~~~~~~^^
  File "/data/data/com.termux/files/usr/lib/python3.14/site-packages/telebot/util.py", line 116, in raise_exceptions
    raise self.exception_info
  File "/data/data/com.termux/files/usr/lib/python3.14/site-packages/telebot/util.py", line 98, in run
    task(*args, **kwargs)
    ~~~~^^^^^^^^^^^^^^^^^
  File "/data/data/com.termux/files/usr/lib/python3.14/site-packages/telebot/__init__.py", line 691, in __retrieve_updates
    updates = self.get_updates(offset=(self.last_update_id + 1),
                               allowed_updates=allowed_updates,
                               timeout=timeout, long_polling_timeout=long_polling_timeout)
  File "/data/data/com.termux/files/usr/lib/python3.14/site-packages/telebot/__init__.py", line 663, in get_updates
    json_updates = apihelper.get_updates(
        self.token, offset=offset, limit=limit, timeout=timeout, allowed_updates=allowed_updates,
        long_polling_timeout=long_polling_timeout)
  File "/data/data/com.termux/files/usr/lib/python3.14/site-packages/telebot/apihelper.py", line 382, in get_updates
    return _make_request(token, method_url, params=payload)
  File "/data/data/com.termux/files/usr/lib/python3.14/site-packages/telebot/apihelper.py", line 162, in _make_request
    result = _get_req_session().request(
        method, request_url, params=params, files=files,
        timeout=(connect_timeout, read_timeout), proxies=proxy)
  File "/data/data/com.termux/files/usr/lib/python3.14/site-packages/requests/sessions.py", line 651, in request
    resp = self.send(prep, **send_kwargs)
  File "/data/data/com.termux/files/usr/lib/python3.14/site-packages/requests/sessions.py", line 784, in send
    r = adapter.send(request, **kwargs)
  File "/data/data/com.termux/files/usr/lib/python3.14/site-packages/requests/adapters.py", line 729, in send
    raise ConnectionError(e, request=request)
requests.exceptions.ConnectionError: HTTPSConnectionPool(host='api.telegram.org', port=443): Max retries exceeded with url: /bot8815900502:***********************************/getUpdates?offset=424131578&timeout=20 (Caused by NewConnectionError("HTTPSConnection(host='api.telegram.org', port=443): Failed to establish a new connection: [Errno 101] Network is unreachable"))
"
2026-09-27 08:59:59,739 (__init__.py:1154 TelegramBotPoll) ERROR - TeleBot: "Infinity polling exception: ('Connection aborted.', ConnectionResetError(104, 'Connection reset by peer'))"
2026-09-27 08:59:59,771 (__init__.py:1156 TelegramBotPoll) ERROR - TeleBot: "Exception traceback:
Traceback (most recent call last):
  File "/data/data/com.termux/files/usr/lib/python3.14/site-packages/urllib3/connectionpool.py", line 793, in urlopen
    response = self._make_request(
        conn,
    ...<10 lines>...
        **response_kw,
    )
  File "/data/data/com.termux/files/usr/lib/python3.14/site-packages/urllib3/connectionpool.py", line 540, in _make_request
    response = conn.getresponse()
  File "/data/data/com.termux/files/usr/lib/python3.14/site-packages/urllib3/connection.py", line 638, in getresponse
    httplib_response = super().getresponse()
  File "/data/data/com.termux/files/usr/lib/python3.14/http/client.py", line 1459, in getresponse
    response.begin()
    ~~~~~~~~~~~~~~^^
  File "/data/data/com.termux/files/usr/lib/python3.14/http/client.py", line 336, in begin
    version, status, reason = self._read_status()
                              ~~~~~~~~~~~~~~~~~^^
  File "/data/data/com.termux/files/usr/lib/python3.14/http/client.py", line 297, in _read_status
    line = str(self.fp.readline(_MAXLINE + 1), "iso-8859-1")
               ~~~~~~~~~~~~~~~~^^^^^^^^^^^^^^
  File "/data/data/com.termux/files/usr/lib/python3.14/socket.py", line 729, in readinto
    return self._sock.recv_into(b)
           ~~~~~~~~~~~~~~~~~~~~^^^
  File "/data/data/com.termux/files/usr/lib/python3.14/ssl.py", line 1304, in recv_into
    return self.read(nbytes, buffer)
           ~~~~~~~~~^^^^^^^^^^^^^^^^
  File "/data/data/com.termux/files/usr/lib/python3.14/ssl.py", line 1138, in read
    return self._sslobj.read(len, buffer)
           ~~~~~~~~~~~~~~~~~^^^^^^^^^^^^^
ConnectionResetError: [Errno 104] Connection reset by peer

During handling of the above exception, another exception occurred:

Traceback (most recent call last):
  File "/data/data/com.termux/files/usr/lib/python3.14/site-packages/requests/adapters.py", line 696, in send
    resp = conn.urlopen(
        method=request.method,
    ...<9 lines>...
        chunked=chunked,
    )
  File "/data/data/com.termux/files/usr/lib/python3.14/site-packages/urllib3/connectionpool.py", line 847, in urlopen
    retries = retries.increment(
        method, url, error=new_e, _pool=self, _stacktrace=sys.exc_info()[2]
    )
  File "/data/data/com.termux/files/usr/lib/python3.14/site-packages/urllib3/util/retry.py", line 510, in increment
    raise reraise(type(error), error, _stacktrace)
          ~~~~~~~^^^^^^^^^^^^^^^^^^^^^^^^^^^^^^^^^
  File "/data/data/com.termux/files/usr/lib/python3.14/site-packages/urllib3/util/util.py", line 38, in reraise
    raise value.with_traceback(tb)
  File "/data/data/com.termux/files/usr/lib/python3.14/site-packages/urllib3/connectionpool.py", line 793, in urlopen
    response = self._make_request(
        conn,
    ...<10 lines>...
        **response_kw,
    )
  File "/data/data/com.termux/files/usr/lib/python3.14/site-packages/urllib3/connectionpool.py", line 540, in _make_request
    response = conn.getresponse()
  File "/data/data/com.termux/files/usr/lib/python3.14/site-packages/urllib3/connection.py", line 638, in getresponse
    httplib_response = super().getresponse()
  File "/data/data/com.termux/files/usr/lib/python3.14/http/client.py", line 1459, in getresponse
    response.begin()
    ~~~~~~~~~~~~~~^^
  File "/data/data/com.termux/files/usr/lib/python3.14/http/client.py", line 336, in begin
    version, status, reason = self._read_status()
                              ~~~~~~~~~~~~~~~~~^^
  File "/data/data/com.termux/files/usr/lib/python3.14/http/client.py", line 297, in _read_status
    line = str(self.fp.readline(_MAXLINE + 1), "iso-8859-1")
               ~~~~~~~~~~~~~~~~^^^^^^^^^^^^^^
  File "/data/data/com.termux/files/usr/lib/python3.14/socket.py", line 729, in readinto
    return self._sock.recv_into(b)
           ~~~~~~~~~~~~~~~~~~~~^^^
  File "/data/data/com.termux/files/usr/lib/python3.14/ssl.py", line 1304, in recv_into
    return self.read(nbytes, buffer)
           ~~~~~~~~~^^^^^^^^^^^^^^^^
  File "/data/data/com.termux/files/usr/lib/python3.14/ssl.py", line 1138, in read
    return self._sslobj.read(len, buffer)
           ~~~~~~~~~~~~~~~~~^^^^^^^^^^^^^
urllib3.exceptions.ProtocolError: ('Connection aborted.', ConnectionResetError(104, 'Connection reset by peer'))

During handling of the above exception, another exception occurred:

Traceback (most recent call last):
  File "/data/data/com.termux/files/usr/lib/python3.14/site-packages/telebot/__init__.py", line 1149, in infinity_polling
    self.polling(non_stop=True, timeout=timeout, long_polling_timeout=long_polling_timeout,
    ~~~~~~~~~~~~^^^^^^^^^^^^^^^^^^^^^^^^^^^^^^^^^^^^^^^^^^^^^^^^^^^^^^^^^^^^^^^^^^^^^^^^^^^
                 logger_level=logger_level, allowed_updates=allowed_updates, restart_on_change=False,
                 ^^^^^^^^^^^^^^^^^^^^^^^^^^^^^^^^^^^^^^^^^^^^^^^^^^^^^^^^^^^^^^^^^^^^^^^^^^^^^^^^^^^^
                 *args, **kwargs)
                 ^^^^^^^^^^^^^^^^
  File "/data/data/com.termux/files/usr/lib/python3.14/site-packages/telebot/__init__.py", line 1237, in polling
    self.__threaded_polling(non_stop=non_stop, interval=interval, timeout=timeout, long_polling_timeout=long_polling_timeout,
    ~~~~~~~~~~~~~~~~~~~~~~~^^^^^^^^^^^^^^^^^^^^^^^^^^^^^^^^^^^^^^^^^^^^^^^^^^^^^^^^^^^^^^^^^^^^^^^^^^^^^^^^^^^^^^^^^^^^^^^^^^
                            logger_level=logger_level, allowed_updates=allowed_updates)
                            ^^^^^^^^^^^^^^^^^^^^^^^^^^^^^^^^^^^^^^^^^^^^^^^^^^^^^^^^^^^
  File "/data/data/com.termux/files/usr/lib/python3.14/site-packages/telebot/__init__.py", line 1312, in __threaded_polling
    raise e
  File "/data/data/com.termux/files/usr/lib/python3.14/site-packages/telebot/__init__.py", line 1273, in __threaded_polling
    polling_thread.raise_exceptions()
    ~~~~~~~~~~~~~~~~~~~~~~~~~~~~~~~^^
  File "/data/data/com.termux/files/usr/lib/python3.14/site-packages/telebot/util.py", line 116, in raise_exceptions
    raise self.exception_info
  File "/data/data/com.termux/files/usr/lib/python3.14/site-packages/telebot/util.py", line 98, in run
    task(*args, **kwargs)
    ~~~~^^^^^^^^^^^^^^^^^
  File "/data/data/com.termux/files/usr/lib/python3.14/site-packages/telebot/__init__.py", line 691, in __retrieve_updates
    updates = self.get_updates(offset=(self.last_update_id + 1),
                               allowed_updates=allowed_updates,
                               timeout=timeout, long_polling_timeout=long_polling_timeout)
  File "/data/data/com.termux/files/usr/lib/python3.14/site-packages/telebot/__init__.py", line 663, in get_updates
    json_updates = apihelper.get_updates(
        self.token, offset=offset, limit=limit, timeout=timeout, allowed_updates=allowed_updates,
        long_polling_timeout=long_polling_timeout)
  File "/data/data/com.termux/files/usr/lib/python3.14/site-packages/telebot/apihelper.py", line 382, in get_updates
    return _make_request(token, method_url, params=payload)
  File "/data/data/com.termux/files/usr/lib/python3.14/site-packages/telebot/apihelper.py", line 162, in _make_request
    result = _get_req_session().request(
        method, request_url, params=params, files=files,
        timeout=(connect_timeout, read_timeout), proxies=proxy)
  File "/data/data/com.termux/files/usr/lib/python3.14/site-packages/requests/sessions.py", line 651, in request
    resp = self.send(prep, **send_kwargs)
  File "/data/data/com.termux/files/usr/lib/python3.14/site-packages/requests/sessions.py", line 784, in send
    r = adapter.send(request, **kwargs)
  File "/data/data/com.termux/files/usr/lib/python3.14/site-packages/requests/adapters.py", line 711, in send
    raise ConnectionError(err, request=request)
requests.exceptions.ConnectionError: ('Connection aborted.', ConnectionResetError(104, 'Connection reset by peer'))
"
2026-09-27 09:00:15,276 (__init__.py:1154 TelegramBotPoll) ERROR - TeleBot: "Infinity polling exception: ('Connection aborted.', ConnectionResetError(104, 'Connection reset by peer'))"
2026-09-27 09:00:15,307 (__init__.py:1156 TelegramBotPoll) ERROR - TeleBot: "Exception traceback:
Traceback (most recent call last):
  File "/data/data/com.termux/files/usr/lib/python3.14/site-packages/urllib3/connectionpool.py", line 793, in urlopen
    response = self._make_request(
        conn,
    ...<10 lines>...
        **response_kw,
    )
  File "/data/data/com.termux/files/usr/lib/python3.14/site-packages/urllib3/connectionpool.py", line 540, in _make_request
    response = conn.getresponse()
  File "/data/data/com.termux/files/usr/lib/python3.14/site-packages/urllib3/connection.py", line 638, in getresponse
    httplib_response = super().getresponse()
  File "/data/data/com.termux/files/usr/lib/python3.14/http/client.py", line 1459, in getresponse
    response.begin()
    ~~~~~~~~~~~~~~^^
  File "/data/data/com.termux/files/usr/lib/python3.14/http/client.py", line 336, in begin
    version, status, reason = self._read_status()
                              ~~~~~~~~~~~~~~~~~^^
  File "/data/data/com.termux/files/usr/lib/python3.14/http/client.py", line 297, in _read_status
    line = str(self.fp.readline(_MAXLINE + 1), "iso-8859-1")
               ~~~~~~~~~~~~~~~~^^^^^^^^^^^^^^
  File "/data/data/com.termux/files/usr/lib/python3.14/socket.py", line 729, in readinto
    return self._sock.recv_into(b)
           ~~~~~~~~~~~~~~~~~~~~^^^
  File "/data/data/com.termux/files/usr/lib/python3.14/ssl.py", line 1304, in recv_into
    return self.read(nbytes, buffer)
           ~~~~~~~~~^^^^^^^^^^^^^^^^
  File "/data/data/com.termux/files/usr/lib/python3.14/ssl.py", line 1138, in read
    return self._sslobj.read(len, buffer)
           ~~~~~~~~~~~~~~~~~^^^^^^^^^^^^^
ConnectionResetError: [Errno 104] Connection reset by peer

During handling of the above exception, another exception occurred:

Traceback (most recent call last):
  File "/data/data/com.termux/files/usr/lib/python3.14/site-packages/requests/adapters.py", line 696, in send
    resp = conn.urlopen(
        method=request.method,
    ...<9 lines>...
        chunked=chunked,
    )
  File "/data/data/com.termux/files/usr/lib/python3.14/site-packages/urllib3/connectionpool.py", line 847, in urlopen
    retries = retries.increment(
        method, url, error=new_e, _pool=self, _stacktrace=sys.exc_info()[2]
    )
  File "/data/data/com.termux/files/usr/lib/python3.14/site-packages/urllib3/util/retry.py", line 510, in increment
    raise reraise(type(error), error, _stacktrace)
          ~~~~~~~^^^^^^^^^^^^^^^^^^^^^^^^^^^^^^^^^
  File "/data/data/com.termux/files/usr/lib/python3.14/site-packages/urllib3/util/util.py", line 38, in reraise
    raise value.with_traceback(tb)
  File "/data/data/com.termux/files/usr/lib/python3.14/site-packages/urllib3/connectionpool.py", line 793, in urlopen
    response = self._make_request(
        conn,
    ...<10 lines>...
        **response_kw,
    )
  File "/data/data/com.termux/files/usr/lib/python3.14/site-packages/urllib3/connectionpool.py", line 540, in _make_request
    response = conn.getresponse()
  File "/data/data/com.termux/files/usr/lib/python3.14/site-packages/urllib3/connection.py", line 638, in getresponse
    httplib_response = super().getresponse()
  File "/data/data/com.termux/files/usr/lib/python3.14/http/client.py", line 1459, in getresponse
    response.begin()
    ~~~~~~~~~~~~~~^^
  File "/data/data/com.termux/files/usr/lib/python3.14/http/client.py", line 336, in begin
    version, status, reason = self._read_status()
                              ~~~~~~~~~~~~~~~~~^^
  File "/data/data/com.termux/files/usr/lib/python3.14/http/client.py", line 297, in _read_status
    line = str(self.fp.readline(_MAXLINE + 1), "iso-8859-1")
               ~~~~~~~~~~~~~~~~^^^^^^^^^^^^^^
  File "/data/data/com.termux/files/usr/lib/python3.14/socket.py", line 729, in readinto
    return self._sock.recv_into(b)
           ~~~~~~~~~~~~~~~~~~~~^^^
  File "/data/data/com.termux/files/usr/lib/python3.14/ssl.py", line 1304, in recv_into
    return self.read(nbytes, buffer)
           ~~~~~~~~~^^^^^^^^^^^^^^^^
  File "/data/data/com.termux/files/usr/lib/python3.14/ssl.py", line 1138, in read
    return self._sslobj.read(len, buffer)
           ~~~~~~~~~~~~~~~~~^^^^^^^^^^^^^
urllib3.exceptions.ProtocolError: ('Connection aborted.', ConnectionResetError(104, 'Connection reset by peer'))

During handling of the above exception, another exception occurred:

Traceback (most recent call last):
  File "/data/data/com.termux/files/usr/lib/python3.14/site-packages/telebot/__init__.py", line 1149, in infinity_polling
    self.polling(non_stop=True, timeout=timeout, long_polling_timeout=long_polling_timeout,
    ~~~~~~~~~~~~^^^^^^^^^^^^^^^^^^^^^^^^^^^^^^^^^^^^^^^^^^^^^^^^^^^^^^^^^^^^^^^^^^^^^^^^^^^
                 logger_level=logger_level, allowed_updates=allowed_updates, restart_on_change=False,
                 ^^^^^^^^^^^^^^^^^^^^^^^^^^^^^^^^^^^^^^^^^^^^^^^^^^^^^^^^^^^^^^^^^^^^^^^^^^^^^^^^^^^^
                 *args, **kwargs)
                 ^^^^^^^^^^^^^^^^
  File "/data/data/com.termux/files/usr/lib/python3.14/site-packages/telebot/__init__.py", line 1237, in polling
    self.__threaded_polling(non_stop=non_stop, interval=interval, timeout=timeout, long_polling_timeout=long_polling_timeout,
    ~~~~~~~~~~~~~~~~~~~~~~~^^^^^^^^^^^^^^^^^^^^^^^^^^^^^^^^^^^^^^^^^^^^^^^^^^^^^^^^^^^^^^^^^^^^^^^^^^^^^^^^^^^^^^^^^^^^^^^^^^
                            logger_level=logger_level, allowed_updates=allowed_updates)
                            ^^^^^^^^^^^^^^^^^^^^^^^^^^^^^^^^^^^^^^^^^^^^^^^^^^^^^^^^^^^
  File "/data/data/com.termux/files/usr/lib/python3.14/site-packages/telebot/__init__.py", line 1312, in __threaded_polling
    raise e
  File "/data/data/com.termux/files/usr/lib/python3.14/site-packages/telebot/__init__.py", line 1273, in __threaded_polling
    polling_thread.raise_exceptions()
    ~~~~~~~~~~~~~~~~~~~~~~~~~~~~~~~^^
  File "/data/data/com.termux/files/usr/lib/python3.14/site-packages/telebot/util.py", line 116, in raise_exceptions
    raise self.exception_info
  File "/data/data/com.termux/files/usr/lib/python3.14/site-packages/telebot/util.py", line 98, in run
    task(*args, **kwargs)
    ~~~~^^^^^^^^^^^^^^^^^
  File "/data/data/com.termux/files/usr/lib/python3.14/site-packages/telebot/__init__.py", line 691, in __retrieve_updates
    updates = self.get_updates(offset=(self.last_update_id + 1),
                               allowed_updates=allowed_updates,
                               timeout=timeout, long_polling_timeout=long_polling_timeout)
  File "/data/data/com.termux/files/usr/lib/python3.14/site-packages/telebot/__init__.py", line 663, in get_updates
    json_updates = apihelper.get_updates(
        self.token, offset=offset, limit=limit, timeout=timeout, allowed_updates=allowed_updates,
        long_polling_timeout=long_polling_timeout)
  File "/data/data/com.termux/files/usr/lib/python3.14/site-packages/telebot/apihelper.py", line 382, in get_updates
    return _make_request(token, method_url, params=payload)
  File "/data/data/com.termux/files/usr/lib/python3.14/site-packages/telebot/apihelper.py", line 162, in _make_request
    result = _get_req_session().request(
        method, request_url, params=params, files=files,
        timeout=(connect_timeout, read_timeout), proxies=proxy)
  File "/data/data/com.termux/files/usr/lib/python3.14/site-packages/requests/sessions.py", line 651, in request
    resp = self.send(prep, **send_kwargs)
  File "/data/data/com.termux/files/usr/lib/python3.14/site-packages/requests/sessions.py", line 784, in send
    r = adapter.send(request, **kwargs)
  File "/data/data/com.termux/files/usr/lib/python3.14/site-packages/requests/adapters.py", line 711, in send
    raise ConnectionError(err, request=request)
requests.exceptions.ConnectionError: ('Connection aborted.', ConnectionResetError(104, 'Connection reset by peer'))
"
2026-09-27 09:00:29,726 (__init__.py:1154 TelegramBotPoll) ERROR - TeleBot: "Infinity polling exception: ('Connection aborted.', ConnectionResetError(104, 'Connection reset by peer'))"
2026-09-27 09:00:29,752 (__init__.py:1156 TelegramBotPoll) ERROR - TeleBot: "Exception traceback:
Traceback (most recent call last):
  File "/data/data/com.termux/files/usr/lib/python3.14/site-packages/urllib3/connectionpool.py", line 793, in urlopen
    response = self._make_request(
        conn,
    ...<10 lines>...
        **response_kw,
    )
  File "/data/data/com.termux/files/usr/lib/python3.14/site-packages/urllib3/connectionpool.py", line 540, in _make_request
    response = conn.getresponse()
  File "/data/data/com.termux/files/usr/lib/python3.14/site-packages/urllib3/connection.py", line 638, in getresponse
    httplib_response = super().getresponse()
  File "/data/data/com.termux/files/usr/lib/python3.14/http/client.py", line 1459, in getresponse
    response.begin()
    ~~~~~~~~~~~~~~^^
  File "/data/data/com.termux/files/usr/lib/python3.14/http/client.py", line 336, in begin
    version, status, reason = self._read_status()
                              ~~~~~~~~~~~~~~~~~^^
  File "/data/data/com.termux/files/usr/lib/python3.14/http/client.py", line 297, in _read_status
    line = str(self.fp.readline(_MAXLINE + 1), "iso-8859-1")
               ~~~~~~~~~~~~~~~~^^^^^^^^^^^^^^
  File "/data/data/com.termux/files/usr/lib/python3.14/socket.py", line 729, in readinto
    return self._sock.recv_into(b)
           ~~~~~~~~~~~~~~~~~~~~^^^
  File "/data/data/com.termux/files/usr/lib/python3.14/ssl.py", line 1304, in recv_into
    return self.read(nbytes, buffer)
           ~~~~~~~~~^^^^^^^^^^^^^^^^
  File "/data/data/com.termux/files/usr/lib/python3.14/ssl.py", line 1138, in read
    return self._sslobj.read(len, buffer)
           ~~~~~~~~~~~~~~~~~^^^^^^^^^^^^^
ConnectionResetError: [Errno 104] Connection reset by peer

During handling of the above exception, another exception occurred:

Traceback (most recent call last):
  File "/data/data/com.termux/files/usr/lib/python3.14/site-packages/requests/adapters.py", line 696, in send
    resp = conn.urlopen(
        method=request.method,
    ...<9 lines>...
        chunked=chunked,
    )
  File "/data/data/com.termux/files/usr/lib/python3.14/site-packages/urllib3/connectionpool.py", line 847, in urlopen
    retries = retries.increment(
        method, url, error=new_e, _pool=self, _stacktrace=sys.exc_info()[2]
    )
  File "/data/data/com.termux/files/usr/lib/python3.14/site-packages/urllib3/util/retry.py", line 510, in increment
    raise reraise(type(error), error, _stacktrace)
          ~~~~~~~^^^^^^^^^^^^^^^^^^^^^^^^^^^^^^^^^
  File "/data/data/com.termux/files/usr/lib/python3.14/site-packages/urllib3/util/util.py", line 38, in reraise
    raise value.with_traceback(tb)
  File "/data/data/com.termux/files/usr/lib/python3.14/site-packages/urllib3/connectionpool.py", line 793, in urlopen
    response = self._make_request(
        conn,
    ...<10 lines>...
        **response_kw,
    )
  File "/data/data/com.termux/files/usr/lib/python3.14/site-packages/urllib3/connectionpool.py", line 540, in _make_request
    response = conn.getresponse()
  File "/data/data/com.termux/files/usr/lib/python3.14/site-packages/urllib3/connection.py", line 638, in getresponse
    httplib_response = super().getresponse()
  File "/data/data/com.termux/files/usr/lib/python3.14/http/client.py", line 1459, in getresponse
    response.begin()
    ~~~~~~~~~~~~~~^^
  File "/data/data/com.termux/files/usr/lib/python3.14/http/client.py", line 336, in begin
    version, status, reason = self._read_status()
                              ~~~~~~~~~~~~~~~~~^^
  File "/data/data/com.termux/files/usr/lib/python3.14/http/client.py", line 297, in _read_status
    line = str(self.fp.readline(_MAXLINE + 1), "iso-8859-1")
               ~~~~~~~~~~~~~~~~^^^^^^^^^^^^^^
  File "/data/data/com.termux/files/usr/lib/python3.14/socket.py", line 729, in readinto
    return self._sock.recv_into(b)
           ~~~~~~~~~~~~~~~~~~~~^^^
  File "/data/data/com.termux/files/usr/lib/python3.14/ssl.py", line 1304, in recv_into
    return self.read(nbytes, buffer)
           ~~~~~~~~~^^^^^^^^^^^^^^^^
  File "/data/data/com.termux/files/usr/lib/python3.14/ssl.py", line 1138, in read
    return self._sslobj.read(len, buffer)
           ~~~~~~~~~~~~~~~~~^^^^^^^^^^^^^
urllib3.exceptions.ProtocolError: ('Connection aborted.', ConnectionResetError(104, 'Connection reset by peer'))

During handling of the above exception, another exception occurred:

Traceback (most recent call last):
  File "/data/data/com.termux/files/usr/lib/python3.14/site-packages/telebot/__init__.py", line 1149, in infinity_polling
    self.polling(non_stop=True, timeout=timeout, long_polling_timeout=long_polling_timeout,
    ~~~~~~~~~~~~^^^^^^^^^^^^^^^^^^^^^^^^^^^^^^^^^^^^^^^^^^^^^^^^^^^^^^^^^^^^^^^^^^^^^^^^^^^
                 logger_level=logger_level, allowed_updates=allowed_updates, restart_on_change=False,
                 ^^^^^^^^^^^^^^^^^^^^^^^^^^^^^^^^^^^^^^^^^^^^^^^^^^^^^^^^^^^^^^^^^^^^^^^^^^^^^^^^^^^^
                 *args, **kwargs)
                 ^^^^^^^^^^^^^^^^
  File "/data/data/com.termux/files/usr/lib/python3.14/site-packages/telebot/__init__.py", line 1237, in polling
    self.__threaded_polling(non_stop=non_stop, interval=interval, timeout=timeout, long_polling_timeout=long_polling_timeout,
    ~~~~~~~~~~~~~~~~~~~~~~~^^^^^^^^^^^^^^^^^^^^^^^^^^^^^^^^^^^^^^^^^^^^^^^^^^^^^^^^^^^^^^^^^^^^^^^^^^^^^^^^^^^^^^^^^^^^^^^^^^
                            logger_level=logger_level, allowed_updates=allowed_updates)
                            ^^^^^^^^^^^^^^^^^^^^^^^^^^^^^^^^^^^^^^^^^^^^^^^^^^^^^^^^^^^
  File "/data/data/com.termux/files/usr/lib/python3.14/site-packages/telebot/__init__.py", line 1312, in __threaded_polling
    raise e
  File "/data/data/com.termux/files/usr/lib/python3.14/site-packages/telebot/__init__.py", line 1273, in __threaded_polling
    polling_thread.raise_exceptions()
    ~~~~~~~~~~~~~~~~~~~~~~~~~~~~~~~^^
  File "/data/data/com.termux/files/usr/lib/python3.14/site-packages/telebot/util.py", line 116, in raise_exceptions
    raise self.exception_info
  File "/data/data/com.termux/files/usr/lib/python3.14/site-packages/telebot/util.py", line 98, in run
    task(*args, **kwargs)
    ~~~~^^^^^^^^^^^^^^^^^
  File "/data/data/com.termux/files/usr/lib/python3.14/site-packages/telebot/__init__.py", line 691, in __retrieve_updates
    updates = self.get_updates(offset=(self.last_update_id + 1),
                               allowed_updates=allowed_updates,
                               timeout=timeout, long_polling_timeout=long_polling_timeout)
  File "/data/data/com.termux/files/usr/lib/python3.14/site-packages/telebot/__init__.py", line 663, in get_updates
    json_updates = apihelper.get_updates(
        self.token, offset=offset, limit=limit, timeout=timeout, allowed_updates=allowed_updates,
        long_polling_timeout=long_polling_timeout)
  File "/data/data/com.termux/files/usr/lib/python3.14/site-packages/telebot/apihelper.py", line 382, in get_updates
    return _make_request(token, method_url, params=payload)
  File "/data/data/com.termux/files/usr/lib/python3.14/site-packages/telebot/apihelper.py", line 162, in _make_request
    result = _get_req_session().request(
        method, request_url, params=params, files=files,
        timeout=(connect_timeout, read_timeout), proxies=proxy)
  File "/data/data/com.termux/files/usr/lib/python3.14/site-packages/requests/sessions.py", line 651, in request
    resp = self.send(prep, **send_kwargs)
  File "/data/data/com.termux/files/usr/lib/python3.14/site-packages/requests/sessions.py", line 784, in send
    r = adapter.send(request, **kwargs)
  File "/data/data/com.termux/files/usr/lib/python3.14/site-packages/requests/adapters.py", line 711, in send
    raise ConnectionError(err, request=request)
requests.exceptions.ConnectionError: ('Connection aborted.', ConnectionResetError(104, 'Connection reset by peer'))
"
2026-09-27 09:00:42,452 (__init__.py:1154 TelegramBotPoll) ERROR - TeleBot: "Infinity polling exception: ('Connection aborted.', ConnectionResetError(104, 'Connection reset by peer'))"
2026-09-27 09:00:42,470 (__init__.py:1156 TelegramBotPoll) ERROR - TeleBot: "Exception traceback:
Traceback (most recent call last):
  File "/data/data/com.termux/files/usr/lib/python3.14/site-packages/urllib3/connectionpool.py", line 793, in urlopen
    response = self._make_request(
        conn,
    ...<10 lines>...
        **response_kw,
    )
  File "/data/data/com.termux/files/usr/lib/python3.14/site-packages/urllib3/connectionpool.py", line 540, in _make_request
    response = conn.getresponse()
  File "/data/data/com.termux/files/usr/lib/python3.14/site-packages/urllib3/connection.py", line 638, in getresponse
    httplib_response = super().getresponse()
  File "/data/data/com.termux/files/usr/lib/python3.14/http/client.py", line 1459, in getresponse
    response.begin()
    ~~~~~~~~~~~~~~^^
  File "/data/data/com.termux/files/usr/lib/python3.14/http/client.py", line 336, in begin
    version, status, reason = self._read_status()
                              ~~~~~~~~~~~~~~~~~^^
  File "/data/data/com.termux/files/usr/lib/python3.14/http/client.py", line 297, in _read_status
    line = str(self.fp.readline(_MAXLINE + 1), "iso-8859-1")
               ~~~~~~~~~~~~~~~~^^^^^^^^^^^^^^
  File "/data/data/com.termux/files/usr/lib/python3.14/socket.py", line 729, in readinto
    return self._sock.recv_into(b)
           ~~~~~~~~~~~~~~~~~~~~^^^
  File "/data/data/com.termux/files/usr/lib/python3.14/ssl.py", line 1304, in recv_into
    return self.read(nbytes, buffer)
           ~~~~~~~~~^^^^^^^^^^^^^^^^
  File "/data/data/com.termux/files/usr/lib/python3.14/ssl.py", line 1138, in read
    return self._sslobj.read(len, buffer)
           ~~~~~~~~~~~~~~~~~^^^^^^^^^^^^^
ConnectionResetError: [Errno 104] Connection reset by peer

During handling of the above exception, another exception occurred:

Traceback (most recent call last):
  File "/data/data/com.termux/files/usr/lib/python3.14/site-packages/requests/adapters.py", line 696, in send
    resp = conn.urlopen(
        method=request.method,
    ...<9 lines>...
        chunked=chunked,
    )
  File "/data/data/com.termux/files/usr/lib/python3.14/site-packages/urllib3/connectionpool.py", line 847, in urlopen
    retries = retries.increment(
        method, url, error=new_e, _pool=self, _stacktrace=sys.exc_info()[2]
    )
  File "/data/data/com.termux/files/usr/lib/python3.14/site-packages/urllib3/util/retry.py", line 510, in increment
    raise reraise(type(error), error, _stacktrace)
          ~~~~~~~^^^^^^^^^^^^^^^^^^^^^^^^^^^^^^^^^
  File "/data/data/com.termux/files/usr/lib/python3.14/site-packages/urllib3/util/util.py", line 38, in reraise
    raise value.with_traceback(tb)
  File "/data/data/com.termux/files/usr/lib/python3.14/site-packages/urllib3/connectionpool.py", line 793, in urlopen
    response = self._make_request(
        conn,
    ...<10 lines>...
        **response_kw,
    )
  File "/data/data/com.termux/files/usr/lib/python3.14/site-packages/urllib3/connectionpool.py", line 540, in _make_request
    response = conn.getresponse()
  File "/data/data/com.termux/files/usr/lib/python3.14/site-packages/urllib3/connection.py", line 638, in getresponse
    httplib_response = super().getresponse()
  File "/data/data/com.termux/files/usr/lib/python3.14/http/client.py", line 1459, in getresponse
    response.begin()
    ~~~~~~~~~~~~~~^^
  File "/data/data/com.termux/files/usr/lib/python3.14/http/client.py", line 336, in begin
    version, status, reason = self._read_status()
                              ~~~~~~~~~~~~~~~~~^^
  File "/data/data/com.termux/files/usr/lib/python3.14/http/client.py", line 297, in _read_status
    line = str(self.fp.readline(_MAXLINE + 1), "iso-8859-1")
               ~~~~~~~~~~~~~~~~^^^^^^^^^^^^^^
  File "/data/data/com.termux/files/usr/lib/python3.14/socket.py", line 729, in readinto
    return self._sock.recv_into(b)
           ~~~~~~~~~~~~~~~~~~~~^^^
  File "/data/data/com.termux/files/usr/lib/python3.14/ssl.py", line 1304, in recv_into
    return self.read(nbytes, buffer)
           ~~~~~~~~~^^^^^^^^^^^^^^^^
  File "/data/data/com.termux/files/usr/lib/python3.14/ssl.py", line 1138, in read
    return self._sslobj.read(len, buffer)
           ~~~~~~~~~~~~~~~~~^^^^^^^^^^^^^
urllib3.exceptions.ProtocolError: ('Connection aborted.', ConnectionResetError(104, 'Connection reset by peer'))

During handling of the above exception, another exception occurred:

Traceback (most recent call last):
  File "/data/data/com.termux/files/usr/lib/python3.14/site-packages/telebot/__init__.py", line 1149, in infinity_polling
    self.polling(non_stop=True, timeout=timeout, long_polling_timeout=long_polling_timeout,
    ~~~~~~~~~~~~^^^^^^^^^^^^^^^^^^^^^^^^^^^^^^^^^^^^^^^^^^^^^^^^^^^^^^^^^^^^^^^^^^^^^^^^^^^
                 logger_level=logger_level, allowed_updates=allowed_updates, restart_on_change=False,
                 ^^^^^^^^^^^^^^^^^^^^^^^^^^^^^^^^^^^^^^^^^^^^^^^^^^^^^^^^^^^^^^^^^^^^^^^^^^^^^^^^^^^^
                 *args, **kwargs)
                 ^^^^^^^^^^^^^^^^
  File "/data/data/com.termux/files/usr/lib/python3.14/site-packages/telebot/__init__.py", line 1237, in polling
    self.__threaded_polling(non_stop=non_stop, interval=interval, timeout=timeout, long_polling_timeout=long_polling_timeout,
    ~~~~~~~~~~~~~~~~~~~~~~~^^^^^^^^^^^^^^^^^^^^^^^^^^^^^^^^^^^^^^^^^^^^^^^^^^^^^^^^^^^^^^^^^^^^^^^^^^^^^^^^^^^^^^^^^^^^^^^^^^
                            logger_level=logger_level, allowed_updates=allowed_updates)
                            ^^^^^^^^^^^^^^^^^^^^^^^^^^^^^^^^^^^^^^^^^^^^^^^^^^^^^^^^^^^
  File "/data/data/com.termux/files/usr/lib/python3.14/site-packages/telebot/__init__.py", line 1312, in __threaded_polling
    raise e
  File "/data/data/com.termux/files/usr/lib/python3.14/site-packages/telebot/__init__.py", line 1273, in __threaded_polling
    polling_thread.raise_exceptions()
    ~~~~~~~~~~~~~~~~~~~~~~~~~~~~~~~^^
  File "/data/data/com.termux/files/usr/lib/python3.14/site-packages/telebot/util.py", line 116, in raise_exceptions
    raise self.exception_info
  File "/data/data/com.termux/files/usr/lib/python3.14/site-packages/telebot/util.py", line 98, in run
    task(*args, **kwargs)
    ~~~~^^^^^^^^^^^^^^^^^
  File "/data/data/com.termux/files/usr/lib/python3.14/site-packages/telebot/__init__.py", line 691, in __retrieve_updates
    updates = self.get_updates(offset=(self.last_update_id + 1),
                               allowed_updates=allowed_updates,
                               timeout=timeout, long_polling_timeout=long_polling_timeout)
  File "/data/data/com.termux/files/usr/lib/python3.14/site-packages/telebot/__init__.py", line 663, in get_updates
    json_updates = apihelper.get_updates(
        self.token, offset=offset, limit=limit, timeout=timeout, allowed_updates=allowed_updates,
        long_polling_timeout=long_polling_timeout)
  File "/data/data/com.termux/files/usr/lib/python3.14/site-packages/telebot/apihelper.py", line 382, in get_updates
    return _make_request(token, method_url, params=payload)
  File "/data/data/com.termux/files/usr/lib/python3.14/site-packages/telebot/apihelper.py", line 162, in _make_request
    result = _get_req_session().request(
        method, request_url, params=params, files=files,
        timeout=(connect_timeout, read_timeout), proxies=proxy)
  File "/data/data/com.termux/files/usr/lib/python3.14/site-packages/requests/sessions.py", line 651, in request
    resp = self.send(prep, **send_kwargs)
  File "/data/data/com.termux/files/usr/lib/python3.14/site-packages/requests/sessions.py", line 784, in send
    r = adapter.send(request, **kwargs)
  File "/data/data/com.termux/files/usr/lib/python3.14/site-packages/requests/adapters.py", line 711, in send
    raise ConnectionError(err, request=request)
requests.exceptions.ConnectionError: ('Connection aborted.', ConnectionResetError(104, 'Connection reset by peer'))
"
